datetime,pickups,returns,net_flow,station_id,station_name,capacity,date,hour,minute,op_date,daily_cumulative,baseline,status
2026-07-01 05:00:00+00:00,0,0.0,0.0,JC055,McGinley Square,22,2026-07-01,5,0,2026-07-01,0.0,17,in_bounds
2026-07-01 05:15:00+00:00,1,0.0,-1.0,JC055,McGinley Square,22,2026-07-01,5,15,2026-07-01,-1.0,17,in_bounds
2026-07-01 05:30:00+00:00,0,0.0,0.0,JC055,McGinley Square,22,2026-07-01,5,30,2026-07-01,-1.0,17,in_bounds
2026-07-01 05:45:00+00:00,0,0.0,0.0,JC055,McGinley Square,22,2026-07-01,5,45,2026-07-01,-1.0,17,in_bounds
2026-07-01 06:00:00+00:00,0,0.0,0.0,JC055,McGinley Square,22,2026-07-01,6,0,2026-07-01,-1.0,17,in_bounds
2026-07-01 06:15:00+00:00,0,0.0,0.0,JC055,McGinley Square,22,2026-07-01,6,15,2026-07-01,-1.0,17,in_bounds
2026-07-01 06:30:00+00:00,0,0.0,0.0,JC055,McGinley Square,22,2026-07-01,6,30,2026-07-01,-1.0,17,in_bounds
2026-07-01 06:45:00+00:00,0,0.0,0.0,JC055,McGinley Square,22,2026-07-01,6,45,2026-07-01,-1.0,17,in_bounds
2026-07-01 07:00:00+00:00,1,0.0,-1.0,JC055,McGinley Square,22,2026-07-01,7,0,2026-07-01,-2.0,17,in_bounds
2026-07-01 07:15:00+00:00,2,0.0,-2.0,JC055,McGinley Square,22,2026-07-01,7,15,2026-07-01,-4.0,17,in_bounds
2026-07-01 07:30:00+00:00,2,0.0,-2.0,JC055,McGinley Square,22,2026-07-01,7,30,2026-07-01,-6.0,17,in_bounds
2026-07-01 07:45:00+00:00,4,0.0,-4.0,JC055,McGinley Square,22,2026-07-01,7,45,2026-07-01,-10.0,17,in_bounds
2026-07-01 08:00:00+00:00,3,1.0,-2.0,JC055,McGinley Square,22,2026-07-01,8,0,2026-07-01,-12.0,17,in_bounds
2026-07-01 08:15:00+00:00,1,1.0,0.0,JC055,McGinley Square,22,2026-07-01,8,15,2026-07-01,-12.0,17,in_bounds
2026-07-01 08:30:00+00:00,0,1.0,1.0,JC055,McGinley Square,22,2026-07-01,8,30,2026-07-01,-11.0,17,in_bounds
2026-07-01 08:45:00+00:00,2,0.0,-2.0,JC055,McGinley Square,22,2026-07-01,8,45,2026-07-01,-13.0,17,in_bounds
2026-07-01 09:00:00+00:00,0,0.0,0.0,JC055,McGinley Square,22,2026-07-01,9,0,2026-07-01,-13.0,17,in_bounds
2026-07-01 09:15:00+00:00,1,1.0,0.0,JC055,McGinley Square,22,2026-07-01,9,15,2026-07-01,-13.0,17,in_bounds
2026-07-01 09:30:00+00:00,0,0.0,0.0,JC055,McGinley Square,22,2026-07-01,9,30,2026-07-01,-13.0,17,in_bounds
2026-07-01 09:45:00+00:00,0,1.0,1.0,JC055,McGinley Square,22,2026-07-01,9,45,2026-07-01,-12.0,17,in_bounds
2026-07-01 10:00:00+00:00,0,0.0,0.0,JC055,McGinley Square,22,2026-07-01,10,0,2026-07-01,-12.0,17,in_bounds
2026-07-01 10:15:00+00:00,0,0.0,0.0,JC055,McGinley Square,22,2026-07-01,10,15,2026-07-01,-12.0,17,in_bounds
2026-07-01 10:30:00+00:00,0,1.0,1.0,JC055,McGinley Square,22,2026-07-01,10,30,2026-07-01,-11.0,17,in_bounds
2026-07-01 10:45:00+00:00,1,0.0,-1.0,JC055,McGinley Square,22,2026-07-01,10,45,2026-07-01,-12.0,17,in_bounds
2026-07-01 11:00:00+00:00,0,0.0,0.0,JC055,McGinley Square,22,2026-07-01,11,0,2026-07-01,-12.0,17,in_bounds
2026-07-01 11:15:00+00:00,0,1.0,1.0,JC055,McGinley Square,22,2026-07-01,11,15,2026-07-01,-11.0,17,in_bounds
2026-07-01 11:30:00+00:00,1,0.0,-1.0,JC055,McGinley Square,22,2026-07-01,11,30,2026-07-01,-12.0,17,in_bounds
2026-07-01 11:45:00+00:00,0,0.0,0.0,JC055,McGinley Square,22,2026-07-01,11,45,2026-07-01,-12.0,17,in_bounds
2026-07-01 12:00:00+00:00,1,0.0,-1.0,JC055,McGinley Square,22,2026-07-01,12,0,2026-07-01,-13.0,17,in_bounds
2026-07-01 12:15:00+00:00,0,1.0,1.0,JC055,McGinley Square,22,2026-07-01,12,15,2026-07-01,-12.0,17,in_bounds
2026-07-01 12:30:00+00:00,1,0.0,-1.0,JC055,McGinley Square,22,2026-07-01,12,30,2026-07-01,-13.0,17,in_bounds
2026-07-01 12:45:00+00:00,0,0.0,0.0,JC055,McGinley Square,22,2026-07-01,12,45,2026-07-01,-13.0,17,in_bounds
2026-07-01 13:00:00+00:00,0,0.0,0.0,JC055,McGinley Square,22,2026-07-01,13,0,2026-07-01,-13.0,17,in_bounds
2026-07-01 13:15:00+00:00,0,0.0,0.0,JC055,McGinley Square,22,2026-07-01,13,15,2026-07-01,-13.0,17,in_bounds
2026-07-01 13:30:00+00:00,0,0.0,0.0,JC055,McGinley Square,22,2026-07-01,13,30,2026-07-01,-13.0,17,in_bounds
2026-07-01 13:45:00+00:00,0,0.0,0.0,JC055,McGinley Square,22,2026-07-01,13,45,2026-07-01,-13.0,17,in_bounds
2026-07-01 14:00:00+00:00,0,0.0,0.0,JC055,McGinley Square,22,2026-07-01,14,0,2026-07-01,-13.0,17,in_bounds
2026-07-01 14:15:00+00:00,0,0.0,0.0,JC055,McGinley Square,22,2026-07-01,14,15,2026-07-01,-13.0,17,in_bounds
2026-07-01 14:30:00+00:00,0,0.0,0.0,JC055,McGinley Square,22,2026-07-01,14,30,2026-07-01,-13.0,17,in_bounds
2026-07-01 14:45:00+00:00,0,0.0,0.0,JC055,McGinley Square,22,2026-07-01,14,45,2026-07-01,-13.0,17,in_bounds
2026-07-01 15:00:00+00:00,1,2.0,1.0,JC055,McGinley Square,22,2026-07-01,15,0,2026-07-01,-12.0,17,in_bounds
2026-07-01 15:15:00+00:00,0,0.0,0.0,JC055,McGinley Square,22,2026-07-01,15,15,2026-07-01,-12.0,17,in_bounds
2026-07-01 15:30:00+00:00,1,2.0,1.0,JC055,McGinley Square,22,2026-07-01,15,30,2026-07-01,-11.0,17,in_bounds
2026-07-01 15:45:00+00:00,1,0.0,-1.0,JC055,McGinley Square,22,2026-07-01,15,45,2026-07-01,-12.0,17,in_bounds
2026-07-01 16:00:00+00:00,0,1.0,1.0,JC055,McGinley Square,22,2026-07-01,16,0,2026-07-01,-11.0,17,in_bounds
2026-07-01 16:15:00+00:00,0,1.0,1.0,JC055,McGinley Square,22,2026-07-01,16,15,2026-07-01,-10.0,17,in_bounds
2026-07-01 16:30:00+00:00,0,2.0,2.0,JC055,McGinley Square,22,2026-07-01,16,30,2026-07-01,-8.0,17,in_bounds
2026-07-01 16:45:00+00:00,2,0.0,-2.0,JC055,McGinley Square,22,2026-07-01,16,45,2026-07-01,-10.0,17,in_bounds
2026-07-01 17:00:00+00:00,1,1.0,0.0,JC055,McGinley Square,22,2026-07-01,17,0,2026-07-01,-10.0,17,in_bounds
2026-07-01 17:15:00+00:00,2,3.0,1.0,JC055,McGinley Square,22,2026-07-01,17,15,2026-07-01,-9.0,17,in_bounds
2026-07-01 17:30:00+00:00,1,2.0,1.0,JC055,McGinley Square,22,2026-07-01,17,30,2026-07-01,-8.0,17,in_bounds
2026-07-01 17:45:00+00:00,1,1.0,0.0,JC055,McGinley Square,22,2026-07-01,17,45,2026-07-01,-8.0,17,in_bounds
2026-07-01 18:00:00+00:00,0,0.0,0.0,JC055,McGinley Square,22,2026-07-01,18,0,2026-07-01,-8.0,17,in_bounds
2026-07-01 18:15:00+00:00,1,3.0,2.0,JC055,McGinley Square,22,2026-07-01,18,15,2026-07-01,-6.0,17,in_bounds
2026-07-01 18:30:00+00:00,2,1.0,-1.0,JC055,McGinley Square,22,2026-07-01,18,30,2026-07-01,-7.0,17,in_bounds
2026-07-01 18:45:00+00:00,0,1.0,1.0,JC055,McGinley Square,22,2026-07-01,18,45,2026-07-01,-6.0,17,in_bounds
2026-07-01 19:00:00+00:00,3,2.0,-1.0,JC055,McGinley Square,22,2026-07-01,19,0,2026-07-01,-7.0,17,in_bounds
2026-07-01 19:15:00+00:00,0,0.0,0.0,JC055,McGinley Square,22,2026-07-01,19,15,2026-07-01,-7.0,17,in_bounds
2026-07-01 19:30:00+00:00,1,1.0,0.0,JC055,McGinley Square,22,2026-07-01,19,30,2026-07-01,-7.0,17,in_bounds
2026-07-01 19:45:00+00:00,1,1.0,0.0,JC055,McGinley Square,22,2026-07-01,19,45,2026-07-01,-7.0,17,in_bounds
2026-07-01 20:00:00+00:00,1,1.0,0.0,JC055,McGinley Square,22,2026-07-01,20,0,2026-07-01,-7.0,17,in_bounds
2026-07-01 20:15:00+00:00,0,0.0,0.0,JC055,McGinley Square,22,2026-07-01,20,15,2026-07-01,-7.0,17,in_bounds
2026-07-01 20:30:00+00:00,1,0.0,-1.0,JC055,McGinley Square,22,2026-07-01,20,30,2026-07-01,-8.0,17,in_bounds
2026-07-01 20:45:00+00:00,3,1.0,-2.0,JC055,McGinley Square,22,2026-07-01,20,45,2026-07-01,-10.0,17,in_bounds
2026-07-01 21:00:00+00:00,1,3.0,2.0,JC055,McGinley Square,22,2026-07-01,21,0,2026-07-01,-8.0,17,in_bounds
2026-07-01 21:15:00+00:00,1,0.0,-1.0,JC055,McGinley Square,22,2026-07-01,21,15,2026-07-01,-9.0,17,in_bounds
2026-07-01 21:30:00+00:00,1,2.0,1.0,JC055,McGinley Square,22,2026-07-01,21,30,2026-07-01,-8.0,17,in_bounds
2026-07-01 21:45:00+00:00,0,0.0,0.0,JC055,McGinley Square,22,2026-07-01,21,45,2026-07-01,-8.0,17,in_bounds
2026-07-01 22:00:00+00:00,0,0.0,0.0,JC055,McGinley Square,22,2026-07-01,22,0,2026-07-01,-8.0,17,in_bounds
2026-07-01 22:15:00+00:00,0,1.0,1.0,JC055,McGinley Square,22,2026-07-01,22,15,2026-07-01,-7.0,17,in_bounds
2026-07-01 22:30:00+00:00,0,0.0,0.0,JC055,McGinley Square,22,2026-07-01,22,30,2026-07-01,-7.0,17,in_bounds
2026-07-01 22:45:00+00:00,0,0.0,0.0,JC055,McGinley Square,22,2026-07-01,22,45,2026-07-01,-7.0,17,in_bounds
2026-07-01 23:00:00+00:00,0,0.0,0.0,JC055,McGinley Square,22,2026-07-01,23,0,2026-07-01,-7.0,17,in_bounds
2026-07-01 23:15:00+00:00,0,2.0,2.0,JC055,McGinley Square,22,2026-07-01,23,15,2026-07-01,-5.0,17,in_bounds
2026-07-01 23:30:00+00:00,0,0.0,0.0,JC055,McGinley Square,22,2026-07-01,23,30,2026-07-01,-5.0,17,in_bounds
2026-07-01 23:45:00+00:00,0,1.0,1.0,JC055,McGinley Square,22,2026-07-01,23,45,2026-07-01,-4.0,17,in_bounds
2026-07-02 00:00:00+00:00,0,0.0,0.0,JC055,McGinley Square,22,2026-07-02,0,0,2026-07-01,-4.0,17,in_bounds
2026-07-02 00:15:00+00:00,0,0.0,0.0,JC055,McGinley Square,22,2026-07-02,0,15,2026-07-01,-4.0,17,in_bounds
2026-07-02 00:30:00+00:00,0,0.0,0.0,JC055,McGinley Square,22,2026-07-02,0,30,2026-07-01,-4.0,17,in_bounds
2026-07-02 00:45:00+00:00,0,0.0,0.0,JC055,McGinley Square,22,2026-07-02,0,45,2026-07-01,-4.0,17,in_bounds
2026-07-02 01:00:00+00:00,0,0.0,0.0,JC055,McGinley Square,22,2026-07-02,1,0,2026-07-01,-4.0,17,in_bounds
2026-07-02 01:15:00+00:00,0,0.0,0.0,JC055,McGinley Square,22,2026-07-02,1,15,2026-07-01,-4.0,17,in_bounds
2026-07-02 01:30:00+00:00,0,0.0,0.0,JC055,McGinley Square,22,2026-07-02,1,30,2026-07-01,-4.0,17,in_bounds
2026-07-02 01:45:00+00:00,0,1.0,1.0,JC055,McGinley Square,22,2026-07-02,1,45,2026-07-01,-3.0,17,in_bounds
2026-07-02 02:00:00+00:00,0,0.0,0.0,JC055,McGinley Square,22,2026-07-02,2,0,2026-07-01,-3.0,17,in_bounds
2026-07-02 02:15:00+00:00,0,0.0,0.0,JC055,McGinley Square,22,2026-07-02,2,15,2026-07-01,-3.0,17,in_bounds
2026-07-02 02:30:00+00:00,0,0.0,0.0,JC055,McGinley Square,22,2026-07-02,2,30,2026-07-01,-3.0,17,in_bounds
2026-07-02 02:45:00+00:00,0,0.0,0.0,JC055,McGinley Square,22,2026-07-02,2,45,2026-07-01,-3.0,17,in_bounds
2026-07-02 03:00:00+00:00,0,0.0,0.0,JC055,McGinley Square,22,2026-07-02,3,0,2026-07-01,-3.0,17,in_bounds
2026-07-02 03:15:00+00:00,0,0.0,0.0,JC055,McGinley Square,22,2026-07-02,3,15,2026-07-01,-3.0,17,in_bounds
2026-07-02 03:30:00+00:00,0,0.0,0.0,JC055,McGinley Square,22,2026-07-02,3,30,2026-07-01,-3.0,17,in_bounds
2026-07-02 03:45:00+00:00,0,0.0,0.0,JC055,McGinley Square,22,2026-07-02,3,45,2026-07-01,-3.0,17,in_bounds
2026-07-02 04:00:00+00:00,0,0.0,0.0,JC055,McGinley Square,22,2026-07-02,4,0,2026-07-01,-3.0,17,in_bounds
2026-07-02 04:15:00+00:00,0,0.0,0.0,JC055,McGinley Square,22,2026-07-02,4,15,2026-07-01,-3.0,17,in_bounds
2026-07-02 04:30:00+00:00,0,0.0,0.0,JC055,McGinley Square,22,2026-07-02,4,30,2026-07-01,-3.0,17,in_bounds
2026-07-02 04:45:00+00:00,0,0.0,0.0,JC055,McGinley Square,22,2026-07-02,4,45,2026-07-01,-3.0,17,in_bounds
2026-07-02 05:00:00+00:00,0,0.0,0.0,JC055,McGinley Square,22,2026-07-02,5,0,2026-07-02,0.0,17,in_bounds
2026-07-02 05:15:00+00:00,0,0.0,0.0,JC055,McGinley Square,22,2026-07-02,5,15,2026-07-02,0.0,17,in_bounds
2026-07-02 05:30:00+00:00,0,0.0,0.0,JC055,McGinley Square,22,2026-07-02,5,30,2026-07-02,0.0,17,in_bounds
2026-07-02 05:45:00+00:00,0,0.0,0.0,JC055,McGinley Square,22,2026-07-02,5,45,2026-07-02,0.0,17,in_bounds
2026-07-02 06:00:00+00:00,0,0.0,0.0,JC055,McGinley Square,22,2026-07-02,6,0,2026-07-02,0.0,17,in_bounds
2026-07-02 06:15:00+00:00,0,0.0,0.0,JC055,McGinley Square,22,2026-07-02,6,15,2026-07-02,0.0,17,in_bounds
2026-07-02 06:30:00+00:00,0,0.0,0.0,JC055,McGinley Square,22,2026-07-02,6,30,2026-07-02,0.0,17,in_bounds
2026-07-02 06:45:00+00:00,1,0.0,-1.0,JC055,McGinley Square,22,2026-07-02,6,45,2026-07-02,-1.0,17,in_bounds
2026-07-02 07:00:00+00:00,2,0.0,-2.0,JC055,McGinley Square,22,2026-07-02,7,0,2026-07-02,-3.0,17,in_bounds
2026-07-02 07:15:00+00:00,2,0.0,-2.0,JC055,McGinley Square,22,2026-07-02,7,15,2026-07-02,-5.0,17,in_bounds
2026-07-02 07:30:00+00:00,1,0.0,-1.0,JC055,McGinley Square,22,2026-07-02,7,30,2026-07-02,-6.0,17,in_bounds
2026-07-02 07:45:00+00:00,0,0.0,0.0,JC055,McGinley Square,22,2026-07-02,7,45,2026-07-02,-6.0,17,in_bounds
2026-07-02 08:00:00+00:00,0,0.0,0.0,JC055,McGinley Square,22,2026-07-02,8,0,2026-07-02,-6.0,17,in_bounds
2026-07-02 08:15:00+00:00,6,0.0,-6.0,JC055,McGinley Square,22,2026-07-02,8,15,2026-07-02,-12.0,17,in_bounds
2026-07-02 08:30:00+00:00,0,0.0,0.0,JC055,McGinley Square,22,2026-07-02,8,30,2026-07-02,-12.0,17,in_bounds
2026-07-02 08:45:00+00:00,1,0.0,-1.0,JC055,McGinley Square,22,2026-07-02,8,45,2026-07-02,-13.0,17,in_bounds
2026-07-02 09:00:00+00:00,0,0.0,0.0,JC055,McGinley Square,22,2026-07-02,9,0,2026-07-02,-13.0,17,in_bounds
2026-07-02 09:15:00+00:00,2,0.0,-2.0,JC055,McGinley Square,22,2026-07-02,9,15,2026-07-02,-15.0,17,in_bounds
2026-07-02 09:30:00+00:00,5,0.0,-5.0,JC055,McGinley Square,22,2026-07-02,9,30,2026-07-02,-20.0,17,below_zero
2026-07-02 09:45:00+00:00,0,0.0,0.0,JC055,McGinley Square,22,2026-07-02,9,45,2026-07-02,-20.0,17,below_zero
2026-07-02 10:00:00+00:00,0,0.0,0.0,JC055,McGinley Square,22,2026-07-02,10,0,2026-07-02,-20.0,17,below_zero
2026-07-02 10:15:00+00:00,0,1.0,1.0,JC055,McGinley Square,22,2026-07-02,10,15,2026-07-02,-19.0,17,below_zero
2026-07-02 10:30:00+00:00,2,0.0,-2.0,JC055,McGinley Square,22,2026-07-02,10,30,2026-07-02,-21.0,17,below_zero
2026-07-02 10:45:00+00:00,0,0.0,0.0,JC055,McGinley Square,22,2026-07-02,10,45,2026-07-02,-21.0,17,below_zero
2026-07-02 11:00:00+00:00,0,0.0,0.0,JC055,McGinley Square,22,2026-07-02,11,0,2026-07-02,-21.0,17,below_zero
2026-07-02 11:15:00+00:00,0,0.0,0.0,JC055,McGinley Square,22,2026-07-02,11,15,2026-07-02,-21.0,17,below_zero
2026-07-02 11:30:00+00:00,0,0.0,0.0,JC055,McGinley Square,22,2026-07-02,11,30,2026-07-02,-21.0,17,below_zero
2026-07-02 11:45:00+00:00,0,0.0,0.0,JC055,McGinley Square,22,2026-07-02,11,45,2026-07-02,-21.0,17,below_zero
2026-07-02 12:00:00+00:00,0,0.0,0.0,JC055,McGinley Square,22,2026-07-02,12,0,2026-07-02,-21.0,17,below_zero
2026-07-02 12:15:00+00:00,0,0.0,0.0,JC055,McGinley Square,22,2026-07-02,12,15,2026-07-02,-21.0,17,below_zero
2026-07-02 12:30:00+00:00,0,0.0,0.0,JC055,McGinley Square,22,2026-07-02,12,30,2026-07-02,-21.0,17,below_zero
2026-07-02 12:45:00+00:00,0,0.0,0.0,JC055,McGinley Square,22,2026-07-02,12,45,2026-07-02,-21.0,17,below_zero
2026-07-02 13:00:00+00:00,0,1.0,1.0,JC055,McGinley Square,22,2026-07-02,13,0,2026-07-02,-20.0,17,below_zero
2026-07-02 13:15:00+00:00,0,0.0,0.0,JC055,McGinley Square,22,2026-07-02,13,15,2026-07-02,-20.0,17,below_zero
2026-07-02 13:30:00+00:00,0,0.0,0.0,JC055,McGinley Square,22,2026-07-02,13,30,2026-07-02,-20.0,17,below_zero
2026-07-02 13:45:00+00:00,0,0.0,0.0,JC055,McGinley Square,22,2026-07-02,13,45,2026-07-02,-20.0,17,below_zero
2026-07-02 14:00:00+00:00,1,0.0,-1.0,JC055,McGinley Square,22,2026-07-02,14,0,2026-07-02,-21.0,17,below_zero
2026-07-02 14:15:00+00:00,0,0.0,0.0,JC055,McGinley Square,22,2026-07-02,14,15,2026-07-02,-21.0,17,below_zero
2026-07-02 14:30:00+00:00,0,0.0,0.0,JC055,McGinley Square,22,2026-07-02,14,30,2026-07-02,-21.0,17,below_zero
2026-07-02 14:45:00+00:00,0,0.0,0.0,JC055,McGinley Square,22,2026-07-02,14,45,2026-07-02,-21.0,17,below_zero
2026-07-02 15:00:00+00:00,0,1.0,1.0,JC055,McGinley Square,22,2026-07-02,15,0,2026-07-02,-20.0,17,below_zero
2026-07-02 15:15:00+00:00,0,1.0,1.0,JC055,McGinley Square,22,2026-07-02,15,15,2026-07-02,-19.0,17,below_zero
2026-07-02 15:30:00+00:00,2,0.0,-2.0,JC055,McGinley Square,22,2026-07-02,15,30,2026-07-02,-21.0,17,below_zero
2026-07-02 15:45:00+00:00,0,0.0,0.0,JC055,McGinley Square,22,2026-07-02,15,45,2026-07-02,-21.0,17,below_zero
2026-07-02 16:00:00+00:00,0,0.0,0.0,JC055,McGinley Square,22,2026-07-02,16,0,2026-07-02,-21.0,17,below_zero
2026-07-02 16:15:00+00:00,0,0.0,0.0,JC055,McGinley Square,22,2026-07-02,16,15,2026-07-02,-21.0,17,below_zero
2026-07-02 16:30:00+00:00,0,1.0,1.0,JC055,McGinley Square,22,2026-07-02,16,30,2026-07-02,-20.0,17,below_zero
2026-07-02 16:45:00+00:00,0,0.0,0.0,JC055,McGinley Square,22,2026-07-02,16,45,2026-07-02,-20.0,17,below_zero
2026-07-02 17:00:00+00:00,0,3.0,3.0,JC055,McGinley Square,22,2026-07-02,17,0,2026-07-02,-17.0,17,in_bounds
2026-07-02 17:15:00+00:00,1,0.0,-1.0,JC055,McGinley Square,22,2026-07-02,17,15,2026-07-02,-18.0,17,below_zero
2026-07-02 17:30:00+00:00,2,0.0,-2.0,JC055,McGinley Square,22,2026-07-02,17,30,2026-07-02,-20.0,17,below_zero
2026-07-02 17:45:00+00:00,1,3.0,2.0,JC055,McGinley Square,22,2026-07-02,17,45,2026-07-02,-18.0,17,below_zero
2026-07-02 18:00:00+00:00,3,0.0,-3.0,JC055,McGinley Square,22,2026-07-02,18,0,2026-07-02,-21.0,17,below_zero
2026-07-02 18:15:00+00:00,0,1.0,1.0,JC055,McGinley Square,22,2026-07-02,18,15,2026-07-02,-20.0,17,below_zero
2026-07-02 18:30:00+00:00,1,0.0,-1.0,JC055,McGinley Square,22,2026-07-02,18,30,2026-07-02,-21.0,17,below_zero
2026-07-02 18:45:00+00:00,1,2.0,1.0,JC055,McGinley Square,22,2026-07-02,18,45,2026-07-02,-20.0,17,below_zero
2026-07-02 19:00:00+00:00,0,0.0,0.0,JC055,McGinley Square,22,2026-07-02,19,0,2026-07-02,-20.0,17,below_zero
2026-07-02 19:15:00+00:00,0,1.0,1.0,JC055,McGinley Square,22,2026-07-02,19,15,2026-07-02,-19.0,17,below_zero
2026-07-02 19:30:00+00:00,0,1.0,1.0,JC055,McGinley Square,22,2026-07-02,19,30,2026-07-02,-18.0,17,below_zero
2026-07-02 19:45:00+00:00,2,0.0,-2.0,JC055,McGinley Square,22,2026-07-02,19,45,2026-07-02,-20.0,17,below_zero
2026-07-02 20:00:00+00:00,0,1.0,1.0,JC055,McGinley Square,22,2026-07-02,20,0,2026-07-02,-19.0,17,below_zero
2026-07-02 20:15:00+00:00,1,0.0,-1.0,JC055,McGinley Square,22,2026-07-02,20,15,2026-07-02,-20.0,17,below_zero
2026-07-02 20:30:00+00:00,0,0.0,0.0,JC055,McGinley Square,22,2026-07-02,20,30,2026-07-02,-20.0,17,below_zero
2026-07-02 20:45:00+00:00,0,0.0,0.0,JC055,McGinley Square,22,2026-07-02,20,45,2026-07-02,-20.0,17,below_zero
2026-07-02 21:00:00+00:00,1,0.0,-1.0,JC055,McGinley Square,22,2026-07-02,21,0,2026-07-02,-21.0,17,below_zero
2026-07-02 21:15:00+00:00,0,2.0,2.0,JC055,McGinley Square,22,2026-07-02,21,15,2026-07-02,-19.0,17,below_zero
2026-07-02 21:30:00+00:00,1,0.0,-1.0,JC055,McGinley Square,22,2026-07-02,21,30,2026-07-02,-20.0,17,below_zero
2026-07-02 21:45:00+00:00,0,1.0,1.0,JC055,McGinley Square,22,2026-07-02,21,45,2026-07-02,-19.0,17,below_zero
2026-07-02 22:00:00+00:00,0,0.0,0.0,JC055,McGinley Square,22,2026-07-02,22,0,2026-07-02,-19.0,17,below_zero
2026-07-02 22:15:00+00:00,0,1.0,1.0,JC055,McGinley Square,22,2026-07-02,22,15,2026-07-02,-18.0,17,below_zero
2026-07-02 22:30:00+00:00,0,0.0,0.0,JC055,McGinley Square,22,2026-07-02,22,30,2026-07-02,-18.0,17,below_zero
2026-07-02 22:45:00+00:00,1,0.0,-1.0,JC055,McGinley Square,22,2026-07-02,22,45,2026-07-02,-19.0,17,below_zero
2026-07-02 23:00:00+00:00,0,1.0,1.0,JC055,McGinley Square,22,2026-07-02,23,0,2026-07-02,-18.0,17,below_zero
2026-07-02 23:15:00+00:00,0,0.0,0.0,JC055,McGinley Square,22,2026-07-02,23,15,2026-07-02,-18.0,17,below_zero
2026-07-02 23:30:00+00:00,0,0.0,0.0,JC055,McGinley Square,22,2026-07-02,23,30,2026-07-02,-18.0,17,below_zero
2026-07-02 23:45:00+00:00,0,1.0,1.0,JC055,McGinley Square,22,2026-07-02,23,45,2026-07-02,-17.0,17,in_bounds
2026-07-03 00:00:00+00:00,0,0.0,0.0,JC055,McGinley Square,22,2026-07-03,0,0,2026-07-02,-17.0,17,in_bounds
2026-07-03 00:15:00+00:00,0,0.0,0.0,JC055,McGinley Square,22,2026-07-03,0,15,2026-07-02,-17.0,17,in_bounds
2026-07-03 00:30:00+00:00,0,0.0,0.0,JC055,McGinley Square,22,2026-07-03,0,30,2026-07-02,-17.0,17,in_bounds
2026-07-03 00:45:00+00:00,0,1.0,1.0,JC055,McGinley Square,22,2026-07-03,0,45,2026-07-02,-16.0,17,in_bounds
2026-07-03 01:00:00+00:00,0,0.0,0.0,JC055,McGinley Square,22,2026-07-03,1,0,2026-07-02,-16.0,17,in_bounds
2026-07-03 01:15:00+00:00,0,0.0,0.0,JC055,McGinley Square,22,2026-07-03,1,15,2026-07-02,-16.0,17,in_bounds
2026-07-03 01:30:00+00:00,0,0.0,0.0,JC055,McGinley Square,22,2026-07-03,1,30,2026-07-02,-16.0,17,in_bounds
2026-07-03 01:45:00+00:00,0,0.0,0.0,JC055,McGinley Square,22,2026-07-03,1,45,2026-07-02,-16.0,17,in_bounds
2026-07-03 02:00:00+00:00,0,0.0,0.0,JC055,McGinley Square,22,2026-07-03,2,0,2026-07-02,-16.0,17,in_bounds
2026-07-03 02:15:00+00:00,0,0.0,0.0,JC055,McGinley Square,22,2026-07-03,2,15,2026-07-02,-16.0,17,in_bounds
2026-07-03 02:30:00+00:00,0,0.0,0.0,JC055,McGinley Square,22,2026-07-03,2,30,2026-07-02,-16.0,17,in_bounds
2026-07-03 02:45:00+00:00,0,0.0,0.0,JC055,McGinley Square,22,2026-07-03,2,45,2026-07-02,-16.0,17,in_bounds
2026-07-03 03:00:00+00:00,0,0.0,0.0,JC055,McGinley Square,22,2026-07-03,3,0,2026-07-02,-16.0,17,in_bounds
2026-07-03 03:15:00+00:00,0,0.0,0.0,JC055,McGinley Square,22,2026-07-03,3,15,2026-07-02,-16.0,17,in_bounds
2026-07-03 03:30:00+00:00,0,0.0,0.0,JC055,McGinley Square,22,2026-07-03,3,30,2026-07-02,-16.0,17,in_bounds
2026-07-03 03:45:00+00:00,0,0.0,0.0,JC055,McGinley Square,22,2026-07-03,3,45,2026-07-02,-16.0,17,in_bounds
2026-07-03 04:00:00+00:00,0,0.0,0.0,JC055,McGinley Square,22,2026-07-03,4,0,2026-07-02,-16.0,17,in_bounds
2026-07-03 04:15:00+00:00,0,0.0,0.0,JC055,McGinley Square,22,2026-07-03,4,15,2026-07-02,-16.0,17,in_bounds
2026-07-03 04:30:00+00:00,0,0.0,0.0,JC055,McGinley Square,22,2026-07-03,4,30,2026-07-02,-16.0,17,in_bounds
2026-07-03 04:45:00+00:00,0,0.0,0.0,JC055,McGinley Square,22,2026-07-03,4,45,2026-07-02,-16.0,17,in_bounds
2026-07-03 05:00:00+00:00,0,0.0,0.0,JC055,McGinley Square,22,2026-07-03,5,0,2026-07-03,0.0,17,in_bounds
2026-07-03 05:15:00+00:00,0,0.0,0.0,JC055,McGinley Square,22,2026-07-03,5,15,2026-07-03,0.0,17,in_bounds
2026-07-03 05:30:00+00:00,0,0.0,0.0,JC055,McGinley Square,22,2026-07-03,5,30,2026-07-03,0.0,17,in_bounds
2026-07-03 05:45:00+00:00,0,0.0,0.0,JC055,McGinley Square,22,2026-07-03,5,45,2026-07-03,0.0,17,in_bounds
2026-07-03 06:00:00+00:00,0,0.0,0.0,JC055,McGinley Square,22,2026-07-03,6,0,2026-07-03,0.0,17,in_bounds
2026-07-03 06:15:00+00:00,0,0.0,0.0,JC055,McGinley Square,22,2026-07-03,6,15,2026-07-03,0.0,17,in_bounds
2026-07-03 06:30:00+00:00,0,0.0,0.0,JC055,McGinley Square,22,2026-07-03,6,30,2026-07-03,0.0,17,in_bounds
2026-07-03 06:45:00+00:00,0,0.0,0.0,JC055,McGinley Square,22,2026-07-03,6,45,2026-07-03,0.0,17,in_bounds
2026-07-03 07:00:00+00:00,2,0.0,-2.0,JC055,McGinley Square,22,2026-07-03,7,0,2026-07-03,-2.0,17,in_bounds
2026-07-03 07:15:00+00:00,0,0.0,0.0,JC055,McGinley Square,22,2026-07-03,7,15,2026-07-03,-2.0,17,in_bounds
2026-07-03 07:30:00+00:00,0,0.0,0.0,JC055,McGinley Square,22,2026-07-03,7,30,2026-07-03,-2.0,17,in_bounds
2026-07-03 07:45:00+00:00,0,0.0,0.0,JC055,McGinley Square,22,2026-07-03,7,45,2026-07-03,-2.0,17,in_bounds
2026-07-03 08:00:00+00:00,0,0.0,0.0,JC055,McGinley Square,22,2026-07-03,8,0,2026-07-03,-2.0,17,in_bounds
2026-07-03 08:15:00+00:00,1,0.0,-1.0,JC055,McGinley Square,22,2026-07-03,8,15,2026-07-03,-3.0,17,in_bounds
2026-07-03 08:30:00+00:00,0,0.0,0.0,JC055,McGinley Square,22,2026-07-03,8,30,2026-07-03,-3.0,17,in_bounds
2026-07-03 08:45:00+00:00,0,0.0,0.0,JC055,McGinley Square,22,2026-07-03,8,45,2026-07-03,-3.0,17,in_bounds
2026-07-03 09:00:00+00:00,1,0.0,-1.0,JC055,McGinley Square,22,2026-07-03,9,0,2026-07-03,-4.0,17,in_bounds
2026-07-03 09:15:00+00:00,0,0.0,0.0,JC055,McGinley Square,22,2026-07-03,9,15,2026-07-03,-4.0,17,in_bounds
2026-07-03 09:30:00+00:00,0,1.0,1.0,JC055,McGinley Square,22,2026-07-03,9,30,2026-07-03,-3.0,17,in_bounds
2026-07-03 09:45:00+00:00,0,0.0,0.0,JC055,McGinley Square,22,2026-07-03,9,45,2026-07-03,-3.0,17,in_bounds
2026-07-03 10:00:00+00:00,0,0.0,0.0,JC055,McGinley Square,22,2026-07-03,10,0,2026-07-03,-3.0,17,in_bounds
2026-07-03 10:15:00+00:00,0,0.0,0.0,JC055,McGinley Square,22,2026-07-03,10,15,2026-07-03,-3.0,17,in_bounds
2026-07-03 10:30:00+00:00,0,0.0,0.0,JC055,McGinley Square,22,2026-07-03,10,30,2026-07-03,-3.0,17,in_bounds
2026-07-03 10:45:00+00:00,1,0.0,-1.0,JC055,McGinley Square,22,2026-07-03,10,45,2026-07-03,-4.0,17,in_bounds
2026-07-03 11:00:00+00:00,0,1.0,1.0,JC055,McGinley Square,22,2026-07-03,11,0,2026-07-03,-3.0,17,in_bounds
2026-07-03 11:15:00+00:00,1,1.0,0.0,JC055,McGinley Square,22,2026-07-03,11,15,2026-07-03,-3.0,17,in_bounds
2026-07-03 11:30:00+00:00,0,0.0,0.0,JC055,McGinley Square,22,2026-07-03,11,30,2026-07-03,-3.0,17,in_bounds
2026-07-03 11:45:00+00:00,0,0.0,0.0,JC055,McGinley Square,22,2026-07-03,11,45,2026-07-03,-3.0,17,in_bounds
2026-07-03 12:00:00+00:00,0,0.0,0.0,JC055,McGinley Square,22,2026-07-03,12,0,2026-07-03,-3.0,17,in_bounds
2026-07-03 12:15:00+00:00,1,0.0,-1.0,JC055,McGinley Square,22,2026-07-03,12,15,2026-07-03,-4.0,17,in_bounds
2026-07-03 12:30:00+00:00,0,0.0,0.0,JC055,McGinley Square,22,2026-07-03,12,30,2026-07-03,-4.0,17,in_bounds
2026-07-03 12:45:00+00:00,0,0.0,0.0,JC055,McGinley Square,22,2026-07-03,12,45,2026-07-03,-4.0,17,in_bounds
2026-07-03 13:00:00+00:00,0,0.0,0.0,JC055,McGinley Square,22,2026-07-03,13,0,2026-07-03,-4.0,17,in_bounds
2026-07-03 13:15:00+00:00,0,0.0,0.0,JC055,McGinley Square,22,2026-07-03,13,15,2026-07-03,-4.0,17,in_bounds
2026-07-03 13:30:00+00:00,0,0.0,0.0,JC055,McGinley Square,22,2026-07-03,13,30,2026-07-03,-4.0,17,in_bounds
2026-07-03 13:45:00+00:00,0,0.0,0.0,JC055,McGinley Square,22,2026-07-03,13,45,2026-07-03,-4.0,17,in_bounds
2026-07-03 14:00:00+00:00,0,0.0,0.0,JC055,McGinley Square,22,2026-07-03,14,0,2026-07-03,-4.0,17,in_bounds
2026-07-03 14:15:00+00:00,0,0.0,0.0,JC055,McGinley Square,22,2026-07-03,14,15,2026-07-03,-4.0,17,in_bounds
2026-07-03 14:30:00+00:00,0,0.0,0.0,JC055,McGinley Square,22,2026-07-03,14,30,2026-07-03,-4.0,17,in_bounds
2026-07-03 14:45:00+00:00,0,0.0,0.0,JC055,McGinley Square,22,2026-07-03,14,45,2026-07-03,-4.0,17,in_bounds
2026-07-03 15:00:00+00:00,1,1.0,0.0,JC055,McGinley Square,22,2026-07-03,15,0,2026-07-03,-4.0,17,in_bounds
2026-07-03 15:15:00+00:00,0,1.0,1.0,JC055,McGinley Square,22,2026-07-03,15,15,2026-07-03,-3.0,17,in_bounds
2026-07-03 15:30:00+00:00,0,1.0,1.0,JC055,McGinley Square,22,2026-07-03,15,30,2026-07-03,-2.0,17,in_bounds
2026-07-03 15:45:00+00:00,0,0.0,0.0,JC055,McGinley Square,22,2026-07-03,15,45,2026-07-03,-2.0,17,in_bounds
2026-07-03 16:00:00+00:00,2,0.0,-2.0,JC055,McGinley Square,22,2026-07-03,16,0,2026-07-03,-4.0,17,in_bounds
2026-07-03 16:15:00+00:00,0,0.0,0.0,JC055,McGinley Square,22,2026-07-03,16,15,2026-07-03,-4.0,17,in_bounds
2026-07-03 16:30:00+00:00,0,1.0,1.0,JC055,McGinley Square,22,2026-07-03,16,30,2026-07-03,-3.0,17,in_bounds
2026-07-03 16:45:00+00:00,0,1.0,1.0,JC055,McGinley Square,22,2026-07-03,16,45,2026-07-03,-2.0,17,in_bounds
2026-07-03 17:00:00+00:00,2,1.0,-1.0,JC055,McGinley Square,22,2026-07-03,17,0,2026-07-03,-3.0,17,in_bounds
2026-07-03 17:15:00+00:00,0,2.0,2.0,JC055,McGinley Square,22,2026-07-03,17,15,2026-07-03,-1.0,17,in_bounds
2026-07-03 17:30:00+00:00,0,0.0,0.0,JC055,McGinley Square,22,2026-07-03,17,30,2026-07-03,-1.0,17,in_bounds
2026-07-03 17:45:00+00:00,0,1.0,1.0,JC055,McGinley Square,22,2026-07-03,17,45,2026-07-03,0.0,17,in_bounds
2026-07-03 18:00:00+00:00,5,3.0,-2.0,JC055,McGinley Square,22,2026-07-03,18,0,2026-07-03,-2.0,17,in_bounds
2026-07-03 18:15:00+00:00,0,0.0,0.0,JC055,McGinley Square,22,2026-07-03,18,15,2026-07-03,-2.0,17,in_bounds
2026-07-03 18:30:00+00:00,0,0.0,0.0,JC055,McGinley Square,22,2026-07-03,18,30,2026-07-03,-2.0,17,in_bounds
2026-07-03 18:45:00+00:00,0,0.0,0.0,JC055,McGinley Square,22,2026-07-03,18,45,2026-07-03,-2.0,17,in_bounds
2026-07-03 19:00:00+00:00,0,0.0,0.0,JC055,McGinley Square,22,2026-07-03,19,0,2026-07-03,-2.0,17,in_bounds
2026-07-03 19:15:00+00:00,0,0.0,0.0,JC055,McGinley Square,22,2026-07-03,19,15,2026-07-03,-2.0,17,in_bounds
2026-07-03 19:30:00+00:00,0,1.0,1.0,JC055,McGinley Square,22,2026-07-03,19,30,2026-07-03,-1.0,17,in_bounds
2026-07-03 19:45:00+00:00,0,1.0,1.0,JC055,McGinley Square,22,2026-07-03,19,45,2026-07-03,0.0,17,in_bounds
2026-07-03 20:00:00+00:00,0,0.0,0.0,JC055,McGinley Square,22,2026-07-03,20,0,2026-07-03,0.0,17,in_bounds
2026-07-03 20:15:00+00:00,0,0.0,0.0,JC055,McGinley Square,22,2026-07-03,20,15,2026-07-03,0.0,17,in_bounds
2026-07-03 20:30:00+00:00,1,0.0,-1.0,JC055,McGinley Square,22,2026-07-03,20,30,2026-07-03,-1.0,17,in_bounds
2026-07-03 20:45:00+00:00,0,1.0,1.0,JC055,McGinley Square,22,2026-07-03,20,45,2026-07-03,0.0,17,in_bounds
2026-07-03 21:00:00+00:00,0,0.0,0.0,JC055,McGinley Square,22,2026-07-03,21,0,2026-07-03,0.0,17,in_bounds
2026-07-03 21:15:00+00:00,0,0.0,0.0,JC055,McGinley Square,22,2026-07-03,21,15,2026-07-03,0.0,17,in_bounds
2026-07-03 21:30:00+00:00,0,0.0,0.0,JC055,McGinley Square,22,2026-07-03,21,30,2026-07-03,0.0,17,in_bounds
2026-07-03 21:45:00+00:00,0,0.0,0.0,JC055,McGinley Square,22,2026-07-03,21,45,2026-07-03,0.0,17,in_bounds
2026-07-03 22:00:00+00:00,0,0.0,0.0,JC055,McGinley Square,22,2026-07-03,22,0,2026-07-03,0.0,17,in_bounds
2026-07-03 22:15:00+00:00,1,0.0,-1.0,JC055,McGinley Square,22,2026-07-03,22,15,2026-07-03,-1.0,17,in_bounds
2026-07-03 22:30:00+00:00,0,1.0,1.0,JC055,McGinley Square,22,2026-07-03,22,30,2026-07-03,0.0,17,in_bounds
2026-07-03 22:45:00+00:00,1,0.0,-1.0,JC055,McGinley Square,22,2026-07-03,22,45,2026-07-03,-1.0,17,in_bounds
2026-07-03 23:00:00+00:00,0,0.0,0.0,JC055,McGinley Square,22,2026-07-03,23,0,2026-07-03,-1.0,17,in_bounds
2026-07-03 23:15:00+00:00,0,1.0,1.0,JC055,McGinley Square,22,2026-07-03,23,15,2026-07-03,0.0,17,in_bounds
2026-07-03 23:30:00+00:00,0,1.0,1.0,JC055,McGinley Square,22,2026-07-03,23,30,2026-07-03,1.0,17,in_bounds
2026-07-03 23:45:00+00:00,1,0.0,-1.0,JC055,McGinley Square,22,2026-07-03,23,45,2026-07-03,0.0,17,in_bounds
2026-07-04 00:00:00+00:00,0,0.0,0.0,JC055,McGinley Square,22,2026-07-04,0,0,2026-07-03,0.0,17,in_bounds
2026-07-04 00:15:00+00:00,0,0.0,0.0,JC055,McGinley Square,22,2026-07-04,0,15,2026-07-03,0.0,17,in_bounds
2026-07-04 00:30:00+00:00,0,0.0,0.0,JC055,McGinley Square,22,2026-07-04,0,30,2026-07-03,0.0,17,in_bounds
2026-07-04 00:45:00+00:00,0,0.0,0.0,JC055,McGinley Square,22,2026-07-04,0,45,2026-07-03,0.0,17,in_bounds
2026-07-04 01:00:00+00:00,1,0.0,-1.0,JC055,McGinley Square,22,2026-07-04,1,0,2026-07-03,-1.0,17,in_bounds
2026-07-04 01:15:00+00:00,0,0.0,0.0,JC055,McGinley Square,22,2026-07-04,1,15,2026-07-03,-1.0,17,in_bounds
2026-07-04 01:30:00+00:00,0,0.0,0.0,JC055,McGinley Square,22,2026-07-04,1,30,2026-07-03,-1.0,17,in_bounds
2026-07-04 01:45:00+00:00,0,0.0,0.0,JC055,McGinley Square,22,2026-07-04,1,45,2026-07-03,-1.0,17,in_bounds
2026-07-04 02:00:00+00:00,0,1.0,1.0,JC055,McGinley Square,22,2026-07-04,2,0,2026-07-03,0.0,17,in_bounds
2026-07-04 02:15:00+00:00,0,0.0,0.0,JC055,McGinley Square,22,2026-07-04,2,15,2026-07-03,0.0,17,in_bounds
2026-07-04 02:30:00+00:00,0,0.0,0.0,JC055,McGinley Square,22,2026-07-04,2,30,2026-07-03,0.0,17,in_bounds
2026-07-04 02:45:00+00:00,0,0.0,0.0,JC055,McGinley Square,22,2026-07-04,2,45,2026-07-03,0.0,17,in_bounds
2026-07-04 03:00:00+00:00,0,0.0,0.0,JC055,McGinley Square,22,2026-07-04,3,0,2026-07-03,0.0,17,in_bounds
2026-07-04 03:15:00+00:00,0,2.0,2.0,JC055,McGinley Square,22,2026-07-04,3,15,2026-07-03,2.0,17,in_bounds
2026-07-04 03:30:00+00:00,0,0.0,0.0,JC055,McGinley Square,22,2026-07-04,3,30,2026-07-03,2.0,17,in_bounds
2026-07-04 03:45:00+00:00,0,0.0,0.0,JC055,McGinley Square,22,2026-07-04,3,45,2026-07-03,2.0,17,in_bounds
2026-07-04 04:00:00+00:00,0,0.0,0.0,JC055,McGinley Square,22,2026-07-04,4,0,2026-07-03,2.0,17,in_bounds
2026-07-04 04:15:00+00:00,0,0.0,0.0,JC055,McGinley Square,22,2026-07-04,4,15,2026-07-03,2.0,17,in_bounds
2026-07-04 04:30:00+00:00,0,0.0,0.0,JC055,McGinley Square,22,2026-07-04,4,30,2026-07-03,2.0,17,in_bounds
2026-07-04 04:45:00+00:00,0,0.0,0.0,JC055,McGinley Square,22,2026-07-04,4,45,2026-07-03,2.0,17,in_bounds
2026-07-04 05:00:00+00:00,1,0.0,-1.0,JC055,McGinley Square,22,2026-07-04,5,0,2026-07-04,-1.0,17,in_bounds
2026-07-04 05:15:00+00:00,0,0.0,0.0,JC055,McGinley Square,22,2026-07-04,5,15,2026-07-04,-1.0,17,in_bounds
2026-07-04 05:30:00+00:00,0,0.0,0.0,JC055,McGinley Square,22,2026-07-04,5,30,2026-07-04,-1.0,17,in_bounds
2026-07-04 05:45:00+00:00,1,0.0,-1.0,JC055,McGinley Square,22,2026-07-04,5,45,2026-07-04,-2.0,17,in_bounds
2026-07-04 06:00:00+00:00,0,0.0,0.0,JC055,McGinley Square,22,2026-07-04,6,0,2026-07-04,-2.0,17,in_bounds
2026-07-04 06:15:00+00:00,1,0.0,-1.0,JC055,McGinley Square,22,2026-07-04,6,15,2026-07-04,-3.0,17,in_bounds
2026-07-04 06:30:00+00:00,1,0.0,-1.0,JC055,McGinley Square,22,2026-07-04,6,30,2026-07-04,-4.0,17,in_bounds
2026-07-04 06:45:00+00:00,0,0.0,0.0,JC055,McGinley Square,22,2026-07-04,6,45,2026-07-04,-4.0,17,in_bounds
2026-07-04 07:00:00+00:00,0,0.0,0.0,JC055,McGinley Square,22,2026-07-04,7,0,2026-07-04,-4.0,17,in_bounds
2026-07-04 07:15:00+00:00,0,0.0,0.0,JC055,McGinley Square,22,2026-07-04,7,15,2026-07-04,-4.0,17,in_bounds
2026-07-04 07:30:00+00:00,0,0.0,0.0,JC055,McGinley Square,22,2026-07-04,7,30,2026-07-04,-4.0,17,in_bounds
2026-07-04 07:45:00+00:00,0,0.0,0.0,JC055,McGinley Square,22,2026-07-04,7,45,2026-07-04,-4.0,17,in_bounds
2026-07-04 08:00:00+00:00,1,0.0,-1.0,JC055,McGinley Square,22,2026-07-04,8,0,2026-07-04,-5.0,17,in_bounds
2026-07-04 08:15:00+00:00,0,0.0,0.0,JC055,McGinley Square,22,2026-07-04,8,15,2026-07-04,-5.0,17,in_bounds
2026-07-04 08:30:00+00:00,0,0.0,0.0,JC055,McGinley Square,22,2026-07-04,8,30,2026-07-04,-5.0,17,in_bounds
2026-07-04 08:45:00+00:00,0,0.0,0.0,JC055,McGinley Square,22,2026-07-04,8,45,2026-07-04,-5.0,17,in_bounds
2026-07-04 09:00:00+00:00,0,0.0,0.0,JC055,McGinley Square,22,2026-07-04,9,0,2026-07-04,-5.0,17,in_bounds
2026-07-04 09:15:00+00:00,0,0.0,0.0,JC055,McGinley Square,22,2026-07-04,9,15,2026-07-04,-5.0,17,in_bounds
2026-07-04 09:30:00+00:00,0,0.0,0.0,JC055,McGinley Square,22,2026-07-04,9,30,2026-07-04,-5.0,17,in_bounds
2026-07-04 09:45:00+00:00,0,0.0,0.0,JC055,McGinley Square,22,2026-07-04,9,45,2026-07-04,-5.0,17,in_bounds
2026-07-04 10:00:00+00:00,0,0.0,0.0,JC055,McGinley Square,22,2026-07-04,10,0,2026-07-04,-5.0,17,in_bounds
2026-07-04 10:15:00+00:00,0,0.0,0.0,JC055,McGinley Square,22,2026-07-04,10,15,2026-07-04,-5.0,17,in_bounds
2026-07-04 10:30:00+00:00,0,0.0,0.0,JC055,McGinley Square,22,2026-07-04,10,30,2026-07-04,-5.0,17,in_bounds
2026-07-04 10:45:00+00:00,0,0.0,0.0,JC055,McGinley Square,22,2026-07-04,10,45,2026-07-04,-5.0,17,in_bounds
2026-07-04 11:00:00+00:00,0,0.0,0.0,JC055,McGinley Square,22,2026-07-04,11,0,2026-07-04,-5.0,17,in_bounds
2026-07-04 11:15:00+00:00,0,0.0,0.0,JC055,McGinley Square,22,2026-07-04,11,15,2026-07-04,-5.0,17,in_bounds
2026-07-04 11:30:00+00:00,1,2.0,1.0,JC055,McGinley Square,22,2026-07-04,11,30,2026-07-04,-4.0,17,in_bounds
2026-07-04 11:45:00+00:00,0,0.0,0.0,JC055,McGinley Square,22,2026-07-04,11,45,2026-07-04,-4.0,17,in_bounds
2026-07-04 12:00:00+00:00,0,2.0,2.0,JC055,McGinley Square,22,2026-07-04,12,0,2026-07-04,-2.0,17,in_bounds
2026-07-04 12:15:00+00:00,1,0.0,-1.0,JC055,McGinley Square,22,2026-07-04,12,15,2026-07-04,-3.0,17,in_bounds
2026-07-04 12:30:00+00:00,0,0.0,0.0,JC055,McGinley Square,22,2026-07-04,12,30,2026-07-04,-3.0,17,in_bounds
2026-07-04 12:45:00+00:00,0,4.0,4.0,JC055,McGinley Square,22,2026-07-04,12,45,2026-07-04,1.0,17,in_bounds
2026-07-04 13:00:00+00:00,0,1.0,1.0,JC055,McGinley Square,22,2026-07-04,13,0,2026-07-04,2.0,17,in_bounds
2026-07-04 13:15:00+00:00,1,1.0,0.0,JC055,McGinley Square,22,2026-07-04,13,15,2026-07-04,2.0,17,in_bounds
2026-07-04 13:30:00+00:00,0,0.0,0.0,JC055,McGinley Square,22,2026-07-04,13,30,2026-07-04,2.0,17,in_bounds
2026-07-04 13:45:00+00:00,1,0.0,-1.0,JC055,McGinley Square,22,2026-07-04,13,45,2026-07-04,1.0,17,in_bounds
2026-07-04 14:00:00+00:00,2,0.0,-2.0,JC055,McGinley Square,22,2026-07-04,14,0,2026-07-04,-1.0,17,in_bounds
2026-07-04 14:15:00+00:00,1,0.0,-1.0,JC055,McGinley Square,22,2026-07-04,14,15,2026-07-04,-2.0,17,in_bounds
2026-07-04 14:30:00+00:00,0,0.0,0.0,JC055,McGinley Square,22,2026-07-04,14,30,2026-07-04,-2.0,17,in_bounds
2026-07-04 14:45:00+00:00,1,1.0,0.0,JC055,McGinley Square,22,2026-07-04,14,45,2026-07-04,-2.0,17,in_bounds
2026-07-04 15:00:00+00:00,1,0.0,-1.0,JC055,McGinley Square,22,2026-07-04,15,0,2026-07-04,-3.0,17,in_bounds
2026-07-04 15:15:00+00:00,0,0.0,0.0,JC055,McGinley Square,22,2026-07-04,15,15,2026-07-04,-3.0,17,in_bounds
2026-07-04 15:30:00+00:00,0,1.0,1.0,JC055,McGinley Square,22,2026-07-04,15,30,2026-07-04,-2.0,17,in_bounds
2026-07-04 15:45:00+00:00,1,1.0,0.0,JC055,McGinley Square,22,2026-07-04,15,45,2026-07-04,-2.0,17,in_bounds
2026-07-04 16:00:00+00:00,1,0.0,-1.0,JC055,McGinley Square,22,2026-07-04,16,0,2026-07-04,-3.0,17,in_bounds
2026-07-04 16:15:00+00:00,0,0.0,0.0,JC055,McGinley Square,22,2026-07-04,16,15,2026-07-04,-3.0,17,in_bounds
2026-07-04 16:30:00+00:00,1,1.0,0.0,JC055,McGinley Square,22,2026-07-04,16,30,2026-07-04,-3.0,17,in_bounds
2026-07-04 16:45:00+00:00,0,1.0,1.0,JC055,McGinley Square,22,2026-07-04,16,45,2026-07-04,-2.0,17,in_bounds
2026-07-04 17:00:00+00:00,3,0.0,-3.0,JC055,McGinley Square,22,2026-07-04,17,0,2026-07-04,-5.0,17,in_bounds
2026-07-04 17:15:00+00:00,0,0.0,0.0,JC055,McGinley Square,22,2026-07-04,17,15,2026-07-04,-5.0,17,in_bounds
2026-07-04 17:30:00+00:00,0,0.0,0.0,JC055,McGinley Square,22,2026-07-04,17,30,2026-07-04,-5.0,17,in_bounds
2026-07-04 17:45:00+00:00,0,0.0,0.0,JC055,McGinley Square,22,2026-07-04,17,45,2026-07-04,-5.0,17,in_bounds
2026-07-04 18:00:00+00:00,0,0.0,0.0,JC055,McGinley Square,22,2026-07-04,18,0,2026-07-04,-5.0,17,in_bounds
2026-07-04 18:15:00+00:00,0,0.0,0.0,JC055,McGinley Square,22,2026-07-04,18,15,2026-07-04,-5.0,17,in_bounds
2026-07-04 18:30:00+00:00,0,0.0,0.0,JC055,McGinley Square,22,2026-07-04,18,30,2026-07-04,-5.0,17,in_bounds
2026-07-04 18:45:00+00:00,0,0.0,0.0,JC055,McGinley Square,22,2026-07-04,18,45,2026-07-04,-5.0,17,in_bounds
2026-07-04 19:00:00+00:00,0,1.0,1.0,JC055,McGinley Square,22,2026-07-04,19,0,2026-07-04,-4.0,17,in_bounds
2026-07-04 19:15:00+00:00,1,0.0,-1.0,JC055,McGinley Square,22,2026-07-04,19,15,2026-07-04,-5.0,17,in_bounds
2026-07-04 19:30:00+00:00,0,0.0,0.0,JC055,McGinley Square,22,2026-07-04,19,30,2026-07-04,-5.0,17,in_bounds
2026-07-04 19:45:00+00:00,0,0.0,0.0,JC055,McGinley Square,22,2026-07-04,19,45,2026-07-04,-5.0,17,in_bounds
2026-07-04 20:00:00+00:00,2,2.0,0.0,JC055,McGinley Square,22,2026-07-04,20,0,2026-07-04,-5.0,17,in_bounds
2026-07-04 20:15:00+00:00,0,1.0,1.0,JC055,McGinley Square,22,2026-07-04,20,15,2026-07-04,-4.0,17,in_bounds
2026-07-04 20:30:00+00:00,1,0.0,-1.0,JC055,McGinley Square,22,2026-07-04,20,30,2026-07-04,-5.0,17,in_bounds
2026-07-04 20:45:00+00:00,0,0.0,0.0,JC055,McGinley Square,22,2026-07-04,20,45,2026-07-04,-5.0,17,in_bounds
2026-07-04 21:00:00+00:00,0,0.0,0.0,JC055,McGinley Square,22,2026-07-04,21,0,2026-07-04,-5.0,17,in_bounds
2026-07-04 21:15:00+00:00,0,0.0,0.0,JC055,McGinley Square,22,2026-07-04,21,15,2026-07-04,-5.0,17,in_bounds
2026-07-04 21:30:00+00:00,0,0.0,0.0,JC055,McGinley Square,22,2026-07-04,21,30,2026-07-04,-5.0,17,in_bounds
2026-07-04 21:45:00+00:00,0,0.0,0.0,JC055,McGinley Square,22,2026-07-04,21,45,2026-07-04,-5.0,17,in_bounds
2026-07-04 22:00:00+00:00,1,5.0,4.0,JC055,McGinley Square,22,2026-07-04,22,0,2026-07-04,-1.0,17,in_bounds
2026-07-04 22:15:00+00:00,0,4.0,4.0,JC055,McGinley Square,22,2026-07-04,22,15,2026-07-04,3.0,17,in_bounds
2026-07-04 22:30:00+00:00,1,0.0,-1.0,JC055,McGinley Square,22,2026-07-04,22,30,2026-07-04,2.0,17,in_bounds
2026-07-04 22:45:00+00:00,0,1.0,1.0,JC055,McGinley Square,22,2026-07-04,22,45,2026-07-04,3.0,17,in_bounds
2026-07-04 23:00:00+00:00,0,0.0,0.0,JC055,McGinley Square,22,2026-07-04,23,0,2026-07-04,3.0,17,in_bounds
2026-07-04 23:15:00+00:00,0,0.0,0.0,JC055,McGinley Square,22,2026-07-04,23,15,2026-07-04,3.0,17,in_bounds
2026-07-04 23:30:00+00:00,0,0.0,0.0,JC055,McGinley Square,22,2026-07-04,23,30,2026-07-04,3.0,17,in_bounds
2026-07-04 23:45:00+00:00,0,0.0,0.0,JC055,McGinley Square,22,2026-07-04,23,45,2026-07-04,3.0,17,in_bounds
2026-07-05 00:00:00+00:00,0,0.0,0.0,JC055,McGinley Square,22,2026-07-05,0,0,2026-07-04,3.0,17,in_bounds
2026-07-05 00:15:00+00:00,0,0.0,0.0,JC055,McGinley Square,22,2026-07-05,0,15,2026-07-04,3.0,17,in_bounds
2026-07-05 00:30:00+00:00,0,0.0,0.0,JC055,McGinley Square,22,2026-07-05,0,30,2026-07-04,3.0,17,in_bounds
2026-07-05 00:45:00+00:00,0,0.0,0.0,JC055,McGinley Square,22,2026-07-05,0,45,2026-07-04,3.0,17,in_bounds
2026-07-05 01:00:00+00:00,0,0.0,0.0,JC055,McGinley Square,22,2026-07-05,1,0,2026-07-04,3.0,17,in_bounds
2026-07-05 01:15:00+00:00,0,0.0,0.0,JC055,McGinley Square,22,2026-07-05,1,15,2026-07-04,3.0,17,in_bounds
2026-07-05 01:30:00+00:00,0,0.0,0.0,JC055,McGinley Square,22,2026-07-05,1,30,2026-07-04,3.0,17,in_bounds
2026-07-05 01:45:00+00:00,0,0.0,0.0,JC055,McGinley Square,22,2026-07-05,1,45,2026-07-04,3.0,17,in_bounds
2026-07-05 02:00:00+00:00,0,0.0,0.0,JC055,McGinley Square,22,2026-07-05,2,0,2026-07-04,3.0,17,in_bounds
2026-07-05 02:15:00+00:00,0,0.0,0.0,JC055,McGinley Square,22,2026-07-05,2,15,2026-07-04,3.0,17,in_bounds
2026-07-05 02:30:00+00:00,0,0.0,0.0,JC055,McGinley Square,22,2026-07-05,2,30,2026-07-04,3.0,17,in_bounds
2026-07-05 02:45:00+00:00,0,0.0,0.0,JC055,McGinley Square,22,2026-07-05,2,45,2026-07-04,3.0,17,in_bounds
2026-07-05 03:00:00+00:00,0,0.0,0.0,JC055,McGinley Square,22,2026-07-05,3,0,2026-07-04,3.0,17,in_bounds
2026-07-05 03:15:00+00:00,0,0.0,0.0,JC055,McGinley Square,22,2026-07-05,3,15,2026-07-04,3.0,17,in_bounds
2026-07-05 03:30:00+00:00,0,0.0,0.0,JC055,McGinley Square,22,2026-07-05,3,30,2026-07-04,3.0,17,in_bounds
2026-07-05 03:45:00+00:00,0,0.0,0.0,JC055,McGinley Square,22,2026-07-05,3,45,2026-07-04,3.0,17,in_bounds
2026-07-05 04:00:00+00:00,0,0.0,0.0,JC055,McGinley Square,22,2026-07-05,4,0,2026-07-04,3.0,17,in_bounds
2026-07-05 04:15:00+00:00,1,0.0,-1.0,JC055,McGinley Square,22,2026-07-05,4,15,2026-07-04,2.0,17,in_bounds
2026-07-05 04:30:00+00:00,0,0.0,0.0,JC055,McGinley Square,22,2026-07-05,4,30,2026-07-04,2.0,17,in_bounds
2026-07-05 04:45:00+00:00,0,0.0,0.0,JC055,McGinley Square,22,2026-07-05,4,45,2026-07-04,2.0,17,in_bounds
2026-07-05 05:00:00+00:00,0,0.0,0.0,JC055,McGinley Square,22,2026-07-05,5,0,2026-07-05,0.0,17,in_bounds
2026-07-05 05:15:00+00:00,0,0.0,0.0,JC055,McGinley Square,22,2026-07-05,5,15,2026-07-05,0.0,17,in_bounds
2026-07-05 05:30:00+00:00,0,0.0,0.0,JC055,McGinley Square,22,2026-07-05,5,30,2026-07-05,0.0,17,in_bounds
2026-07-05 05:45:00+00:00,0,0.0,0.0,JC055,McGinley Square,22,2026-07-05,5,45,2026-07-05,0.0,17,in_bounds
2026-07-05 06:00:00+00:00,0,1.0,1.0,JC055,McGinley Square,22,2026-07-05,6,0,2026-07-05,1.0,17,in_bounds
2026-07-05 06:15:00+00:00,0,0.0,0.0,JC055,McGinley Square,22,2026-07-05,6,15,2026-07-05,1.0,17,in_bounds
2026-07-05 06:30:00+00:00,0,0.0,0.0,JC055,McGinley Square,22,2026-07-05,6,30,2026-07-05,1.0,17,in_bounds
2026-07-05 06:45:00+00:00,1,0.0,-1.0,JC055,McGinley Square,22,2026-07-05,6,45,2026-07-05,0.0,17,in_bounds
2026-07-05 07:00:00+00:00,0,0.0,0.0,JC055,McGinley Square,22,2026-07-05,7,0,2026-07-05,0.0,17,in_bounds
2026-07-05 07:15:00+00:00,0,0.0,0.0,JC055,McGinley Square,22,2026-07-05,7,15,2026-07-05,0.0,17,in_bounds
2026-07-05 07:30:00+00:00,0,0.0,0.0,JC055,McGinley Square,22,2026-07-05,7,30,2026-07-05,0.0,17,in_bounds
2026-07-05 07:45:00+00:00,0,0.0,0.0,JC055,McGinley Square,22,2026-07-05,7,45,2026-07-05,0.0,17,in_bounds
2026-07-05 08:00:00+00:00,0,1.0,1.0,JC055,McGinley Square,22,2026-07-05,8,0,2026-07-05,1.0,17,in_bounds
2026-07-05 08:15:00+00:00,0,0.0,0.0,JC055,McGinley Square,22,2026-07-05,8,15,2026-07-05,1.0,17,in_bounds
2026-07-05 08:30:00+00:00,0,0.0,0.0,JC055,McGinley Square,22,2026-07-05,8,30,2026-07-05,1.0,17,in_bounds
2026-07-05 08:45:00+00:00,0,0.0,0.0,JC055,McGinley Square,22,2026-07-05,8,45,2026-07-05,1.0,17,in_bounds
2026-07-05 09:00:00+00:00,0,0.0,0.0,JC055,McGinley Square,22,2026-07-05,9,0,2026-07-05,1.0,17,in_bounds
2026-07-05 09:15:00+00:00,0,0.0,0.0,JC055,McGinley Square,22,2026-07-05,9,15,2026-07-05,1.0,17,in_bounds
2026-07-05 09:30:00+00:00,0,0.0,0.0,JC055,McGinley Square,22,2026-07-05,9,30,2026-07-05,1.0,17,in_bounds
2026-07-05 09:45:00+00:00,0,1.0,1.0,JC055,McGinley Square,22,2026-07-05,9,45,2026-07-05,2.0,17,in_bounds
2026-07-05 10:00:00+00:00,1,0.0,-1.0,JC055,McGinley Square,22,2026-07-05,10,0,2026-07-05,1.0,17,in_bounds
2026-07-05 10:15:00+00:00,1,0.0,-1.0,JC055,McGinley Square,22,2026-07-05,10,15,2026-07-05,0.0,17,in_bounds
2026-07-05 10:30:00+00:00,0,0.0,0.0,JC055,McGinley Square,22,2026-07-05,10,30,2026-07-05,0.0,17,in_bounds
2026-07-05 10:45:00+00:00,0,0.0,0.0,JC055,McGinley Square,22,2026-07-05,10,45,2026-07-05,0.0,17,in_bounds
2026-07-05 11:00:00+00:00,0,0.0,0.0,JC055,McGinley Square,22,2026-07-05,11,0,2026-07-05,0.0,17,in_bounds
2026-07-05 11:15:00+00:00,2,0.0,-2.0,JC055,McGinley Square,22,2026-07-05,11,15,2026-07-05,-2.0,17,in_bounds
2026-07-05 11:30:00+00:00,1,0.0,-1.0,JC055,McGinley Square,22,2026-07-05,11,30,2026-07-05,-3.0,17,in_bounds
2026-07-05 11:45:00+00:00,0,0.0,0.0,JC055,McGinley Square,22,2026-07-05,11,45,2026-07-05,-3.0,17,in_bounds
2026-07-05 12:00:00+00:00,1,1.0,0.0,JC055,McGinley Square,22,2026-07-05,12,0,2026-07-05,-3.0,17,in_bounds
2026-07-05 12:15:00+00:00,1,0.0,-1.0,JC055,McGinley Square,22,2026-07-05,12,15,2026-07-05,-4.0,17,in_bounds
2026-07-05 12:30:00+00:00,1,1.0,0.0,JC055,McGinley Square,22,2026-07-05,12,30,2026-07-05,-4.0,17,in_bounds
2026-07-05 12:45:00+00:00,2,0.0,-2.0,JC055,McGinley Square,22,2026-07-05,12,45,2026-07-05,-6.0,17,in_bounds
2026-07-05 13:00:00+00:00,0,0.0,0.0,JC055,McGinley Square,22,2026-07-05,13,0,2026-07-05,-6.0,17,in_bounds
2026-07-05 13:15:00+00:00,0,0.0,0.0,JC055,McGinley Square,22,2026-07-05,13,15,2026-07-05,-6.0,17,in_bounds
2026-07-05 13:30:00+00:00,0,0.0,0.0,JC055,McGinley Square,22,2026-07-05,13,30,2026-07-05,-6.0,17,in_bounds
2026-07-05 13:45:00+00:00,1,1.0,0.0,JC055,McGinley Square,22,2026-07-05,13,45,2026-07-05,-6.0,17,in_bounds
2026-07-05 14:00:00+00:00,0,0.0,0.0,JC055,McGinley Square,22,2026-07-05,14,0,2026-07-05,-6.0,17,in_bounds
2026-07-05 14:15:00+00:00,0,0.0,0.0,JC055,McGinley Square,22,2026-07-05,14,15,2026-07-05,-6.0,17,in_bounds
2026-07-05 14:30:00+00:00,0,0.0,0.0,JC055,McGinley Square,22,2026-07-05,14,30,2026-07-05,-6.0,17,in_bounds
2026-07-05 14:45:00+00:00,0,0.0,0.0,JC055,McGinley Square,22,2026-07-05,14,45,2026-07-05,-6.0,17,in_bounds
2026-07-05 15:00:00+00:00,0,0.0,0.0,JC055,McGinley Square,22,2026-07-05,15,0,2026-07-05,-6.0,17,in_bounds
2026-07-05 15:15:00+00:00,0,0.0,0.0,JC055,McGinley Square,22,2026-07-05,15,15,2026-07-05,-6.0,17,in_bounds
2026-07-05 15:30:00+00:00,0,0.0,0.0,JC055,McGinley Square,22,2026-07-05,15,30,2026-07-05,-6.0,17,in_bounds
2026-07-05 15:45:00+00:00,0,0.0,0.0,JC055,McGinley Square,22,2026-07-05,15,45,2026-07-05,-6.0,17,in_bounds
2026-07-05 16:00:00+00:00,0,1.0,1.0,JC055,McGinley Square,22,2026-07-05,16,0,2026-07-05,-5.0,17,in_bounds
2026-07-05 16:15:00+00:00,0,0.0,0.0,JC055,McGinley Square,22,2026-07-05,16,15,2026-07-05,-5.0,17,in_bounds
2026-07-05 16:30:00+00:00,1,1.0,0.0,JC055,McGinley Square,22,2026-07-05,16,30,2026-07-05,-5.0,17,in_bounds
2026-07-05 16:45:00+00:00,0,1.0,1.0,JC055,McGinley Square,22,2026-07-05,16,45,2026-07-05,-4.0,17,in_bounds
2026-07-05 17:00:00+00:00,0,2.0,2.0,JC055,McGinley Square,22,2026-07-05,17,0,2026-07-05,-2.0,17,in_bounds
2026-07-05 17:15:00+00:00,1,1.0,0.0,JC055,McGinley Square,22,2026-07-05,17,15,2026-07-05,-2.0,17,in_bounds
2026-07-05 17:30:00+00:00,0,0.0,0.0,JC055,McGinley Square,22,2026-07-05,17,30,2026-07-05,-2.0,17,in_bounds
2026-07-05 17:45:00+00:00,0,0.0,0.0,JC055,McGinley Square,22,2026-07-05,17,45,2026-07-05,-2.0,17,in_bounds
2026-07-05 18:00:00+00:00,0,2.0,2.0,JC055,McGinley Square,22,2026-07-05,18,0,2026-07-05,0.0,17,in_bounds
2026-07-05 18:15:00+00:00,0,1.0,1.0,JC055,McGinley Square,22,2026-07-05,18,15,2026-07-05,1.0,17,in_bounds
2026-07-05 18:30:00+00:00,1,1.0,0.0,JC055,McGinley Square,22,2026-07-05,18,30,2026-07-05,1.0,17,in_bounds
2026-07-05 18:45:00+00:00,0,0.0,0.0,JC055,McGinley Square,22,2026-07-05,18,45,2026-07-05,1.0,17,in_bounds
2026-07-05 19:00:00+00:00,2,1.0,-1.0,JC055,McGinley Square,22,2026-07-05,19,0,2026-07-05,0.0,17,in_bounds
2026-07-05 19:15:00+00:00,0,0.0,0.0,JC055,McGinley Square,22,2026-07-05,19,15,2026-07-05,0.0,17,in_bounds
2026-07-05 19:30:00+00:00,0,0.0,0.0,JC055,McGinley Square,22,2026-07-05,19,30,2026-07-05,0.0,17,in_bounds
2026-07-05 19:45:00+00:00,1,1.0,0.0,JC055,McGinley Square,22,2026-07-05,19,45,2026-07-05,0.0,17,in_bounds
2026-07-05 20:00:00+00:00,0,0.0,0.0,JC055,McGinley Square,22,2026-07-05,20,0,2026-07-05,0.0,17,in_bounds
2026-07-05 20:15:00+00:00,0,0.0,0.0,JC055,McGinley Square,22,2026-07-05,20,15,2026-07-05,0.0,17,in_bounds
2026-07-05 20:30:00+00:00,0,2.0,2.0,JC055,McGinley Square,22,2026-07-05,20,30,2026-07-05,2.0,17,in_bounds
2026-07-05 20:45:00+00:00,0,0.0,0.0,JC055,McGinley Square,22,2026-07-05,20,45,2026-07-05,2.0,17,in_bounds
2026-07-05 21:00:00+00:00,0,0.0,0.0,JC055,McGinley Square,22,2026-07-05,21,0,2026-07-05,2.0,17,in_bounds
2026-07-05 21:15:00+00:00,0,1.0,1.0,JC055,McGinley Square,22,2026-07-05,21,15,2026-07-05,3.0,17,in_bounds
2026-07-05 21:30:00+00:00,0,0.0,0.0,JC055,McGinley Square,22,2026-07-05,21,30,2026-07-05,3.0,17,in_bounds
2026-07-05 21:45:00+00:00,0,0.0,0.0,JC055,McGinley Square,22,2026-07-05,21,45,2026-07-05,3.0,17,in_bounds
2026-07-05 22:00:00+00:00,0,0.0,0.0,JC055,McGinley Square,22,2026-07-05,22,0,2026-07-05,3.0,17,in_bounds
2026-07-05 22:15:00+00:00,1,1.0,0.0,JC055,McGinley Square,22,2026-07-05,22,15,2026-07-05,3.0,17,in_bounds
2026-07-05 22:30:00+00:00,0,0.0,0.0,JC055,McGinley Square,22,2026-07-05,22,30,2026-07-05,3.0,17,in_bounds
2026-07-05 22:45:00+00:00,0,1.0,1.0,JC055,McGinley Square,22,2026-07-05,22,45,2026-07-05,4.0,17,in_bounds
2026-07-05 23:00:00+00:00,0,0.0,0.0,JC055,McGinley Square,22,2026-07-05,23,0,2026-07-05,4.0,17,in_bounds
2026-07-05 23:15:00+00:00,0,0.0,0.0,JC055,McGinley Square,22,2026-07-05,23,15,2026-07-05,4.0,17,in_bounds
2026-07-05 23:30:00+00:00,0,0.0,0.0,JC055,McGinley Square,22,2026-07-05,23,30,2026-07-05,4.0,17,in_bounds
2026-07-05 23:45:00+00:00,0,0.0,0.0,JC055,McGinley Square,22,2026-07-05,23,45,2026-07-05,4.0,17,in_bounds
2026-07-06 00:00:00+00:00,0,0.0,0.0,JC055,McGinley Square,22,2026-07-06,0,0,2026-07-05,4.0,17,in_bounds
2026-07-06 00:15:00+00:00,0,0.0,0.0,JC055,McGinley Square,22,2026-07-06,0,15,2026-07-05,4.0,17,in_bounds
2026-07-06 00:30:00+00:00,0,0.0,0.0,JC055,McGinley Square,22,2026-07-06,0,30,2026-07-05,4.0,17,in_bounds
2026-07-06 00:45:00+00:00,0,0.0,0.0,JC055,McGinley Square,22,2026-07-06,0,45,2026-07-05,4.0,17,in_bounds
2026-07-06 01:00:00+00:00,0,0.0,0.0,JC055,McGinley Square,22,2026-07-06,1,0,2026-07-05,4.0,17,in_bounds
2026-07-06 01:15:00+00:00,0,0.0,0.0,JC055,McGinley Square,22,2026-07-06,1,15,2026-07-05,4.0,17,in_bounds
2026-07-06 01:30:00+00:00,0,0.0,0.0,JC055,McGinley Square,22,2026-07-06,1,30,2026-07-05,4.0,17,in_bounds
2026-07-06 01:45:00+00:00,0,0.0,0.0,JC055,McGinley Square,22,2026-07-06,1,45,2026-07-05,4.0,17,in_bounds
2026-07-06 02:00:00+00:00,0,0.0,0.0,JC055,McGinley Square,22,2026-07-06,2,0,2026-07-05,4.0,17,in_bounds
2026-07-06 02:15:00+00:00,0,0.0,0.0,JC055,McGinley Square,22,2026-07-06,2,15,2026-07-05,4.0,17,in_bounds
2026-07-06 02:30:00+00:00,0,0.0,0.0,JC055,McGinley Square,22,2026-07-06,2,30,2026-07-05,4.0,17,in_bounds
2026-07-06 02:45:00+00:00,0,0.0,0.0,JC055,McGinley Square,22,2026-07-06,2,45,2026-07-05,4.0,17,in_bounds
2026-07-06 03:00:00+00:00,0,0.0,0.0,JC055,McGinley Square,22,2026-07-06,3,0,2026-07-05,4.0,17,in_bounds
2026-07-06 03:15:00+00:00,0,0.0,0.0,JC055,McGinley Square,22,2026-07-06,3,15,2026-07-05,4.0,17,in_bounds
2026-07-06 03:30:00+00:00,0,0.0,0.0,JC055,McGinley Square,22,2026-07-06,3,30,2026-07-05,4.0,17,in_bounds
2026-07-06 03:45:00+00:00,0,0.0,0.0,JC055,McGinley Square,22,2026-07-06,3,45,2026-07-05,4.0,17,in_bounds
2026-07-06 04:00:00+00:00,0,0.0,0.0,JC055,McGinley Square,22,2026-07-06,4,0,2026-07-05,4.0,17,in_bounds
2026-07-06 04:15:00+00:00,1,0.0,-1.0,JC055,McGinley Square,22,2026-07-06,4,15,2026-07-05,3.0,17,in_bounds
2026-07-06 04:30:00+00:00,1,0.0,-1.0,JC055,McGinley Square,22,2026-07-06,4,30,2026-07-05,2.0,17,in_bounds
2026-07-06 04:45:00+00:00,0,0.0,0.0,JC055,McGinley Square,22,2026-07-06,4,45,2026-07-05,2.0,17,in_bounds
2026-07-06 05:00:00+00:00,0,0.0,0.0,JC055,McGinley Square,22,2026-07-06,5,0,2026-07-06,0.0,17,in_bounds
2026-07-06 05:15:00+00:00,0,0.0,0.0,JC055,McGinley Square,22,2026-07-06,5,15,2026-07-06,0.0,17,in_bounds
2026-07-06 05:30:00+00:00,0,0.0,0.0,JC055,McGinley Square,22,2026-07-06,5,30,2026-07-06,0.0,17,in_bounds
2026-07-06 05:45:00+00:00,0,0.0,0.0,JC055,McGinley Square,22,2026-07-06,5,45,2026-07-06,0.0,17,in_bounds
2026-07-06 06:00:00+00:00,1,1.0,0.0,JC055,McGinley Square,22,2026-07-06,6,0,2026-07-06,0.0,17,in_bounds
2026-07-06 06:15:00+00:00,0,0.0,0.0,JC055,McGinley Square,22,2026-07-06,6,15,2026-07-06,0.0,17,in_bounds
2026-07-06 06:30:00+00:00,0,1.0,1.0,JC055,McGinley Square,22,2026-07-06,6,30,2026-07-06,1.0,17,in_bounds
2026-07-06 06:45:00+00:00,1,0.0,-1.0,JC055,McGinley Square,22,2026-07-06,6,45,2026-07-06,0.0,17,in_bounds
2026-07-06 07:00:00+00:00,0,0.0,0.0,JC055,McGinley Square,22,2026-07-06,7,0,2026-07-06,0.0,17,in_bounds
2026-07-06 07:15:00+00:00,3,0.0,-3.0,JC055,McGinley Square,22,2026-07-06,7,15,2026-07-06,-3.0,17,in_bounds
2026-07-06 07:30:00+00:00,2,0.0,-2.0,JC055,McGinley Square,22,2026-07-06,7,30,2026-07-06,-5.0,17,in_bounds
2026-07-06 07:45:00+00:00,0,0.0,0.0,JC055,McGinley Square,22,2026-07-06,7,45,2026-07-06,-5.0,17,in_bounds
2026-07-06 08:00:00+00:00,0,0.0,0.0,JC055,McGinley Square,22,2026-07-06,8,0,2026-07-06,-5.0,17,in_bounds
2026-07-06 08:15:00+00:00,0,0.0,0.0,JC055,McGinley Square,22,2026-07-06,8,15,2026-07-06,-5.0,17,in_bounds
2026-07-06 08:30:00+00:00,0,0.0,0.0,JC055,McGinley Square,22,2026-07-06,8,30,2026-07-06,-5.0,17,in_bounds
2026-07-06 08:45:00+00:00,0,1.0,1.0,JC055,McGinley Square,22,2026-07-06,8,45,2026-07-06,-4.0,17,in_bounds
2026-07-06 09:00:00+00:00,0,0.0,0.0,JC055,McGinley Square,22,2026-07-06,9,0,2026-07-06,-4.0,17,in_bounds
2026-07-06 09:15:00+00:00,0,0.0,0.0,JC055,McGinley Square,22,2026-07-06,9,15,2026-07-06,-4.0,17,in_bounds
2026-07-06 09:30:00+00:00,0,0.0,0.0,JC055,McGinley Square,22,2026-07-06,9,30,2026-07-06,-4.0,17,in_bounds
2026-07-06 09:45:00+00:00,1,0.0,-1.0,JC055,McGinley Square,22,2026-07-06,9,45,2026-07-06,-5.0,17,in_bounds
2026-07-06 10:00:00+00:00,0,0.0,0.0,JC055,McGinley Square,22,2026-07-06,10,0,2026-07-06,-5.0,17,in_bounds
2026-07-06 10:15:00+00:00,0,0.0,0.0,JC055,McGinley Square,22,2026-07-06,10,15,2026-07-06,-5.0,17,in_bounds
2026-07-06 10:30:00+00:00,0,0.0,0.0,JC055,McGinley Square,22,2026-07-06,10,30,2026-07-06,-5.0,17,in_bounds
2026-07-06 10:45:00+00:00,0,0.0,0.0,JC055,McGinley Square,22,2026-07-06,10,45,2026-07-06,-5.0,17,in_bounds
2026-07-06 11:00:00+00:00,1,1.0,0.0,JC055,McGinley Square,22,2026-07-06,11,0,2026-07-06,-5.0,17,in_bounds
2026-07-06 11:15:00+00:00,0,0.0,0.0,JC055,McGinley Square,22,2026-07-06,11,15,2026-07-06,-5.0,17,in_bounds
2026-07-06 11:30:00+00:00,0,0.0,0.0,JC055,McGinley Square,22,2026-07-06,11,30,2026-07-06,-5.0,17,in_bounds
2026-07-06 11:45:00+00:00,0,0.0,0.0,JC055,McGinley Square,22,2026-07-06,11,45,2026-07-06,-5.0,17,in_bounds
2026-07-06 12:00:00+00:00,0,0.0,0.0,JC055,McGinley Square,22,2026-07-06,12,0,2026-07-06,-5.0,17,in_bounds
2026-07-06 12:15:00+00:00,0,0.0,0.0,JC055,McGinley Square,22,2026-07-06,12,15,2026-07-06,-5.0,17,in_bounds
2026-07-06 12:30:00+00:00,0,0.0,0.0,JC055,McGinley Square,22,2026-07-06,12,30,2026-07-06,-5.0,17,in_bounds
2026-07-06 12:45:00+00:00,0,0.0,0.0,JC055,McGinley Square,22,2026-07-06,12,45,2026-07-06,-5.0,17,in_bounds
2026-07-06 13:00:00+00:00,0,0.0,0.0,JC055,McGinley Square,22,2026-07-06,13,0,2026-07-06,-5.0,17,in_bounds
2026-07-06 13:15:00+00:00,0,0.0,0.0,JC055,McGinley Square,22,2026-07-06,13,15,2026-07-06,-5.0,17,in_bounds
2026-07-06 13:30:00+00:00,0,0.0,0.0,JC055,McGinley Square,22,2026-07-06,13,30,2026-07-06,-5.0,17,in_bounds
2026-07-06 13:45:00+00:00,0,0.0,0.0,JC055,McGinley Square,22,2026-07-06,13,45,2026-07-06,-5.0,17,in_bounds
2026-07-06 14:00:00+00:00,0,2.0,2.0,JC055,McGinley Square,22,2026-07-06,14,0,2026-07-06,-3.0,17,in_bounds
2026-07-06 14:15:00+00:00,1,0.0,-1.0,JC055,McGinley Square,22,2026-07-06,14,15,2026-07-06,-4.0,17,in_bounds
2026-07-06 14:30:00+00:00,0,0.0,0.0,JC055,McGinley Square,22,2026-07-06,14,30,2026-07-06,-4.0,17,in_bounds
2026-07-06 14:45:00+00:00,0,0.0,0.0,JC055,McGinley Square,22,2026-07-06,14,45,2026-07-06,-4.0,17,in_bounds
2026-07-06 15:00:00+00:00,0,0.0,0.0,JC055,McGinley Square,22,2026-07-06,15,0,2026-07-06,-4.0,17,in_bounds
2026-07-06 15:15:00+00:00,0,1.0,1.0,JC055,McGinley Square,22,2026-07-06,15,15,2026-07-06,-3.0,17,in_bounds
2026-07-06 15:30:00+00:00,0,1.0,1.0,JC055,McGinley Square,22,2026-07-06,15,30,2026-07-06,-2.0,17,in_bounds
2026-07-06 15:45:00+00:00,0,0.0,0.0,JC055,McGinley Square,22,2026-07-06,15,45,2026-07-06,-2.0,17,in_bounds
2026-07-06 16:00:00+00:00,0,0.0,0.0,JC055,McGinley Square,22,2026-07-06,16,0,2026-07-06,-2.0,17,in_bounds
2026-07-06 16:15:00+00:00,1,0.0,-1.0,JC055,McGinley Square,22,2026-07-06,16,15,2026-07-06,-3.0,17,in_bounds
2026-07-06 16:30:00+00:00,0,0.0,0.0,JC055,McGinley Square,22,2026-07-06,16,30,2026-07-06,-3.0,17,in_bounds
2026-07-06 16:45:00+00:00,1,0.0,-1.0,JC055,McGinley Square,22,2026-07-06,16,45,2026-07-06,-4.0,17,in_bounds
2026-07-06 17:00:00+00:00,1,0.0,-1.0,JC055,McGinley Square,22,2026-07-06,17,0,2026-07-06,-5.0,17,in_bounds
2026-07-06 17:15:00+00:00,2,1.0,-1.0,JC055,McGinley Square,22,2026-07-06,17,15,2026-07-06,-6.0,17,in_bounds
2026-07-06 17:30:00+00:00,0,1.0,1.0,JC055,McGinley Square,22,2026-07-06,17,30,2026-07-06,-5.0,17,in_bounds
2026-07-06 17:45:00+00:00,0,0.0,0.0,JC055,McGinley Square,22,2026-07-06,17,45,2026-07-06,-5.0,17,in_bounds
2026-07-06 18:00:00+00:00,0,0.0,0.0,JC055,McGinley Square,22,2026-07-06,18,0,2026-07-06,-5.0,17,in_bounds
2026-07-06 18:15:00+00:00,0,0.0,0.0,JC055,McGinley Square,22,2026-07-06,18,15,2026-07-06,-5.0,17,in_bounds
2026-07-06 18:30:00+00:00,0,0.0,0.0,JC055,McGinley Square,22,2026-07-06,18,30,2026-07-06,-5.0,17,in_bounds
2026-07-06 18:45:00+00:00,1,1.0,0.0,JC055,McGinley Square,22,2026-07-06,18,45,2026-07-06,-5.0,17,in_bounds
2026-07-06 19:00:00+00:00,2,0.0,-2.0,JC055,McGinley Square,22,2026-07-06,19,0,2026-07-06,-7.0,17,in_bounds
2026-07-06 19:15:00+00:00,1,0.0,-1.0,JC055,McGinley Square,22,2026-07-06,19,15,2026-07-06,-8.0,17,in_bounds
2026-07-06 19:30:00+00:00,1,0.0,-1.0,JC055,McGinley Square,22,2026-07-06,19,30,2026-07-06,-9.0,17,in_bounds
2026-07-06 19:45:00+00:00,0,0.0,0.0,JC055,McGinley Square,22,2026-07-06,19,45,2026-07-06,-9.0,17,in_bounds
2026-07-06 20:00:00+00:00,1,0.0,-1.0,JC055,McGinley Square,22,2026-07-06,20,0,2026-07-06,-10.0,17,in_bounds
2026-07-06 20:15:00+00:00,1,0.0,-1.0,JC055,McGinley Square,22,2026-07-06,20,15,2026-07-06,-11.0,17,in_bounds
2026-07-06 20:30:00+00:00,0,0.0,0.0,JC055,McGinley Square,22,2026-07-06,20,30,2026-07-06,-11.0,17,in_bounds
2026-07-06 20:45:00+00:00,0,0.0,0.0,JC055,McGinley Square,22,2026-07-06,20,45,2026-07-06,-11.0,17,in_bounds
2026-07-06 21:00:00+00:00,0,0.0,0.0,JC055,McGinley Square,22,2026-07-06,21,0,2026-07-06,-11.0,17,in_bounds
2026-07-06 21:15:00+00:00,0,0.0,0.0,JC055,McGinley Square,22,2026-07-06,21,15,2026-07-06,-11.0,17,in_bounds
2026-07-06 21:30:00+00:00,0,0.0,0.0,JC055,McGinley Square,22,2026-07-06,21,30,2026-07-06,-11.0,17,in_bounds
2026-07-06 21:45:00+00:00,0,0.0,0.0,JC055,McGinley Square,22,2026-07-06,21,45,2026-07-06,-11.0,17,in_bounds
2026-07-06 22:00:00+00:00,0,0.0,0.0,JC055,McGinley Square,22,2026-07-06,22,0,2026-07-06,-11.0,17,in_bounds
2026-07-06 22:15:00+00:00,0,0.0,0.0,JC055,McGinley Square,22,2026-07-06,22,15,2026-07-06,-11.0,17,in_bounds
2026-07-06 22:30:00+00:00,0,1.0,1.0,JC055,McGinley Square,22,2026-07-06,22,30,2026-07-06,-10.0,17,in_bounds
2026-07-06 22:45:00+00:00,0,0.0,0.0,JC055,McGinley Square,22,2026-07-06,22,45,2026-07-06,-10.0,17,in_bounds
2026-07-06 23:00:00+00:00,0,0.0,0.0,JC055,McGinley Square,22,2026-07-06,23,0,2026-07-06,-10.0,17,in_bounds
2026-07-06 23:15:00+00:00,0,1.0,1.0,JC055,McGinley Square,22,2026-07-06,23,15,2026-07-06,-9.0,17,in_bounds
2026-07-06 23:30:00+00:00,0,1.0,1.0,JC055,McGinley Square,22,2026-07-06,23,30,2026-07-06,-8.0,17,in_bounds
2026-07-06 23:45:00+00:00,0,0.0,0.0,JC055,McGinley Square,22,2026-07-06,23,45,2026-07-06,-8.0,17,in_bounds
2026-07-07 00:00:00+00:00,0,0.0,0.0,JC055,McGinley Square,22,2026-07-07,0,0,2026-07-06,-8.0,17,in_bounds
2026-07-07 00:15:00+00:00,0,0.0,0.0,JC055,McGinley Square,22,2026-07-07,0,15,2026-07-06,-8.0,17,in_bounds
2026-07-07 00:30:00+00:00,0,0.0,0.0,JC055,McGinley Square,22,2026-07-07,0,30,2026-07-06,-8.0,17,in_bounds
2026-07-07 00:45:00+00:00,0,0.0,0.0,JC055,McGinley Square,22,2026-07-07,0,45,2026-07-06,-8.0,17,in_bounds
2026-07-07 01:00:00+00:00,0,0.0,0.0,JC055,McGinley Square,22,2026-07-07,1,0,2026-07-06,-8.0,17,in_bounds
2026-07-07 01:15:00+00:00,0,0.0,0.0,JC055,McGinley Square,22,2026-07-07,1,15,2026-07-06,-8.0,17,in_bounds
2026-07-07 01:30:00+00:00,0,0.0,0.0,JC055,McGinley Square,22,2026-07-07,1,30,2026-07-06,-8.0,17,in_bounds
2026-07-07 01:45:00+00:00,0,0.0,0.0,JC055,McGinley Square,22,2026-07-07,1,45,2026-07-06,-8.0,17,in_bounds
2026-07-07 02:00:00+00:00,0,0.0,0.0,JC055,McGinley Square,22,2026-07-07,2,0,2026-07-06,-8.0,17,in_bounds
2026-07-07 02:15:00+00:00,0,0.0,0.0,JC055,McGinley Square,22,2026-07-07,2,15,2026-07-06,-8.0,17,in_bounds
2026-07-07 02:30:00+00:00,0,0.0,0.0,JC055,McGinley Square,22,2026-07-07,2,30,2026-07-06,-8.0,17,in_bounds
2026-07-07 02:45:00+00:00,0,0.0,0.0,JC055,McGinley Square,22,2026-07-07,2,45,2026-07-06,-8.0,17,in_bounds
2026-07-07 03:00:00+00:00,0,0.0,0.0,JC055,McGinley Square,22,2026-07-07,3,0,2026-07-06,-8.0,17,in_bounds
2026-07-07 03:15:00+00:00,0,0.0,0.0,JC055,McGinley Square,22,2026-07-07,3,15,2026-07-06,-8.0,17,in_bounds
2026-07-07 03:30:00+00:00,0,0.0,0.0,JC055,McGinley Square,22,2026-07-07,3,30,2026-07-06,-8.0,17,in_bounds
2026-07-07 03:45:00+00:00,0,0.0,0.0,JC055,McGinley Square,22,2026-07-07,3,45,2026-07-06,-8.0,17,in_bounds
2026-07-07 04:00:00+00:00,0,0.0,0.0,JC055,McGinley Square,22,2026-07-07,4,0,2026-07-06,-8.0,17,in_bounds
2026-07-07 04:15:00+00:00,0,0.0,0.0,JC055,McGinley Square,22,2026-07-07,4,15,2026-07-06,-8.0,17,in_bounds
2026-07-07 04:30:00+00:00,0,0.0,0.0,JC055,McGinley Square,22,2026-07-07,4,30,2026-07-06,-8.0,17,in_bounds
2026-07-07 04:45:00+00:00,0,0.0,0.0,JC055,McGinley Square,22,2026-07-07,4,45,2026-07-06,-8.0,17,in_bounds
2026-07-07 05:00:00+00:00,0,0.0,0.0,JC055,McGinley Square,22,2026-07-07,5,0,2026-07-07,0.0,17,in_bounds
2026-07-07 05:15:00+00:00,1,0.0,-1.0,JC055,McGinley Square,22,2026-07-07,5,15,2026-07-07,-1.0,17,in_bounds
2026-07-07 05:30:00+00:00,0,0.0,0.0,JC055,McGinley Square,22,2026-07-07,5,30,2026-07-07,-1.0,17,in_bounds
2026-07-07 05:45:00+00:00,0,0.0,0.0,JC055,McGinley Square,22,2026-07-07,5,45,2026-07-07,-1.0,17,in_bounds
2026-07-07 06:00:00+00:00,0,0.0,0.0,JC055,McGinley Square,22,2026-07-07,6,0,2026-07-07,-1.0,17,in_bounds
2026-07-07 06:15:00+00:00,1,0.0,-1.0,JC055,McGinley Square,22,2026-07-07,6,15,2026-07-07,-2.0,17,in_bounds
2026-07-07 06:30:00+00:00,1,1.0,0.0,JC055,McGinley Square,22,2026-07-07,6,30,2026-07-07,-2.0,17,in_bounds
2026-07-07 06:45:00+00:00,0,0.0,0.0,JC055,McGinley Square,22,2026-07-07,6,45,2026-07-07,-2.0,17,in_bounds
2026-07-07 07:00:00+00:00,3,0.0,-3.0,JC055,McGinley Square,22,2026-07-07,7,0,2026-07-07,-5.0,17,in_bounds
2026-07-07 07:15:00+00:00,1,0.0,-1.0,JC055,McGinley Square,22,2026-07-07,7,15,2026-07-07,-6.0,17,in_bounds
2026-07-07 07:30:00+00:00,1,1.0,0.0,JC055,McGinley Square,22,2026-07-07,7,30,2026-07-07,-6.0,17,in_bounds
2026-07-07 07:45:00+00:00,0,0.0,0.0,JC055,McGinley Square,22,2026-07-07,7,45,2026-07-07,-6.0,17,in_bounds
2026-07-07 08:00:00+00:00,1,0.0,-1.0,JC055,McGinley Square,22,2026-07-07,8,0,2026-07-07,-7.0,17,in_bounds
2026-07-07 08:15:00+00:00,0,2.0,2.0,JC055,McGinley Square,22,2026-07-07,8,15,2026-07-07,-5.0,17,in_bounds
2026-07-07 08:30:00+00:00,2,0.0,-2.0,JC055,McGinley Square,22,2026-07-07,8,30,2026-07-07,-7.0,17,in_bounds
2026-07-07 08:45:00+00:00,2,1.0,-1.0,JC055,McGinley Square,22,2026-07-07,8,45,2026-07-07,-8.0,17,in_bounds
2026-07-07 09:00:00+00:00,0,1.0,1.0,JC055,McGinley Square,22,2026-07-07,9,0,2026-07-07,-7.0,17,in_bounds
2026-07-07 09:15:00+00:00,0,0.0,0.0,JC055,McGinley Square,22,2026-07-07,9,15,2026-07-07,-7.0,17,in_bounds
2026-07-07 09:30:00+00:00,1,0.0,-1.0,JC055,McGinley Square,22,2026-07-07,9,30,2026-07-07,-8.0,17,in_bounds
2026-07-07 09:45:00+00:00,0,0.0,0.0,JC055,McGinley Square,22,2026-07-07,9,45,2026-07-07,-8.0,17,in_bounds
2026-07-07 10:00:00+00:00,0,0.0,0.0,JC055,McGinley Square,22,2026-07-07,10,0,2026-07-07,-8.0,17,in_bounds
2026-07-07 10:15:00+00:00,0,1.0,1.0,JC055,McGinley Square,22,2026-07-07,10,15,2026-07-07,-7.0,17,in_bounds
2026-07-07 10:30:00+00:00,1,0.0,-1.0,JC055,McGinley Square,22,2026-07-07,10,30,2026-07-07,-8.0,17,in_bounds
2026-07-07 10:45:00+00:00,0,0.0,0.0,JC055,McGinley Square,22,2026-07-07,10,45,2026-07-07,-8.0,17,in_bounds
2026-07-07 11:00:00+00:00,0,0.0,0.0,JC055,McGinley Square,22,2026-07-07,11,0,2026-07-07,-8.0,17,in_bounds
2026-07-07 11:15:00+00:00,0,1.0,1.0,JC055,McGinley Square,22,2026-07-07,11,15,2026-07-07,-7.0,17,in_bounds
2026-07-07 11:30:00+00:00,0,0.0,0.0,JC055,McGinley Square,22,2026-07-07,11,30,2026-07-07,-7.0,17,in_bounds
2026-07-07 11:45:00+00:00,0,1.0,1.0,JC055,McGinley Square,22,2026-07-07,11,45,2026-07-07,-6.0,17,in_bounds
2026-07-07 12:00:00+00:00,0,0.0,0.0,JC055,McGinley Square,22,2026-07-07,12,0,2026-07-07,-6.0,17,in_bounds
2026-07-07 12:15:00+00:00,2,0.0,-2.0,JC055,McGinley Square,22,2026-07-07,12,15,2026-07-07,-8.0,17,in_bounds
2026-07-07 12:30:00+00:00,0,0.0,0.0,JC055,McGinley Square,22,2026-07-07,12,30,2026-07-07,-8.0,17,in_bounds
2026-07-07 12:45:00+00:00,0,0.0,0.0,JC055,McGinley Square,22,2026-07-07,12,45,2026-07-07,-8.0,17,in_bounds
2026-07-07 13:00:00+00:00,0,0.0,0.0,JC055,McGinley Square,22,2026-07-07,13,0,2026-07-07,-8.0,17,in_bounds
2026-07-07 13:15:00+00:00,0,0.0,0.0,JC055,McGinley Square,22,2026-07-07,13,15,2026-07-07,-8.0,17,in_bounds
2026-07-07 13:30:00+00:00,0,0.0,0.0,JC055,McGinley Square,22,2026-07-07,13,30,2026-07-07,-8.0,17,in_bounds
2026-07-07 13:45:00+00:00,0,0.0,0.0,JC055,McGinley Square,22,2026-07-07,13,45,2026-07-07,-8.0,17,in_bounds
2026-07-07 14:00:00+00:00,0,0.0,0.0,JC055,McGinley Square,22,2026-07-07,14,0,2026-07-07,-8.0,17,in_bounds
2026-07-07 14:15:00+00:00,0,0.0,0.0,JC055,McGinley Square,22,2026-07-07,14,15,2026-07-07,-8.0,17,in_bounds
2026-07-07 14:30:00+00:00,0,0.0,0.0,JC055,McGinley Square,22,2026-07-07,14,30,2026-07-07,-8.0,17,in_bounds
2026-07-07 14:45:00+00:00,1,1.0,0.0,JC055,McGinley Square,22,2026-07-07,14,45,2026-07-07,-8.0,17,in_bounds
2026-07-07 15:00:00+00:00,0,0.0,0.0,JC055,McGinley Square,22,2026-07-07,15,0,2026-07-07,-8.0,17,in_bounds
2026-07-07 15:15:00+00:00,0,1.0,1.0,JC055,McGinley Square,22,2026-07-07,15,15,2026-07-07,-7.0,17,in_bounds
2026-07-07 15:30:00+00:00,0,2.0,2.0,JC055,McGinley Square,22,2026-07-07,15,30,2026-07-07,-5.0,17,in_bounds
2026-07-07 15:45:00+00:00,1,1.0,0.0,JC055,McGinley Square,22,2026-07-07,15,45,2026-07-07,-5.0,17,in_bounds
2026-07-07 16:00:00+00:00,1,0.0,-1.0,JC055,McGinley Square,22,2026-07-07,16,0,2026-07-07,-6.0,17,in_bounds
2026-07-07 16:15:00+00:00,0,1.0,1.0,JC055,McGinley Square,22,2026-07-07,16,15,2026-07-07,-5.0,17,in_bounds
2026-07-07 16:30:00+00:00,0,1.0,1.0,JC055,McGinley Square,22,2026-07-07,16,30,2026-07-07,-4.0,17,in_bounds
2026-07-07 16:45:00+00:00,1,0.0,-1.0,JC055,McGinley Square,22,2026-07-07,16,45,2026-07-07,-5.0,17,in_bounds
2026-07-07 17:00:00+00:00,0,0.0,0.0,JC055,McGinley Square,22,2026-07-07,17,0,2026-07-07,-5.0,17,in_bounds
2026-07-07 17:15:00+00:00,2,1.0,-1.0,JC055,McGinley Square,22,2026-07-07,17,15,2026-07-07,-6.0,17,in_bounds
2026-07-07 17:30:00+00:00,0,0.0,0.0,JC055,McGinley Square,22,2026-07-07,17,30,2026-07-07,-6.0,17,in_bounds
2026-07-07 17:45:00+00:00,1,0.0,-1.0,JC055,McGinley Square,22,2026-07-07,17,45,2026-07-07,-7.0,17,in_bounds
2026-07-07 18:00:00+00:00,0,3.0,3.0,JC055,McGinley Square,22,2026-07-07,18,0,2026-07-07,-4.0,17,in_bounds
2026-07-07 18:15:00+00:00,1,2.0,1.0,JC055,McGinley Square,22,2026-07-07,18,15,2026-07-07,-3.0,17,in_bounds
2026-07-07 18:30:00+00:00,0,0.0,0.0,JC055,McGinley Square,22,2026-07-07,18,30,2026-07-07,-3.0,17,in_bounds
2026-07-07 18:45:00+00:00,1,1.0,0.0,JC055,McGinley Square,22,2026-07-07,18,45,2026-07-07,-3.0,17,in_bounds
2026-07-07 19:00:00+00:00,2,0.0,-2.0,JC055,McGinley Square,22,2026-07-07,19,0,2026-07-07,-5.0,17,in_bounds
2026-07-07 19:15:00+00:00,0,0.0,0.0,JC055,McGinley Square,22,2026-07-07,19,15,2026-07-07,-5.0,17,in_bounds
2026-07-07 19:30:00+00:00,1,0.0,-1.0,JC055,McGinley Square,22,2026-07-07,19,30,2026-07-07,-6.0,17,in_bounds
2026-07-07 19:45:00+00:00,1,0.0,-1.0,JC055,McGinley Square,22,2026-07-07,19,45,2026-07-07,-7.0,17,in_bounds
2026-07-07 20:00:00+00:00,1,1.0,0.0,JC055,McGinley Square,22,2026-07-07,20,0,2026-07-07,-7.0,17,in_bounds
2026-07-07 20:15:00+00:00,1,0.0,-1.0,JC055,McGinley Square,22,2026-07-07,20,15,2026-07-07,-8.0,17,in_bounds
2026-07-07 20:30:00+00:00,0,0.0,0.0,JC055,McGinley Square,22,2026-07-07,20,30,2026-07-07,-8.0,17,in_bounds
2026-07-07 20:45:00+00:00,0,1.0,1.0,JC055,McGinley Square,22,2026-07-07,20,45,2026-07-07,-7.0,17,in_bounds
2026-07-07 21:00:00+00:00,0,0.0,0.0,JC055,McGinley Square,22,2026-07-07,21,0,2026-07-07,-7.0,17,in_bounds
2026-07-07 21:15:00+00:00,0,0.0,0.0,JC055,McGinley Square,22,2026-07-07,21,15,2026-07-07,-7.0,17,in_bounds
2026-07-07 21:30:00+00:00,0,0.0,0.0,JC055,McGinley Square,22,2026-07-07,21,30,2026-07-07,-7.0,17,in_bounds
2026-07-07 21:45:00+00:00,1,0.0,-1.0,JC055,McGinley Square,22,2026-07-07,21,45,2026-07-07,-8.0,17,in_bounds
2026-07-07 22:00:00+00:00,0,0.0,0.0,JC055,McGinley Square,22,2026-07-07,22,0,2026-07-07,-8.0,17,in_bounds
2026-07-07 22:15:00+00:00,0,0.0,0.0,JC055,McGinley Square,22,2026-07-07,22,15,2026-07-07,-8.0,17,in_bounds
2026-07-07 22:30:00+00:00,0,0.0,0.0,JC055,McGinley Square,22,2026-07-07,22,30,2026-07-07,-8.0,17,in_bounds
2026-07-07 22:45:00+00:00,0,0.0,0.0,JC055,McGinley Square,22,2026-07-07,22,45,2026-07-07,-8.0,17,in_bounds
2026-07-07 23:00:00+00:00,0,0.0,0.0,JC055,McGinley Square,22,2026-07-07,23,0,2026-07-07,-8.0,17,in_bounds
2026-07-07 23:15:00+00:00,0,0.0,0.0,JC055,McGinley Square,22,2026-07-07,23,15,2026-07-07,-8.0,17,in_bounds
2026-07-07 23:30:00+00:00,0,1.0,1.0,JC055,McGinley Square,22,2026-07-07,23,30,2026-07-07,-7.0,17,in_bounds
2026-07-07 23:45:00+00:00,0,0.0,0.0,JC055,McGinley Square,22,2026-07-07,23,45,2026-07-07,-7.0,17,in_bounds
2026-07-08 00:00:00+00:00,1,0.0,-1.0,JC055,McGinley Square,22,2026-07-08,0,0,2026-07-07,-8.0,17,in_bounds
2026-07-08 00:15:00+00:00,0,0.0,0.0,JC055,McGinley Square,22,2026-07-08,0,15,2026-07-07,-8.0,17,in_bounds
2026-07-08 00:30:00+00:00,0,0.0,0.0,JC055,McGinley Square,22,2026-07-08,0,30,2026-07-07,-8.0,17,in_bounds
2026-07-08 00:45:00+00:00,0,0.0,0.0,JC055,McGinley Square,22,2026-07-08,0,45,2026-07-07,-8.0,17,in_bounds
2026-07-08 01:00:00+00:00,0,0.0,0.0,JC055,McGinley Square,22,2026-07-08,1,0,2026-07-07,-8.0,17,in_bounds
2026-07-08 01:15:00+00:00,0,0.0,0.0,JC055,McGinley Square,22,2026-07-08,1,15,2026-07-07,-8.0,17,in_bounds
2026-07-08 01:30:00+00:00,0,0.0,0.0,JC055,McGinley Square,22,2026-07-08,1,30,2026-07-07,-8.0,17,in_bounds
2026-07-08 01:45:00+00:00,0,0.0,0.0,JC055,McGinley Square,22,2026-07-08,1,45,2026-07-07,-8.0,17,in_bounds
2026-07-08 02:00:00+00:00,0,0.0,0.0,JC055,McGinley Square,22,2026-07-08,2,0,2026-07-07,-8.0,17,in_bounds
2026-07-08 02:15:00+00:00,0,0.0,0.0,JC055,McGinley Square,22,2026-07-08,2,15,2026-07-07,-8.0,17,in_bounds
2026-07-08 02:30:00+00:00,0,0.0,0.0,JC055,McGinley Square,22,2026-07-08,2,30,2026-07-07,-8.0,17,in_bounds
2026-07-08 02:45:00+00:00,0,0.0,0.0,JC055,McGinley Square,22,2026-07-08,2,45,2026-07-07,-8.0,17,in_bounds
2026-07-08 03:00:00+00:00,0,0.0,0.0,JC055,McGinley Square,22,2026-07-08,3,0,2026-07-07,-8.0,17,in_bounds
2026-07-08 03:15:00+00:00,0,0.0,0.0,JC055,McGinley Square,22,2026-07-08,3,15,2026-07-07,-8.0,17,in_bounds
2026-07-08 03:30:00+00:00,0,0.0,0.0,JC055,McGinley Square,22,2026-07-08,3,30,2026-07-07,-8.0,17,in_bounds
2026-07-08 03:45:00+00:00,0,0.0,0.0,JC055,McGinley Square,22,2026-07-08,3,45,2026-07-07,-8.0,17,in_bounds
2026-07-08 04:00:00+00:00,0,1.0,1.0,JC055,McGinley Square,22,2026-07-08,4,0,2026-07-07,-7.0,17,in_bounds
2026-07-08 04:15:00+00:00,0,0.0,0.0,JC055,McGinley Square,22,2026-07-08,4,15,2026-07-07,-7.0,17,in_bounds
2026-07-08 04:30:00+00:00,0,0.0,0.0,JC055,McGinley Square,22,2026-07-08,4,30,2026-07-07,-7.0,17,in_bounds
2026-07-08 04:45:00+00:00,0,0.0,0.0,JC055,McGinley Square,22,2026-07-08,4,45,2026-07-07,-7.0,17,in_bounds
2026-07-08 05:00:00+00:00,0,0.0,0.0,JC055,McGinley Square,22,2026-07-08,5,0,2026-07-08,0.0,17,in_bounds
2026-07-08 05:15:00+00:00,0,0.0,0.0,JC055,McGinley Square,22,2026-07-08,5,15,2026-07-08,0.0,17,in_bounds
2026-07-08 05:30:00+00:00,1,0.0,-1.0,JC055,McGinley Square,22,2026-07-08,5,30,2026-07-08,-1.0,17,in_bounds
2026-07-08 05:45:00+00:00,0,0.0,0.0,JC055,McGinley Square,22,2026-07-08,5,45,2026-07-08,-1.0,17,in_bounds
2026-07-08 06:00:00+00:00,0,0.0,0.0,JC055,McGinley Square,22,2026-07-08,6,0,2026-07-08,-1.0,17,in_bounds
2026-07-08 06:15:00+00:00,0,0.0,0.0,JC055,McGinley Square,22,2026-07-08,6,15,2026-07-08,-1.0,17,in_bounds
2026-07-08 06:30:00+00:00,0,0.0,0.0,JC055,McGinley Square,22,2026-07-08,6,30,2026-07-08,-1.0,17,in_bounds
2026-07-08 06:45:00+00:00,0,1.0,1.0,JC055,McGinley Square,22,2026-07-08,6,45,2026-07-08,0.0,17,in_bounds
2026-07-08 07:00:00+00:00,0,0.0,0.0,JC055,McGinley Square,22,2026-07-08,7,0,2026-07-08,0.0,17,in_bounds
2026-07-08 07:15:00+00:00,1,0.0,-1.0,JC055,McGinley Square,22,2026-07-08,7,15,2026-07-08,-1.0,17,in_bounds
2026-07-08 07:30:00+00:00,0,0.0,0.0,JC055,McGinley Square,22,2026-07-08,7,30,2026-07-08,-1.0,17,in_bounds
2026-07-08 07:45:00+00:00,0,0.0,0.0,JC055,McGinley Square,22,2026-07-08,7,45,2026-07-08,-1.0,17,in_bounds
2026-07-08 08:00:00+00:00,1,1.0,0.0,JC055,McGinley Square,22,2026-07-08,8,0,2026-07-08,-1.0,17,in_bounds
2026-07-08 08:15:00+00:00,0,0.0,0.0,JC055,McGinley Square,22,2026-07-08,8,15,2026-07-08,-1.0,17,in_bounds
2026-07-08 08:30:00+00:00,0,1.0,1.0,JC055,McGinley Square,22,2026-07-08,8,30,2026-07-08,0.0,17,in_bounds
2026-07-08 08:45:00+00:00,1,0.0,-1.0,JC055,McGinley Square,22,2026-07-08,8,45,2026-07-08,-1.0,17,in_bounds
2026-07-08 09:00:00+00:00,0,0.0,0.0,JC055,McGinley Square,22,2026-07-08,9,0,2026-07-08,-1.0,17,in_bounds
2026-07-08 09:15:00+00:00,0,0.0,0.0,JC055,McGinley Square,22,2026-07-08,9,15,2026-07-08,-1.0,17,in_bounds
2026-07-08 09:30:00+00:00,0,0.0,0.0,JC055,McGinley Square,22,2026-07-08,9,30,2026-07-08,-1.0,17,in_bounds
2026-07-08 09:45:00+00:00,0,0.0,0.0,JC055,McGinley Square,22,2026-07-08,9,45,2026-07-08,-1.0,17,in_bounds
2026-07-08 10:00:00+00:00,0,0.0,0.0,JC055,McGinley Square,22,2026-07-08,10,0,2026-07-08,-1.0,17,in_bounds
2026-07-08 10:15:00+00:00,0,0.0,0.0,JC055,McGinley Square,22,2026-07-08,10,15,2026-07-08,-1.0,17,in_bounds
2026-07-08 10:30:00+00:00,0,0.0,0.0,JC055,McGinley Square,22,2026-07-08,10,30,2026-07-08,-1.0,17,in_bounds
2026-07-08 10:45:00+00:00,0,0.0,0.0,JC055,McGinley Square,22,2026-07-08,10,45,2026-07-08,-1.0,17,in_bounds
2026-07-08 11:00:00+00:00,0,0.0,0.0,JC055,McGinley Square,22,2026-07-08,11,0,2026-07-08,-1.0,17,in_bounds
2026-07-08 11:15:00+00:00,0,0.0,0.0,JC055,McGinley Square,22,2026-07-08,11,15,2026-07-08,-1.0,17,in_bounds
2026-07-08 11:30:00+00:00,0,0.0,0.0,JC055,McGinley Square,22,2026-07-08,11,30,2026-07-08,-1.0,17,in_bounds
2026-07-08 11:45:00+00:00,0,0.0,0.0,JC055,McGinley Square,22,2026-07-08,11,45,2026-07-08,-1.0,17,in_bounds
2026-07-08 12:00:00+00:00,1,1.0,0.0,JC055,McGinley Square,22,2026-07-08,12,0,2026-07-08,-1.0,17,in_bounds
2026-07-08 12:15:00+00:00,1,0.0,-1.0,JC055,McGinley Square,22,2026-07-08,12,15,2026-07-08,-2.0,17,in_bounds
2026-07-08 12:30:00+00:00,1,0.0,-1.0,JC055,McGinley Square,22,2026-07-08,12,30,2026-07-08,-3.0,17,in_bounds
2026-07-08 12:45:00+00:00,2,0.0,-2.0,JC055,McGinley Square,22,2026-07-08,12,45,2026-07-08,-5.0,17,in_bounds
2026-07-08 13:00:00+00:00,0,0.0,0.0,JC055,McGinley Square,22,2026-07-08,13,0,2026-07-08,-5.0,17,in_bounds
2026-07-08 13:15:00+00:00,0,0.0,0.0,JC055,McGinley Square,22,2026-07-08,13,15,2026-07-08,-5.0,17,in_bounds
2026-07-08 13:30:00+00:00,0,0.0,0.0,JC055,McGinley Square,22,2026-07-08,13,30,2026-07-08,-5.0,17,in_bounds
2026-07-08 13:45:00+00:00,0,0.0,0.0,JC055,McGinley Square,22,2026-07-08,13,45,2026-07-08,-5.0,17,in_bounds
2026-07-08 14:00:00+00:00,0,0.0,0.0,JC055,McGinley Square,22,2026-07-08,14,0,2026-07-08,-5.0,17,in_bounds
2026-07-08 14:15:00+00:00,0,0.0,0.0,JC055,McGinley Square,22,2026-07-08,14,15,2026-07-08,-5.0,17,in_bounds
2026-07-08 14:30:00+00:00,0,2.0,2.0,JC055,McGinley Square,22,2026-07-08,14,30,2026-07-08,-3.0,17,in_bounds
2026-07-08 14:45:00+00:00,0,0.0,0.0,JC055,McGinley Square,22,2026-07-08,14,45,2026-07-08,-3.0,17,in_bounds
2026-07-08 15:00:00+00:00,1,0.0,-1.0,JC055,McGinley Square,22,2026-07-08,15,0,2026-07-08,-4.0,17,in_bounds
2026-07-08 15:15:00+00:00,1,0.0,-1.0,JC055,McGinley Square,22,2026-07-08,15,15,2026-07-08,-5.0,17,in_bounds
2026-07-08 15:30:00+00:00,0,2.0,2.0,JC055,McGinley Square,22,2026-07-08,15,30,2026-07-08,-3.0,17,in_bounds
2026-07-08 15:45:00+00:00,1,0.0,-1.0,JC055,McGinley Square,22,2026-07-08,15,45,2026-07-08,-4.0,17,in_bounds
2026-07-08 16:00:00+00:00,1,1.0,0.0,JC055,McGinley Square,22,2026-07-08,16,0,2026-07-08,-4.0,17,in_bounds
2026-07-08 16:15:00+00:00,0,2.0,2.0,JC055,McGinley Square,22,2026-07-08,16,15,2026-07-08,-2.0,17,in_bounds
2026-07-08 16:30:00+00:00,1,1.0,0.0,JC055,McGinley Square,22,2026-07-08,16,30,2026-07-08,-2.0,17,in_bounds
2026-07-08 16:45:00+00:00,2,2.0,0.0,JC055,McGinley Square,22,2026-07-08,16,45,2026-07-08,-2.0,17,in_bounds
2026-07-08 17:00:00+00:00,4,1.0,-3.0,JC055,McGinley Square,22,2026-07-08,17,0,2026-07-08,-5.0,17,in_bounds
2026-07-08 17:15:00+00:00,0,2.0,2.0,JC055,McGinley Square,22,2026-07-08,17,15,2026-07-08,-3.0,17,in_bounds
2026-07-08 17:30:00+00:00,2,1.0,-1.0,JC055,McGinley Square,22,2026-07-08,17,30,2026-07-08,-4.0,17,in_bounds
2026-07-08 17:45:00+00:00,2,2.0,0.0,JC055,McGinley Square,22,2026-07-08,17,45,2026-07-08,-4.0,17,in_bounds
2026-07-08 18:00:00+00:00,0,2.0,2.0,JC055,McGinley Square,22,2026-07-08,18,0,2026-07-08,-2.0,17,in_bounds
2026-07-08 18:15:00+00:00,1,2.0,1.0,JC055,McGinley Square,22,2026-07-08,18,15,2026-07-08,-1.0,17,in_bounds
2026-07-08 18:30:00+00:00,1,0.0,-1.0,JC055,McGinley Square,22,2026-07-08,18,30,2026-07-08,-2.0,17,in_bounds
2026-07-08 18:45:00+00:00,1,0.0,-1.0,JC055,McGinley Square,22,2026-07-08,18,45,2026-07-08,-3.0,17,in_bounds
2026-07-08 19:00:00+00:00,1,1.0,0.0,JC055,McGinley Square,22,2026-07-08,19,0,2026-07-08,-3.0,17,in_bounds
2026-07-08 19:15:00+00:00,1,0.0,-1.0,JC055,McGinley Square,22,2026-07-08,19,15,2026-07-08,-4.0,17,in_bounds
2026-07-08 19:30:00+00:00,0,2.0,2.0,JC055,McGinley Square,22,2026-07-08,19,30,2026-07-08,-2.0,17,in_bounds
2026-07-08 19:45:00+00:00,2,2.0,0.0,JC055,McGinley Square,22,2026-07-08,19,45,2026-07-08,-2.0,17,in_bounds
2026-07-08 20:00:00+00:00,0,1.0,1.0,JC055,McGinley Square,22,2026-07-08,20,0,2026-07-08,-1.0,17,in_bounds
2026-07-08 20:15:00+00:00,0,0.0,0.0,JC055,McGinley Square,22,2026-07-08,20,15,2026-07-08,-1.0,17,in_bounds
2026-07-08 20:30:00+00:00,0,0.0,0.0,JC055,McGinley Square,22,2026-07-08,20,30,2026-07-08,-1.0,17,in_bounds
2026-07-08 20:45:00+00:00,0,0.0,0.0,JC055,McGinley Square,22,2026-07-08,20,45,2026-07-08,-1.0,17,in_bounds
2026-07-08 21:00:00+00:00,0,0.0,0.0,JC055,McGinley Square,22,2026-07-08,21,0,2026-07-08,-1.0,17,in_bounds
2026-07-08 21:15:00+00:00,1,0.0,-1.0,JC055,McGinley Square,22,2026-07-08,21,15,2026-07-08,-2.0,17,in_bounds
2026-07-08 21:30:00+00:00,0,0.0,0.0,JC055,McGinley Square,22,2026-07-08,21,30,2026-07-08,-2.0,17,in_bounds
2026-07-08 21:45:00+00:00,0,0.0,0.0,JC055,McGinley Square,22,2026-07-08,21,45,2026-07-08,-2.0,17,in_bounds
2026-07-08 22:00:00+00:00,0,2.0,2.0,JC055,McGinley Square,22,2026-07-08,22,0,2026-07-08,0.0,17,in_bounds
2026-07-08 22:15:00+00:00,0,0.0,0.0,JC055,McGinley Square,22,2026-07-08,22,15,2026-07-08,0.0,17,in_bounds
2026-07-08 22:30:00+00:00,1,1.0,0.0,JC055,McGinley Square,22,2026-07-08,22,30,2026-07-08,0.0,17,in_bounds
2026-07-08 22:45:00+00:00,0,2.0,2.0,JC055,McGinley Square,22,2026-07-08,22,45,2026-07-08,2.0,17,in_bounds
2026-07-08 23:00:00+00:00,0,0.0,0.0,JC055,McGinley Square,22,2026-07-08,23,0,2026-07-08,2.0,17,in_bounds
2026-07-08 23:15:00+00:00,0,1.0,1.0,JC055,McGinley Square,22,2026-07-08,23,15,2026-07-08,3.0,17,in_bounds
2026-07-08 23:30:00+00:00,0,0.0,0.0,JC055,McGinley Square,22,2026-07-08,23,30,2026-07-08,3.0,17,in_bounds
2026-07-08 23:45:00+00:00,1,0.0,-1.0,JC055,McGinley Square,22,2026-07-08,23,45,2026-07-08,2.0,17,in_bounds
2026-07-09 00:00:00+00:00,0,0.0,0.0,JC055,McGinley Square,22,2026-07-09,0,0,2026-07-08,2.0,17,in_bounds
2026-07-09 00:15:00+00:00,0,0.0,0.0,JC055,McGinley Square,22,2026-07-09,0,15,2026-07-08,2.0,17,in_bounds
2026-07-09 00:30:00+00:00,0,0.0,0.0,JC055,McGinley Square,22,2026-07-09,0,30,2026-07-08,2.0,17,in_bounds
2026-07-09 00:45:00+00:00,1,0.0,-1.0,JC055,McGinley Square,22,2026-07-09,0,45,2026-07-08,1.0,17,in_bounds
2026-07-09 01:00:00+00:00,0,0.0,0.0,JC055,McGinley Square,22,2026-07-09,1,0,2026-07-08,1.0,17,in_bounds
2026-07-09 01:15:00+00:00,0,1.0,1.0,JC055,McGinley Square,22,2026-07-09,1,15,2026-07-08,2.0,17,in_bounds
2026-07-09 01:30:00+00:00,0,0.0,0.0,JC055,McGinley Square,22,2026-07-09,1,30,2026-07-08,2.0,17,in_bounds
2026-07-09 01:45:00+00:00,0,0.0,0.0,JC055,McGinley Square,22,2026-07-09,1,45,2026-07-08,2.0,17,in_bounds
2026-07-09 02:00:00+00:00,0,0.0,0.0,JC055,McGinley Square,22,2026-07-09,2,0,2026-07-08,2.0,17,in_bounds
2026-07-09 02:15:00+00:00,0,1.0,1.0,JC055,McGinley Square,22,2026-07-09,2,15,2026-07-08,3.0,17,in_bounds
2026-07-09 02:30:00+00:00,0,0.0,0.0,JC055,McGinley Square,22,2026-07-09,2,30,2026-07-08,3.0,17,in_bounds
2026-07-09 02:45:00+00:00,0,0.0,0.0,JC055,McGinley Square,22,2026-07-09,2,45,2026-07-08,3.0,17,in_bounds
2026-07-09 03:00:00+00:00,0,0.0,0.0,JC055,McGinley Square,22,2026-07-09,3,0,2026-07-08,3.0,17,in_bounds
2026-07-09 03:15:00+00:00,0,0.0,0.0,JC055,McGinley Square,22,2026-07-09,3,15,2026-07-08,3.0,17,in_bounds
2026-07-09 03:30:00+00:00,0,0.0,0.0,JC055,McGinley Square,22,2026-07-09,3,30,2026-07-08,3.0,17,in_bounds
2026-07-09 03:45:00+00:00,0,0.0,0.0,JC055,McGinley Square,22,2026-07-09,3,45,2026-07-08,3.0,17,in_bounds
2026-07-09 04:00:00+00:00,0,1.0,1.0,JC055,McGinley Square,22,2026-07-09,4,0,2026-07-08,4.0,17,in_bounds
2026-07-09 04:15:00+00:00,0,0.0,0.0,JC055,McGinley Square,22,2026-07-09,4,15,2026-07-08,4.0,17,in_bounds
2026-07-09 04:30:00+00:00,0,0.0,0.0,JC055,McGinley Square,22,2026-07-09,4,30,2026-07-08,4.0,17,in_bounds
2026-07-09 04:45:00+00:00,0,0.0,0.0,JC055,McGinley Square,22,2026-07-09,4,45,2026-07-08,4.0,17,in_bounds
2026-07-09 05:00:00+00:00,0,0.0,0.0,JC055,McGinley Square,22,2026-07-09,5,0,2026-07-09,0.0,17,in_bounds
2026-07-09 05:15:00+00:00,0,0.0,0.0,JC055,McGinley Square,22,2026-07-09,5,15,2026-07-09,0.0,17,in_bounds
2026-07-09 05:30:00+00:00,0,0.0,0.0,JC055,McGinley Square,22,2026-07-09,5,30,2026-07-09,0.0,17,in_bounds
2026-07-09 05:45:00+00:00,1,0.0,-1.0,JC055,McGinley Square,22,2026-07-09,5,45,2026-07-09,-1.0,17,in_bounds
2026-07-09 06:00:00+00:00,0,0.0,0.0,JC055,McGinley Square,22,2026-07-09,6,0,2026-07-09,-1.0,17,in_bounds
2026-07-09 06:15:00+00:00,0,0.0,0.0,JC055,McGinley Square,22,2026-07-09,6,15,2026-07-09,-1.0,17,in_bounds
2026-07-09 06:30:00+00:00,0,1.0,1.0,JC055,McGinley Square,22,2026-07-09,6,30,2026-07-09,0.0,17,in_bounds
2026-07-09 06:45:00+00:00,0,0.0,0.0,JC055,McGinley Square,22,2026-07-09,6,45,2026-07-09,0.0,17,in_bounds
2026-07-09 07:00:00+00:00,0,0.0,0.0,JC055,McGinley Square,22,2026-07-09,7,0,2026-07-09,0.0,17,in_bounds
2026-07-09 07:15:00+00:00,1,0.0,-1.0,JC055,McGinley Square,22,2026-07-09,7,15,2026-07-09,-1.0,17,in_bounds
2026-07-09 07:30:00+00:00,2,0.0,-2.0,JC055,McGinley Square,22,2026-07-09,7,30,2026-07-09,-3.0,17,in_bounds
2026-07-09 07:45:00+00:00,6,2.0,-4.0,JC055,McGinley Square,22,2026-07-09,7,45,2026-07-09,-7.0,17,in_bounds
2026-07-09 08:00:00+00:00,4,0.0,-4.0,JC055,McGinley Square,22,2026-07-09,8,0,2026-07-09,-11.0,17,in_bounds
2026-07-09 08:15:00+00:00,1,0.0,-1.0,JC055,McGinley Square,22,2026-07-09,8,15,2026-07-09,-12.0,17,in_bounds
2026-07-09 08:30:00+00:00,1,0.0,-1.0,JC055,McGinley Square,22,2026-07-09,8,30,2026-07-09,-13.0,17,in_bounds
2026-07-09 08:45:00+00:00,0,0.0,0.0,JC055,McGinley Square,22,2026-07-09,8,45,2026-07-09,-13.0,17,in_bounds
2026-07-09 09:00:00+00:00,0,0.0,0.0,JC055,McGinley Square,22,2026-07-09,9,0,2026-07-09,-13.0,17,in_bounds
2026-07-09 09:15:00+00:00,0,0.0,0.0,JC055,McGinley Square,22,2026-07-09,9,15,2026-07-09,-13.0,17,in_bounds
2026-07-09 09:30:00+00:00,0,0.0,0.0,JC055,McGinley Square,22,2026-07-09,9,30,2026-07-09,-13.0,17,in_bounds
2026-07-09 09:45:00+00:00,0,0.0,0.0,JC055,McGinley Square,22,2026-07-09,9,45,2026-07-09,-13.0,17,in_bounds
2026-07-09 10:00:00+00:00,0,0.0,0.0,JC055,McGinley Square,22,2026-07-09,10,0,2026-07-09,-13.0,17,in_bounds
2026-07-09 10:15:00+00:00,0,0.0,0.0,JC055,McGinley Square,22,2026-07-09,10,15,2026-07-09,-13.0,17,in_bounds
2026-07-09 10:30:00+00:00,1,1.0,0.0,JC055,McGinley Square,22,2026-07-09,10,30,2026-07-09,-13.0,17,in_bounds
2026-07-09 10:45:00+00:00,0,0.0,0.0,JC055,McGinley Square,22,2026-07-09,10,45,2026-07-09,-13.0,17,in_bounds
2026-07-09 11:00:00+00:00,0,0.0,0.0,JC055,McGinley Square,22,2026-07-09,11,0,2026-07-09,-13.0,17,in_bounds
2026-07-09 11:15:00+00:00,0,0.0,0.0,JC055,McGinley Square,22,2026-07-09,11,15,2026-07-09,-13.0,17,in_bounds
2026-07-09 11:30:00+00:00,1,1.0,0.0,JC055,McGinley Square,22,2026-07-09,11,30,2026-07-09,-13.0,17,in_bounds
2026-07-09 11:45:00+00:00,1,0.0,-1.0,JC055,McGinley Square,22,2026-07-09,11,45,2026-07-09,-14.0,17,in_bounds
2026-07-09 12:00:00+00:00,0,0.0,0.0,JC055,McGinley Square,22,2026-07-09,12,0,2026-07-09,-14.0,17,in_bounds
2026-07-09 12:15:00+00:00,1,1.0,0.0,JC055,McGinley Square,22,2026-07-09,12,15,2026-07-09,-14.0,17,in_bounds
2026-07-09 12:30:00+00:00,0,0.0,0.0,JC055,McGinley Square,22,2026-07-09,12,30,2026-07-09,-14.0,17,in_bounds
2026-07-09 12:45:00+00:00,0,0.0,0.0,JC055,McGinley Square,22,2026-07-09,12,45,2026-07-09,-14.0,17,in_bounds
2026-07-09 13:00:00+00:00,0,1.0,1.0,JC055,McGinley Square,22,2026-07-09,13,0,2026-07-09,-13.0,17,in_bounds
2026-07-09 13:15:00+00:00,0,0.0,0.0,JC055,McGinley Square,22,2026-07-09,13,15,2026-07-09,-13.0,17,in_bounds
2026-07-09 13:30:00+00:00,0,1.0,1.0,JC055,McGinley Square,22,2026-07-09,13,30,2026-07-09,-12.0,17,in_bounds
2026-07-09 13:45:00+00:00,1,0.0,-1.0,JC055,McGinley Square,22,2026-07-09,13,45,2026-07-09,-13.0,17,in_bounds
2026-07-09 14:00:00+00:00,1,0.0,-1.0,JC055,McGinley Square,22,2026-07-09,14,0,2026-07-09,-14.0,17,in_bounds
2026-07-09 14:15:00+00:00,0,0.0,0.0,JC055,McGinley Square,22,2026-07-09,14,15,2026-07-09,-14.0,17,in_bounds
2026-07-09 14:30:00+00:00,0,0.0,0.0,JC055,McGinley Square,22,2026-07-09,14,30,2026-07-09,-14.0,17,in_bounds
2026-07-09 14:45:00+00:00,0,0.0,0.0,JC055,McGinley Square,22,2026-07-09,14,45,2026-07-09,-14.0,17,in_bounds
2026-07-09 15:00:00+00:00,0,0.0,0.0,JC055,McGinley Square,22,2026-07-09,15,0,2026-07-09,-14.0,17,in_bounds
2026-07-09 15:15:00+00:00,0,0.0,0.0,JC055,McGinley Square,22,2026-07-09,15,15,2026-07-09,-14.0,17,in_bounds
2026-07-09 15:30:00+00:00,0,0.0,0.0,JC055,McGinley Square,22,2026-07-09,15,30,2026-07-09,-14.0,17,in_bounds
2026-07-09 15:45:00+00:00,0,0.0,0.0,JC055,McGinley Square,22,2026-07-09,15,45,2026-07-09,-14.0,17,in_bounds
2026-07-09 16:00:00+00:00,0,0.0,0.0,JC055,McGinley Square,22,2026-07-09,16,0,2026-07-09,-14.0,17,in_bounds
2026-07-09 16:15:00+00:00,0,0.0,0.0,JC055,McGinley Square,22,2026-07-09,16,15,2026-07-09,-14.0,17,in_bounds
2026-07-09 16:30:00+00:00,0,1.0,1.0,JC055,McGinley Square,22,2026-07-09,16,30,2026-07-09,-13.0,17,in_bounds
2026-07-09 16:45:00+00:00,0,1.0,1.0,JC055,McGinley Square,22,2026-07-09,16,45,2026-07-09,-12.0,17,in_bounds
2026-07-09 17:00:00+00:00,0,1.0,1.0,JC055,McGinley Square,22,2026-07-09,17,0,2026-07-09,-11.0,17,in_bounds
2026-07-09 17:15:00+00:00,1,1.0,0.0,JC055,McGinley Square,22,2026-07-09,17,15,2026-07-09,-11.0,17,in_bounds
2026-07-09 17:30:00+00:00,1,1.0,0.0,JC055,McGinley Square,22,2026-07-09,17,30,2026-07-09,-11.0,17,in_bounds
2026-07-09 17:45:00+00:00,1,0.0,-1.0,JC055,McGinley Square,22,2026-07-09,17,45,2026-07-09,-12.0,17,in_bounds
2026-07-09 18:00:00+00:00,0,1.0,1.0,JC055,McGinley Square,22,2026-07-09,18,0,2026-07-09,-11.0,17,in_bounds
2026-07-09 18:15:00+00:00,1,2.0,1.0,JC055,McGinley Square,22,2026-07-09,18,15,2026-07-09,-10.0,17,in_bounds
2026-07-09 18:30:00+00:00,1,0.0,-1.0,JC055,McGinley Square,22,2026-07-09,18,30,2026-07-09,-11.0,17,in_bounds
2026-07-09 18:45:00+00:00,1,0.0,-1.0,JC055,McGinley Square,22,2026-07-09,18,45,2026-07-09,-12.0,17,in_bounds
2026-07-09 19:00:00+00:00,0,0.0,0.0,JC055,McGinley Square,22,2026-07-09,19,0,2026-07-09,-12.0,17,in_bounds
2026-07-09 19:15:00+00:00,0,2.0,2.0,JC055,McGinley Square,22,2026-07-09,19,15,2026-07-09,-10.0,17,in_bounds
2026-07-09 19:30:00+00:00,0,0.0,0.0,JC055,McGinley Square,22,2026-07-09,19,30,2026-07-09,-10.0,17,in_bounds
2026-07-09 19:45:00+00:00,0,1.0,1.0,JC055,McGinley Square,22,2026-07-09,19,45,2026-07-09,-9.0,17,in_bounds
2026-07-09 20:00:00+00:00,0,0.0,0.0,JC055,McGinley Square,22,2026-07-09,20,0,2026-07-09,-9.0,17,in_bounds
2026-07-09 20:15:00+00:00,0,1.0,1.0,JC055,McGinley Square,22,2026-07-09,20,15,2026-07-09,-8.0,17,in_bounds
2026-07-09 20:30:00+00:00,2,0.0,-2.0,JC055,McGinley Square,22,2026-07-09,20,30,2026-07-09,-10.0,17,in_bounds
2026-07-09 20:45:00+00:00,0,1.0,1.0,JC055,McGinley Square,22,2026-07-09,20,45,2026-07-09,-9.0,17,in_bounds
2026-07-09 21:00:00+00:00,0,0.0,0.0,JC055,McGinley Square,22,2026-07-09,21,0,2026-07-09,-9.0,17,in_bounds
2026-07-09 21:15:00+00:00,0,0.0,0.0,JC055,McGinley Square,22,2026-07-09,21,15,2026-07-09,-9.0,17,in_bounds
2026-07-09 21:30:00+00:00,0,0.0,0.0,JC055,McGinley Square,22,2026-07-09,21,30,2026-07-09,-9.0,17,in_bounds
2026-07-09 21:45:00+00:00,0,0.0,0.0,JC055,McGinley Square,22,2026-07-09,21,45,2026-07-09,-9.0,17,in_bounds
2026-07-09 22:00:00+00:00,0,0.0,0.0,JC055,McGinley Square,22,2026-07-09,22,0,2026-07-09,-9.0,17,in_bounds
2026-07-09 22:15:00+00:00,1,0.0,-1.0,JC055,McGinley Square,22,2026-07-09,22,15,2026-07-09,-10.0,17,in_bounds
2026-07-09 22:30:00+00:00,0,0.0,0.0,JC055,McGinley Square,22,2026-07-09,22,30,2026-07-09,-10.0,17,in_bounds
2026-07-09 22:45:00+00:00,0,0.0,0.0,JC055,McGinley Square,22,2026-07-09,22,45,2026-07-09,-10.0,17,in_bounds
2026-07-09 23:00:00+00:00,0,0.0,0.0,JC055,McGinley Square,22,2026-07-09,23,0,2026-07-09,-10.0,17,in_bounds
2026-07-09 23:15:00+00:00,0,0.0,0.0,JC055,McGinley Square,22,2026-07-09,23,15,2026-07-09,-10.0,17,in_bounds
2026-07-09 23:30:00+00:00,0,0.0,0.0,JC055,McGinley Square,22,2026-07-09,23,30,2026-07-09,-10.0,17,in_bounds
2026-07-09 23:45:00+00:00,0,0.0,0.0,JC055,McGinley Square,22,2026-07-09,23,45,2026-07-09,-10.0,17,in_bounds
2026-07-10 00:00:00+00:00,0,0.0,0.0,JC055,McGinley Square,22,2026-07-10,0,0,2026-07-09,-10.0,17,in_bounds
2026-07-10 00:15:00+00:00,0,0.0,0.0,JC055,McGinley Square,22,2026-07-10,0,15,2026-07-09,-10.0,17,in_bounds
2026-07-10 00:30:00+00:00,0,1.0,1.0,JC055,McGinley Square,22,2026-07-10,0,30,2026-07-09,-9.0,17,in_bounds
2026-07-10 00:45:00+00:00,0,0.0,0.0,JC055,McGinley Square,22,2026-07-10,0,45,2026-07-09,-9.0,17,in_bounds
2026-07-10 01:00:00+00:00,0,0.0,0.0,JC055,McGinley Square,22,2026-07-10,1,0,2026-07-09,-9.0,17,in_bounds
2026-07-10 01:15:00+00:00,0,0.0,0.0,JC055,McGinley Square,22,2026-07-10,1,15,2026-07-09,-9.0,17,in_bounds
2026-07-10 01:30:00+00:00,0,0.0,0.0,JC055,McGinley Square,22,2026-07-10,1,30,2026-07-09,-9.0,17,in_bounds
2026-07-10 01:45:00+00:00,0,1.0,1.0,JC055,McGinley Square,22,2026-07-10,1,45,2026-07-09,-8.0,17,in_bounds
2026-07-10 02:00:00+00:00,0,1.0,1.0,JC055,McGinley Square,22,2026-07-10,2,0,2026-07-09,-7.0,17,in_bounds
2026-07-10 02:15:00+00:00,0,0.0,0.0,JC055,McGinley Square,22,2026-07-10,2,15,2026-07-09,-7.0,17,in_bounds
2026-07-10 02:30:00+00:00,0,2.0,2.0,JC055,McGinley Square,22,2026-07-10,2,30,2026-07-09,-5.0,17,in_bounds
2026-07-10 02:45:00+00:00,0,0.0,0.0,JC055,McGinley Square,22,2026-07-10,2,45,2026-07-09,-5.0,17,in_bounds
2026-07-10 03:00:00+00:00,0,0.0,0.0,JC055,McGinley Square,22,2026-07-10,3,0,2026-07-09,-5.0,17,in_bounds
2026-07-10 03:15:00+00:00,0,0.0,0.0,JC055,McGinley Square,22,2026-07-10,3,15,2026-07-09,-5.0,17,in_bounds
2026-07-10 03:30:00+00:00,0,0.0,0.0,JC055,McGinley Square,22,2026-07-10,3,30,2026-07-09,-5.0,17,in_bounds
2026-07-10 03:45:00+00:00,0,0.0,0.0,JC055,McGinley Square,22,2026-07-10,3,45,2026-07-09,-5.0,17,in_bounds
2026-07-10 04:00:00+00:00,0,0.0,0.0,JC055,McGinley Square,22,2026-07-10,4,0,2026-07-09,-5.0,17,in_bounds
2026-07-10 04:15:00+00:00,0,0.0,0.0,JC055,McGinley Square,22,2026-07-10,4,15,2026-07-09,-5.0,17,in_bounds
2026-07-10 04:30:00+00:00,0,0.0,0.0,JC055,McGinley Square,22,2026-07-10,4,30,2026-07-09,-5.0,17,in_bounds
2026-07-10 04:45:00+00:00,0,0.0,0.0,JC055,McGinley Square,22,2026-07-10,4,45,2026-07-09,-5.0,17,in_bounds
2026-07-10 05:00:00+00:00,0,0.0,0.0,JC055,McGinley Square,22,2026-07-10,5,0,2026-07-10,0.0,17,in_bounds
2026-07-10 05:15:00+00:00,0,0.0,0.0,JC055,McGinley Square,22,2026-07-10,5,15,2026-07-10,0.0,17,in_bounds
2026-07-10 05:30:00+00:00,0,0.0,0.0,JC055,McGinley Square,22,2026-07-10,5,30,2026-07-10,0.0,17,in_bounds
2026-07-10 05:45:00+00:00,0,0.0,0.0,JC055,McGinley Square,22,2026-07-10,5,45,2026-07-10,0.0,17,in_bounds
2026-07-10 06:00:00+00:00,0,0.0,0.0,JC055,McGinley Square,22,2026-07-10,6,0,2026-07-10,0.0,17,in_bounds
2026-07-10 06:15:00+00:00,1,0.0,-1.0,JC055,McGinley Square,22,2026-07-10,6,15,2026-07-10,-1.0,17,in_bounds
2026-07-10 06:30:00+00:00,0,0.0,0.0,JC055,McGinley Square,22,2026-07-10,6,30,2026-07-10,-1.0,17,in_bounds
2026-07-10 06:45:00+00:00,1,0.0,-1.0,JC055,McGinley Square,22,2026-07-10,6,45,2026-07-10,-2.0,17,in_bounds
2026-07-10 07:00:00+00:00,2,0.0,-2.0,JC055,McGinley Square,22,2026-07-10,7,0,2026-07-10,-4.0,17,in_bounds
2026-07-10 07:15:00+00:00,2,0.0,-2.0,JC055,McGinley Square,22,2026-07-10,7,15,2026-07-10,-6.0,17,in_bounds
2026-07-10 07:30:00+00:00,0,0.0,0.0,JC055,McGinley Square,22,2026-07-10,7,30,2026-07-10,-6.0,17,in_bounds
2026-07-10 07:45:00+00:00,1,0.0,-1.0,JC055,McGinley Square,22,2026-07-10,7,45,2026-07-10,-7.0,17,in_bounds
2026-07-10 08:00:00+00:00,0,0.0,0.0,JC055,McGinley Square,22,2026-07-10,8,0,2026-07-10,-7.0,17,in_bounds
2026-07-10 08:15:00+00:00,0,0.0,0.0,JC055,McGinley Square,22,2026-07-10,8,15,2026-07-10,-7.0,17,in_bounds
2026-07-10 08:30:00+00:00,0,0.0,0.0,JC055,McGinley Square,22,2026-07-10,8,30,2026-07-10,-7.0,17,in_bounds
2026-07-10 08:45:00+00:00,0,0.0,0.0,JC055,McGinley Square,22,2026-07-10,8,45,2026-07-10,-7.0,17,in_bounds
2026-07-10 09:00:00+00:00,0,0.0,0.0,JC055,McGinley Square,22,2026-07-10,9,0,2026-07-10,-7.0,17,in_bounds
2026-07-10 09:15:00+00:00,0,0.0,0.0,JC055,McGinley Square,22,2026-07-10,9,15,2026-07-10,-7.0,17,in_bounds
2026-07-10 09:30:00+00:00,0,0.0,0.0,JC055,McGinley Square,22,2026-07-10,9,30,2026-07-10,-7.0,17,in_bounds
2026-07-10 09:45:00+00:00,1,1.0,0.0,JC055,McGinley Square,22,2026-07-10,9,45,2026-07-10,-7.0,17,in_bounds
2026-07-10 10:00:00+00:00,0,0.0,0.0,JC055,McGinley Square,22,2026-07-10,10,0,2026-07-10,-7.0,17,in_bounds
2026-07-10 10:15:00+00:00,0,1.0,1.0,JC055,McGinley Square,22,2026-07-10,10,15,2026-07-10,-6.0,17,in_bounds
2026-07-10 10:30:00+00:00,2,2.0,0.0,JC055,McGinley Square,22,2026-07-10,10,30,2026-07-10,-6.0,17,in_bounds
2026-07-10 10:45:00+00:00,0,0.0,0.0,JC055,McGinley Square,22,2026-07-10,10,45,2026-07-10,-6.0,17,in_bounds
2026-07-10 11:00:00+00:00,1,0.0,-1.0,JC055,McGinley Square,22,2026-07-10,11,0,2026-07-10,-7.0,17,in_bounds
2026-07-10 11:15:00+00:00,0,0.0,0.0,JC055,McGinley Square,22,2026-07-10,11,15,2026-07-10,-7.0,17,in_bounds
2026-07-10 11:30:00+00:00,0,1.0,1.0,JC055,McGinley Square,22,2026-07-10,11,30,2026-07-10,-6.0,17,in_bounds
2026-07-10 11:45:00+00:00,0,0.0,0.0,JC055,McGinley Square,22,2026-07-10,11,45,2026-07-10,-6.0,17,in_bounds
2026-07-10 12:00:00+00:00,0,0.0,0.0,JC055,McGinley Square,22,2026-07-10,12,0,2026-07-10,-6.0,17,in_bounds
2026-07-10 12:15:00+00:00,0,0.0,0.0,JC055,McGinley Square,22,2026-07-10,12,15,2026-07-10,-6.0,17,in_bounds
2026-07-10 12:30:00+00:00,1,0.0,-1.0,JC055,McGinley Square,22,2026-07-10,12,30,2026-07-10,-7.0,17,in_bounds
2026-07-10 12:45:00+00:00,0,0.0,0.0,JC055,McGinley Square,22,2026-07-10,12,45,2026-07-10,-7.0,17,in_bounds
2026-07-10 13:00:00+00:00,0,0.0,0.0,JC055,McGinley Square,22,2026-07-10,13,0,2026-07-10,-7.0,17,in_bounds
2026-07-10 13:15:00+00:00,0,0.0,0.0,JC055,McGinley Square,22,2026-07-10,13,15,2026-07-10,-7.0,17,in_bounds
2026-07-10 13:30:00+00:00,0,0.0,0.0,JC055,McGinley Square,22,2026-07-10,13,30,2026-07-10,-7.0,17,in_bounds
2026-07-10 13:45:00+00:00,0,0.0,0.0,JC055,McGinley Square,22,2026-07-10,13,45,2026-07-10,-7.0,17,in_bounds
2026-07-10 14:00:00+00:00,0,0.0,0.0,JC055,McGinley Square,22,2026-07-10,14,0,2026-07-10,-7.0,17,in_bounds
2026-07-10 14:15:00+00:00,0,1.0,1.0,JC055,McGinley Square,22,2026-07-10,14,15,2026-07-10,-6.0,17,in_bounds
2026-07-10 14:30:00+00:00,0,1.0,1.0,JC055,McGinley Square,22,2026-07-10,14,30,2026-07-10,-5.0,17,in_bounds
2026-07-10 14:45:00+00:00,0,1.0,1.0,JC055,McGinley Square,22,2026-07-10,14,45,2026-07-10,-4.0,17,in_bounds
2026-07-10 15:00:00+00:00,0,0.0,0.0,JC055,McGinley Square,22,2026-07-10,15,0,2026-07-10,-4.0,17,in_bounds
2026-07-10 15:15:00+00:00,0,0.0,0.0,JC055,McGinley Square,22,2026-07-10,15,15,2026-07-10,-4.0,17,in_bounds
2026-07-10 15:30:00+00:00,1,1.0,0.0,JC055,McGinley Square,22,2026-07-10,15,30,2026-07-10,-4.0,17,in_bounds
2026-07-10 15:45:00+00:00,0,1.0,1.0,JC055,McGinley Square,22,2026-07-10,15,45,2026-07-10,-3.0,17,in_bounds
2026-07-10 16:00:00+00:00,0,1.0,1.0,JC055,McGinley Square,22,2026-07-10,16,0,2026-07-10,-2.0,17,in_bounds
2026-07-10 16:15:00+00:00,0,0.0,0.0,JC055,McGinley Square,22,2026-07-10,16,15,2026-07-10,-2.0,17,in_bounds
2026-07-10 16:30:00+00:00,2,1.0,-1.0,JC055,McGinley Square,22,2026-07-10,16,30,2026-07-10,-3.0,17,in_bounds
2026-07-10 16:45:00+00:00,0,1.0,1.0,JC055,McGinley Square,22,2026-07-10,16,45,2026-07-10,-2.0,17,in_bounds
2026-07-10 17:00:00+00:00,0,1.0,1.0,JC055,McGinley Square,22,2026-07-10,17,0,2026-07-10,-1.0,17,in_bounds
2026-07-10 17:15:00+00:00,1,2.0,1.0,JC055,McGinley Square,22,2026-07-10,17,15,2026-07-10,0.0,17,in_bounds
2026-07-10 17:30:00+00:00,1,1.0,0.0,JC055,McGinley Square,22,2026-07-10,17,30,2026-07-10,0.0,17,in_bounds
2026-07-10 17:45:00+00:00,3,1.0,-2.0,JC055,McGinley Square,22,2026-07-10,17,45,2026-07-10,-2.0,17,in_bounds
2026-07-10 18:00:00+00:00,3,1.0,-2.0,JC055,McGinley Square,22,2026-07-10,18,0,2026-07-10,-4.0,17,in_bounds
2026-07-10 18:15:00+00:00,0,1.0,1.0,JC055,McGinley Square,22,2026-07-10,18,15,2026-07-10,-3.0,17,in_bounds
2026-07-10 18:30:00+00:00,1,2.0,1.0,JC055,McGinley Square,22,2026-07-10,18,30,2026-07-10,-2.0,17,in_bounds
2026-07-10 18:45:00+00:00,1,1.0,0.0,JC055,McGinley Square,22,2026-07-10,18,45,2026-07-10,-2.0,17,in_bounds
2026-07-10 19:00:00+00:00,1,2.0,1.0,JC055,McGinley Square,22,2026-07-10,19,0,2026-07-10,-1.0,17,in_bounds
2026-07-10 19:15:00+00:00,0,0.0,0.0,JC055,McGinley Square,22,2026-07-10,19,15,2026-07-10,-1.0,17,in_bounds
2026-07-10 19:30:00+00:00,0,0.0,0.0,JC055,McGinley Square,22,2026-07-10,19,30,2026-07-10,-1.0,17,in_bounds
2026-07-10 19:45:00+00:00,0,0.0,0.0,JC055,McGinley Square,22,2026-07-10,19,45,2026-07-10,-1.0,17,in_bounds
2026-07-10 20:00:00+00:00,0,1.0,1.0,JC055,McGinley Square,22,2026-07-10,20,0,2026-07-10,0.0,17,in_bounds
2026-07-10 20:15:00+00:00,0,0.0,0.0,JC055,McGinley Square,22,2026-07-10,20,15,2026-07-10,0.0,17,in_bounds
2026-07-10 20:30:00+00:00,0,0.0,0.0,JC055,McGinley Square,22,2026-07-10,20,30,2026-07-10,0.0,17,in_bounds
2026-07-10 20:45:00+00:00,0,0.0,0.0,JC055,McGinley Square,22,2026-07-10,20,45,2026-07-10,0.0,17,in_bounds
2026-07-10 21:00:00+00:00,0,0.0,0.0,JC055,McGinley Square,22,2026-07-10,21,0,2026-07-10,0.0,17,in_bounds
2026-07-10 21:15:00+00:00,0,1.0,1.0,JC055,McGinley Square,22,2026-07-10,21,15,2026-07-10,1.0,17,in_bounds
2026-07-10 21:30:00+00:00,1,0.0,-1.0,JC055,McGinley Square,22,2026-07-10,21,30,2026-07-10,0.0,17,in_bounds
2026-07-10 21:45:00+00:00,0,0.0,0.0,JC055,McGinley Square,22,2026-07-10,21,45,2026-07-10,0.0,17,in_bounds
2026-07-10 22:00:00+00:00,0,0.0,0.0,JC055,McGinley Square,22,2026-07-10,22,0,2026-07-10,0.0,17,in_bounds
2026-07-10 22:15:00+00:00,1,1.0,0.0,JC055,McGinley Square,22,2026-07-10,22,15,2026-07-10,0.0,17,in_bounds
2026-07-10 22:30:00+00:00,0,1.0,1.0,JC055,McGinley Square,22,2026-07-10,22,30,2026-07-10,1.0,17,in_bounds
2026-07-10 22:45:00+00:00,0,0.0,0.0,JC055,McGinley Square,22,2026-07-10,22,45,2026-07-10,1.0,17,in_bounds
2026-07-10 23:00:00+00:00,1,0.0,-1.0,JC055,McGinley Square,22,2026-07-10,23,0,2026-07-10,0.0,17,in_bounds
2026-07-10 23:15:00+00:00,0,2.0,2.0,JC055,McGinley Square,22,2026-07-10,23,15,2026-07-10,2.0,17,in_bounds
2026-07-10 23:30:00+00:00,0,2.0,2.0,JC055,McGinley Square,22,2026-07-10,23,30,2026-07-10,4.0,17,in_bounds
2026-07-10 23:45:00+00:00,0,0.0,0.0,JC055,McGinley Square,22,2026-07-10,23,45,2026-07-10,4.0,17,in_bounds
2026-07-11 00:00:00+00:00,0,0.0,0.0,JC055,McGinley Square,22,2026-07-11,0,0,2026-07-10,4.0,17,in_bounds
2026-07-11 00:15:00+00:00,1,0.0,-1.0,JC055,McGinley Square,22,2026-07-11,0,15,2026-07-10,3.0,17,in_bounds
2026-07-11 00:30:00+00:00,0,0.0,0.0,JC055,McGinley Square,22,2026-07-11,0,30,2026-07-10,3.0,17,in_bounds
2026-07-11 00:45:00+00:00,0,0.0,0.0,JC055,McGinley Square,22,2026-07-11,0,45,2026-07-10,3.0,17,in_bounds
2026-07-11 01:00:00+00:00,0,0.0,0.0,JC055,McGinley Square,22,2026-07-11,1,0,2026-07-10,3.0,17,in_bounds
2026-07-11 01:15:00+00:00,0,0.0,0.0,JC055,McGinley Square,22,2026-07-11,1,15,2026-07-10,3.0,17,in_bounds
2026-07-11 01:30:00+00:00,0,0.0,0.0,JC055,McGinley Square,22,2026-07-11,1,30,2026-07-10,3.0,17,in_bounds
2026-07-11 01:45:00+00:00,1,0.0,-1.0,JC055,McGinley Square,22,2026-07-11,1,45,2026-07-10,2.0,17,in_bounds
2026-07-11 02:00:00+00:00,0,0.0,0.0,JC055,McGinley Square,22,2026-07-11,2,0,2026-07-10,2.0,17,in_bounds
2026-07-11 02:15:00+00:00,1,0.0,-1.0,JC055,McGinley Square,22,2026-07-11,2,15,2026-07-10,1.0,17,in_bounds
2026-07-11 02:30:00+00:00,0,0.0,0.0,JC055,McGinley Square,22,2026-07-11,2,30,2026-07-10,1.0,17,in_bounds
2026-07-11 02:45:00+00:00,0,0.0,0.0,JC055,McGinley Square,22,2026-07-11,2,45,2026-07-10,1.0,17,in_bounds
2026-07-11 03:00:00+00:00,0,0.0,0.0,JC055,McGinley Square,22,2026-07-11,3,0,2026-07-10,1.0,17,in_bounds
2026-07-11 03:15:00+00:00,0,1.0,1.0,JC055,McGinley Square,22,2026-07-11,3,15,2026-07-10,2.0,17,in_bounds
2026-07-11 03:30:00+00:00,0,1.0,1.0,JC055,McGinley Square,22,2026-07-11,3,30,2026-07-10,3.0,17,in_bounds
2026-07-11 03:45:00+00:00,0,0.0,0.0,JC055,McGinley Square,22,2026-07-11,3,45,2026-07-10,3.0,17,in_bounds
2026-07-11 04:00:00+00:00,1,0.0,-1.0,JC055,McGinley Square,22,2026-07-11,4,0,2026-07-10,2.0,17,in_bounds
2026-07-11 04:15:00+00:00,0,1.0,1.0,JC055,McGinley Square,22,2026-07-11,4,15,2026-07-10,3.0,17,in_bounds
2026-07-11 04:30:00+00:00,0,0.0,0.0,JC055,McGinley Square,22,2026-07-11,4,30,2026-07-10,3.0,17,in_bounds
2026-07-11 04:45:00+00:00,0,0.0,0.0,JC055,McGinley Square,22,2026-07-11,4,45,2026-07-10,3.0,17,in_bounds
2026-07-11 05:00:00+00:00,0,0.0,0.0,JC055,McGinley Square,22,2026-07-11,5,0,2026-07-11,0.0,17,in_bounds
2026-07-11 05:15:00+00:00,0,0.0,0.0,JC055,McGinley Square,22,2026-07-11,5,15,2026-07-11,0.0,17,in_bounds
2026-07-11 05:30:00+00:00,0,0.0,0.0,JC055,McGinley Square,22,2026-07-11,5,30,2026-07-11,0.0,17,in_bounds
2026-07-11 05:45:00+00:00,0,0.0,0.0,JC055,McGinley Square,22,2026-07-11,5,45,2026-07-11,0.0,17,in_bounds
2026-07-11 06:00:00+00:00,0,0.0,0.0,JC055,McGinley Square,22,2026-07-11,6,0,2026-07-11,0.0,17,in_bounds
2026-07-11 06:15:00+00:00,0,0.0,0.0,JC055,McGinley Square,22,2026-07-11,6,15,2026-07-11,0.0,17,in_bounds
2026-07-11 06:30:00+00:00,0,0.0,0.0,JC055,McGinley Square,22,2026-07-11,6,30,2026-07-11,0.0,17,in_bounds
2026-07-11 06:45:00+00:00,1,0.0,-1.0,JC055,McGinley Square,22,2026-07-11,6,45,2026-07-11,-1.0,17,in_bounds
2026-07-11 07:00:00+00:00,0,0.0,0.0,JC055,McGinley Square,22,2026-07-11,7,0,2026-07-11,-1.0,17,in_bounds
2026-07-11 07:15:00+00:00,0,0.0,0.0,JC055,McGinley Square,22,2026-07-11,7,15,2026-07-11,-1.0,17,in_bounds
2026-07-11 07:30:00+00:00,0,0.0,0.0,JC055,McGinley Square,22,2026-07-11,7,30,2026-07-11,-1.0,17,in_bounds
2026-07-11 07:45:00+00:00,0,1.0,1.0,JC055,McGinley Square,22,2026-07-11,7,45,2026-07-11,0.0,17,in_bounds
2026-07-11 08:00:00+00:00,0,0.0,0.0,JC055,McGinley Square,22,2026-07-11,8,0,2026-07-11,0.0,17,in_bounds
2026-07-11 08:15:00+00:00,1,0.0,-1.0,JC055,McGinley Square,22,2026-07-11,8,15,2026-07-11,-1.0,17,in_bounds
2026-07-11 08:30:00+00:00,0,0.0,0.0,JC055,McGinley Square,22,2026-07-11,8,30,2026-07-11,-1.0,17,in_bounds
2026-07-11 08:45:00+00:00,0,0.0,0.0,JC055,McGinley Square,22,2026-07-11,8,45,2026-07-11,-1.0,17,in_bounds
2026-07-11 09:00:00+00:00,2,0.0,-2.0,JC055,McGinley Square,22,2026-07-11,9,0,2026-07-11,-3.0,17,in_bounds
2026-07-11 09:15:00+00:00,0,0.0,0.0,JC055,McGinley Square,22,2026-07-11,9,15,2026-07-11,-3.0,17,in_bounds
2026-07-11 09:30:00+00:00,0,0.0,0.0,JC055,McGinley Square,22,2026-07-11,9,30,2026-07-11,-3.0,17,in_bounds
2026-07-11 09:45:00+00:00,1,0.0,-1.0,JC055,McGinley Square,22,2026-07-11,9,45,2026-07-11,-4.0,17,in_bounds
2026-07-11 10:00:00+00:00,0,0.0,0.0,JC055,McGinley Square,22,2026-07-11,10,0,2026-07-11,-4.0,17,in_bounds
2026-07-11 10:15:00+00:00,0,1.0,1.0,JC055,McGinley Square,22,2026-07-11,10,15,2026-07-11,-3.0,17,in_bounds
2026-07-11 10:30:00+00:00,0,0.0,0.0,JC055,McGinley Square,22,2026-07-11,10,30,2026-07-11,-3.0,17,in_bounds
2026-07-11 10:45:00+00:00,1,0.0,-1.0,JC055,McGinley Square,22,2026-07-11,10,45,2026-07-11,-4.0,17,in_bounds
2026-07-11 11:00:00+00:00,0,0.0,0.0,JC055,McGinley Square,22,2026-07-11,11,0,2026-07-11,-4.0,17,in_bounds
2026-07-11 11:15:00+00:00,0,0.0,0.0,JC055,McGinley Square,22,2026-07-11,11,15,2026-07-11,-4.0,17,in_bounds
2026-07-11 11:30:00+00:00,3,0.0,-3.0,JC055,McGinley Square,22,2026-07-11,11,30,2026-07-11,-7.0,17,in_bounds
2026-07-11 11:45:00+00:00,0,0.0,0.0,JC055,McGinley Square,22,2026-07-11,11,45,2026-07-11,-7.0,17,in_bounds
2026-07-11 12:00:00+00:00,0,1.0,1.0,JC055,McGinley Square,22,2026-07-11,12,0,2026-07-11,-6.0,17,in_bounds
2026-07-11 12:15:00+00:00,0,0.0,0.0,JC055,McGinley Square,22,2026-07-11,12,15,2026-07-11,-6.0,17,in_bounds
2026-07-11 12:30:00+00:00,0,0.0,0.0,JC055,McGinley Square,22,2026-07-11,12,30,2026-07-11,-6.0,17,in_bounds
2026-07-11 12:45:00+00:00,0,1.0,1.0,JC055,McGinley Square,22,2026-07-11,12,45,2026-07-11,-5.0,17,in_bounds
2026-07-11 13:00:00+00:00,0,0.0,0.0,JC055,McGinley Square,22,2026-07-11,13,0,2026-07-11,-5.0,17,in_bounds
2026-07-11 13:15:00+00:00,0,0.0,0.0,JC055,McGinley Square,22,2026-07-11,13,15,2026-07-11,-5.0,17,in_bounds
2026-07-11 13:30:00+00:00,0,0.0,0.0,JC055,McGinley Square,22,2026-07-11,13,30,2026-07-11,-5.0,17,in_bounds
2026-07-11 13:45:00+00:00,0,0.0,0.0,JC055,McGinley Square,22,2026-07-11,13,45,2026-07-11,-5.0,17,in_bounds
2026-07-11 14:00:00+00:00,3,3.0,0.0,JC055,McGinley Square,22,2026-07-11,14,0,2026-07-11,-5.0,17,in_bounds
2026-07-11 14:15:00+00:00,2,0.0,-2.0,JC055,McGinley Square,22,2026-07-11,14,15,2026-07-11,-7.0,17,in_bounds
2026-07-11 14:30:00+00:00,2,1.0,-1.0,JC055,McGinley Square,22,2026-07-11,14,30,2026-07-11,-8.0,17,in_bounds
2026-07-11 14:45:00+00:00,1,0.0,-1.0,JC055,McGinley Square,22,2026-07-11,14,45,2026-07-11,-9.0,17,in_bounds
2026-07-11 15:00:00+00:00,0,1.0,1.0,JC055,McGinley Square,22,2026-07-11,15,0,2026-07-11,-8.0,17,in_bounds
2026-07-11 15:15:00+00:00,3,0.0,-3.0,JC055,McGinley Square,22,2026-07-11,15,15,2026-07-11,-11.0,17,in_bounds
2026-07-11 15:30:00+00:00,1,0.0,-1.0,JC055,McGinley Square,22,2026-07-11,15,30,2026-07-11,-12.0,17,in_bounds
2026-07-11 15:45:00+00:00,0,2.0,2.0,JC055,McGinley Square,22,2026-07-11,15,45,2026-07-11,-10.0,17,in_bounds
2026-07-11 16:00:00+00:00,1,0.0,-1.0,JC055,McGinley Square,22,2026-07-11,16,0,2026-07-11,-11.0,17,in_bounds
2026-07-11 16:15:00+00:00,0,0.0,0.0,JC055,McGinley Square,22,2026-07-11,16,15,2026-07-11,-11.0,17,in_bounds
2026-07-11 16:30:00+00:00,0,0.0,0.0,JC055,McGinley Square,22,2026-07-11,16,30,2026-07-11,-11.0,17,in_bounds
2026-07-11 16:45:00+00:00,0,1.0,1.0,JC055,McGinley Square,22,2026-07-11,16,45,2026-07-11,-10.0,17,in_bounds
2026-07-11 17:00:00+00:00,2,1.0,-1.0,JC055,McGinley Square,22,2026-07-11,17,0,2026-07-11,-11.0,17,in_bounds
2026-07-11 17:15:00+00:00,1,1.0,0.0,JC055,McGinley Square,22,2026-07-11,17,15,2026-07-11,-11.0,17,in_bounds
2026-07-11 17:30:00+00:00,2,3.0,1.0,JC055,McGinley Square,22,2026-07-11,17,30,2026-07-11,-10.0,17,in_bounds
2026-07-11 17:45:00+00:00,1,0.0,-1.0,JC055,McGinley Square,22,2026-07-11,17,45,2026-07-11,-11.0,17,in_bounds
2026-07-11 18:00:00+00:00,0,1.0,1.0,JC055,McGinley Square,22,2026-07-11,18,0,2026-07-11,-10.0,17,in_bounds
2026-07-11 18:15:00+00:00,0,1.0,1.0,JC055,McGinley Square,22,2026-07-11,18,15,2026-07-11,-9.0,17,in_bounds
2026-07-11 18:30:00+00:00,0,2.0,2.0,JC055,McGinley Square,22,2026-07-11,18,30,2026-07-11,-7.0,17,in_bounds
2026-07-11 18:45:00+00:00,2,0.0,-2.0,JC055,McGinley Square,22,2026-07-11,18,45,2026-07-11,-9.0,17,in_bounds
2026-07-11 19:00:00+00:00,0,0.0,0.0,JC055,McGinley Square,22,2026-07-11,19,0,2026-07-11,-9.0,17,in_bounds
2026-07-11 19:15:00+00:00,0,1.0,1.0,JC055,McGinley Square,22,2026-07-11,19,15,2026-07-11,-8.0,17,in_bounds
2026-07-11 19:30:00+00:00,0,0.0,0.0,JC055,McGinley Square,22,2026-07-11,19,30,2026-07-11,-8.0,17,in_bounds
2026-07-11 19:45:00+00:00,2,3.0,1.0,JC055,McGinley Square,22,2026-07-11,19,45,2026-07-11,-7.0,17,in_bounds
2026-07-11 20:00:00+00:00,1,0.0,-1.0,JC055,McGinley Square,22,2026-07-11,20,0,2026-07-11,-8.0,17,in_bounds
2026-07-11 20:15:00+00:00,2,0.0,-2.0,JC055,McGinley Square,22,2026-07-11,20,15,2026-07-11,-10.0,17,in_bounds
2026-07-11 20:30:00+00:00,0,0.0,0.0,JC055,McGinley Square,22,2026-07-11,20,30,2026-07-11,-10.0,17,in_bounds
2026-07-11 20:45:00+00:00,0,0.0,0.0,JC055,McGinley Square,22,2026-07-11,20,45,2026-07-11,-10.0,17,in_bounds
2026-07-11 21:00:00+00:00,0,0.0,0.0,JC055,McGinley Square,22,2026-07-11,21,0,2026-07-11,-10.0,17,in_bounds
2026-07-11 21:15:00+00:00,1,1.0,0.0,JC055,McGinley Square,22,2026-07-11,21,15,2026-07-11,-10.0,17,in_bounds
2026-07-11 21:30:00+00:00,0,0.0,0.0,JC055,McGinley Square,22,2026-07-11,21,30,2026-07-11,-10.0,17,in_bounds
2026-07-11 21:45:00+00:00,0,0.0,0.0,JC055,McGinley Square,22,2026-07-11,21,45,2026-07-11,-10.0,17,in_bounds
2026-07-11 22:00:00+00:00,0,0.0,0.0,JC055,McGinley Square,22,2026-07-11,22,0,2026-07-11,-10.0,17,in_bounds
2026-07-11 22:15:00+00:00,1,0.0,-1.0,JC055,McGinley Square,22,2026-07-11,22,15,2026-07-11,-11.0,17,in_bounds
2026-07-11 22:30:00+00:00,0,1.0,1.0,JC055,McGinley Square,22,2026-07-11,22,30,2026-07-11,-10.0,17,in_bounds
2026-07-11 22:45:00+00:00,0,0.0,0.0,JC055,McGinley Square,22,2026-07-11,22,45,2026-07-11,-10.0,17,in_bounds
2026-07-11 23:00:00+00:00,0,0.0,0.0,JC055,McGinley Square,22,2026-07-11,23,0,2026-07-11,-10.0,17,in_bounds
2026-07-11 23:15:00+00:00,0,2.0,2.0,JC055,McGinley Square,22,2026-07-11,23,15,2026-07-11,-8.0,17,in_bounds
2026-07-11 23:30:00+00:00,0,0.0,0.0,JC055,McGinley Square,22,2026-07-11,23,30,2026-07-11,-8.0,17,in_bounds
2026-07-11 23:45:00+00:00,1,0.0,-1.0,JC055,McGinley Square,22,2026-07-11,23,45,2026-07-11,-9.0,17,in_bounds
2026-07-12 00:00:00+00:00,1,3.0,2.0,JC055,McGinley Square,22,2026-07-12,0,0,2026-07-11,-7.0,17,in_bounds
2026-07-12 00:15:00+00:00,0,1.0,1.0,JC055,McGinley Square,22,2026-07-12,0,15,2026-07-11,-6.0,17,in_bounds
2026-07-12 00:30:00+00:00,0,0.0,0.0,JC055,McGinley Square,22,2026-07-12,0,30,2026-07-11,-6.0,17,in_bounds
2026-07-12 00:45:00+00:00,0,0.0,0.0,JC055,McGinley Square,22,2026-07-12,0,45,2026-07-11,-6.0,17,in_bounds
2026-07-12 01:00:00+00:00,0,1.0,1.0,JC055,McGinley Square,22,2026-07-12,1,0,2026-07-11,-5.0,17,in_bounds
2026-07-12 01:15:00+00:00,0,0.0,0.0,JC055,McGinley Square,22,2026-07-12,1,15,2026-07-11,-5.0,17,in_bounds
2026-07-12 01:30:00+00:00,1,1.0,0.0,JC055,McGinley Square,22,2026-07-12,1,30,2026-07-11,-5.0,17,in_bounds
2026-07-12 01:45:00+00:00,0,0.0,0.0,JC055,McGinley Square,22,2026-07-12,1,45,2026-07-11,-5.0,17,in_bounds
2026-07-12 02:00:00+00:00,0,0.0,0.0,JC055,McGinley Square,22,2026-07-12,2,0,2026-07-11,-5.0,17,in_bounds
2026-07-12 02:15:00+00:00,0,0.0,0.0,JC055,McGinley Square,22,2026-07-12,2,15,2026-07-11,-5.0,17,in_bounds
2026-07-12 02:30:00+00:00,0,0.0,0.0,JC055,McGinley Square,22,2026-07-12,2,30,2026-07-11,-5.0,17,in_bounds
2026-07-12 02:45:00+00:00,0,0.0,0.0,JC055,McGinley Square,22,2026-07-12,2,45,2026-07-11,-5.0,17,in_bounds
2026-07-12 03:00:00+00:00,0,1.0,1.0,JC055,McGinley Square,22,2026-07-12,3,0,2026-07-11,-4.0,17,in_bounds
2026-07-12 03:15:00+00:00,0,0.0,0.0,JC055,McGinley Square,22,2026-07-12,3,15,2026-07-11,-4.0,17,in_bounds
2026-07-12 03:30:00+00:00,0,0.0,0.0,JC055,McGinley Square,22,2026-07-12,3,30,2026-07-11,-4.0,17,in_bounds
2026-07-12 03:45:00+00:00,0,0.0,0.0,JC055,McGinley Square,22,2026-07-12,3,45,2026-07-11,-4.0,17,in_bounds
2026-07-12 04:00:00+00:00,1,0.0,-1.0,JC055,McGinley Square,22,2026-07-12,4,0,2026-07-11,-5.0,17,in_bounds
2026-07-12 04:15:00+00:00,0,1.0,1.0,JC055,McGinley Square,22,2026-07-12,4,15,2026-07-11,-4.0,17,in_bounds
2026-07-12 04:30:00+00:00,0,1.0,1.0,JC055,McGinley Square,22,2026-07-12,4,30,2026-07-11,-3.0,17,in_bounds
2026-07-12 04:45:00+00:00,0,0.0,0.0,JC055,McGinley Square,22,2026-07-12,4,45,2026-07-11,-3.0,17,in_bounds
2026-07-12 05:00:00+00:00,0,0.0,0.0,JC055,McGinley Square,22,2026-07-12,5,0,2026-07-12,0.0,17,in_bounds
2026-07-12 05:15:00+00:00,0,0.0,0.0,JC055,McGinley Square,22,2026-07-12,5,15,2026-07-12,0.0,17,in_bounds
2026-07-12 05:30:00+00:00,0,0.0,0.0,JC055,McGinley Square,22,2026-07-12,5,30,2026-07-12,0.0,17,in_bounds
2026-07-12 05:45:00+00:00,0,0.0,0.0,JC055,McGinley Square,22,2026-07-12,5,45,2026-07-12,0.0,17,in_bounds
2026-07-12 06:00:00+00:00,0,0.0,0.0,JC055,McGinley Square,22,2026-07-12,6,0,2026-07-12,0.0,17,in_bounds
2026-07-12 06:15:00+00:00,0,0.0,0.0,JC055,McGinley Square,22,2026-07-12,6,15,2026-07-12,0.0,17,in_bounds
2026-07-12 06:30:00+00:00,0,0.0,0.0,JC055,McGinley Square,22,2026-07-12,6,30,2026-07-12,0.0,17,in_bounds
2026-07-12 06:45:00+00:00,0,0.0,0.0,JC055,McGinley Square,22,2026-07-12,6,45,2026-07-12,0.0,17,in_bounds
2026-07-12 07:00:00+00:00,0,0.0,0.0,JC055,McGinley Square,22,2026-07-12,7,0,2026-07-12,0.0,17,in_bounds
2026-07-12 07:15:00+00:00,0,0.0,0.0,JC055,McGinley Square,22,2026-07-12,7,15,2026-07-12,0.0,17,in_bounds
2026-07-12 07:30:00+00:00,0,0.0,0.0,JC055,McGinley Square,22,2026-07-12,7,30,2026-07-12,0.0,17,in_bounds
2026-07-12 07:45:00+00:00,1,0.0,-1.0,JC055,McGinley Square,22,2026-07-12,7,45,2026-07-12,-1.0,17,in_bounds
2026-07-12 08:00:00+00:00,0,0.0,0.0,JC055,McGinley Square,22,2026-07-12,8,0,2026-07-12,-1.0,17,in_bounds
2026-07-12 08:15:00+00:00,0,0.0,0.0,JC055,McGinley Square,22,2026-07-12,8,15,2026-07-12,-1.0,17,in_bounds
2026-07-12 08:30:00+00:00,1,0.0,-1.0,JC055,McGinley Square,22,2026-07-12,8,30,2026-07-12,-2.0,17,in_bounds
2026-07-12 08:45:00+00:00,1,0.0,-1.0,JC055,McGinley Square,22,2026-07-12,8,45,2026-07-12,-3.0,17,in_bounds
2026-07-12 09:00:00+00:00,0,0.0,0.0,JC055,McGinley Square,22,2026-07-12,9,0,2026-07-12,-3.0,17,in_bounds
2026-07-12 09:15:00+00:00,0,0.0,0.0,JC055,McGinley Square,22,2026-07-12,9,15,2026-07-12,-3.0,17,in_bounds
2026-07-12 09:30:00+00:00,1,0.0,-1.0,JC055,McGinley Square,22,2026-07-12,9,30,2026-07-12,-4.0,17,in_bounds
2026-07-12 09:45:00+00:00,4,0.0,-4.0,JC055,McGinley Square,22,2026-07-12,9,45,2026-07-12,-8.0,17,in_bounds
2026-07-12 10:00:00+00:00,1,0.0,-1.0,JC055,McGinley Square,22,2026-07-12,10,0,2026-07-12,-9.0,17,in_bounds
2026-07-12 10:15:00+00:00,0,0.0,0.0,JC055,McGinley Square,22,2026-07-12,10,15,2026-07-12,-9.0,17,in_bounds
2026-07-12 10:30:00+00:00,0,0.0,0.0,JC055,McGinley Square,22,2026-07-12,10,30,2026-07-12,-9.0,17,in_bounds
2026-07-12 10:45:00+00:00,0,0.0,0.0,JC055,McGinley Square,22,2026-07-12,10,45,2026-07-12,-9.0,17,in_bounds
2026-07-12 11:00:00+00:00,0,1.0,1.0,JC055,McGinley Square,22,2026-07-12,11,0,2026-07-12,-8.0,17,in_bounds
2026-07-12 11:15:00+00:00,1,1.0,0.0,JC055,McGinley Square,22,2026-07-12,11,15,2026-07-12,-8.0,17,in_bounds
2026-07-12 11:30:00+00:00,0,0.0,0.0,JC055,McGinley Square,22,2026-07-12,11,30,2026-07-12,-8.0,17,in_bounds
2026-07-12 11:45:00+00:00,1,0.0,-1.0,JC055,McGinley Square,22,2026-07-12,11,45,2026-07-12,-9.0,17,in_bounds
2026-07-12 12:00:00+00:00,0,0.0,0.0,JC055,McGinley Square,22,2026-07-12,12,0,2026-07-12,-9.0,17,in_bounds
2026-07-12 12:15:00+00:00,0,0.0,0.0,JC055,McGinley Square,22,2026-07-12,12,15,2026-07-12,-9.0,17,in_bounds
2026-07-12 12:30:00+00:00,0,1.0,1.0,JC055,McGinley Square,22,2026-07-12,12,30,2026-07-12,-8.0,17,in_bounds
2026-07-12 12:45:00+00:00,0,0.0,0.0,JC055,McGinley Square,22,2026-07-12,12,45,2026-07-12,-8.0,17,in_bounds
2026-07-12 13:00:00+00:00,1,0.0,-1.0,JC055,McGinley Square,22,2026-07-12,13,0,2026-07-12,-9.0,17,in_bounds
2026-07-12 13:15:00+00:00,0,1.0,1.0,JC055,McGinley Square,22,2026-07-12,13,15,2026-07-12,-8.0,17,in_bounds
2026-07-12 13:30:00+00:00,1,0.0,-1.0,JC055,McGinley Square,22,2026-07-12,13,30,2026-07-12,-9.0,17,in_bounds
2026-07-12 13:45:00+00:00,0,0.0,0.0,JC055,McGinley Square,22,2026-07-12,13,45,2026-07-12,-9.0,17,in_bounds
2026-07-12 14:00:00+00:00,0,1.0,1.0,JC055,McGinley Square,22,2026-07-12,14,0,2026-07-12,-8.0,17,in_bounds
2026-07-12 14:15:00+00:00,0,0.0,0.0,JC055,McGinley Square,22,2026-07-12,14,15,2026-07-12,-8.0,17,in_bounds
2026-07-12 14:30:00+00:00,1,0.0,-1.0,JC055,McGinley Square,22,2026-07-12,14,30,2026-07-12,-9.0,17,in_bounds
2026-07-12 14:45:00+00:00,0,1.0,1.0,JC055,McGinley Square,22,2026-07-12,14,45,2026-07-12,-8.0,17,in_bounds
2026-07-12 15:00:00+00:00,1,0.0,-1.0,JC055,McGinley Square,22,2026-07-12,15,0,2026-07-12,-9.0,17,in_bounds
2026-07-12 15:15:00+00:00,0,0.0,0.0,JC055,McGinley Square,22,2026-07-12,15,15,2026-07-12,-9.0,17,in_bounds
2026-07-12 15:30:00+00:00,0,0.0,0.0,JC055,McGinley Square,22,2026-07-12,15,30,2026-07-12,-9.0,17,in_bounds
2026-07-12 15:45:00+00:00,0,0.0,0.0,JC055,McGinley Square,22,2026-07-12,15,45,2026-07-12,-9.0,17,in_bounds
2026-07-12 16:00:00+00:00,0,1.0,1.0,JC055,McGinley Square,22,2026-07-12,16,0,2026-07-12,-8.0,17,in_bounds
2026-07-12 16:15:00+00:00,1,0.0,-1.0,JC055,McGinley Square,22,2026-07-12,16,15,2026-07-12,-9.0,17,in_bounds
2026-07-12 16:30:00+00:00,0,0.0,0.0,JC055,McGinley Square,22,2026-07-12,16,30,2026-07-12,-9.0,17,in_bounds
2026-07-12 16:45:00+00:00,0,0.0,0.0,JC055,McGinley Square,22,2026-07-12,16,45,2026-07-12,-9.0,17,in_bounds
2026-07-12 17:00:00+00:00,0,0.0,0.0,JC055,McGinley Square,22,2026-07-12,17,0,2026-07-12,-9.0,17,in_bounds
2026-07-12 17:15:00+00:00,0,1.0,1.0,JC055,McGinley Square,22,2026-07-12,17,15,2026-07-12,-8.0,17,in_bounds
2026-07-12 17:30:00+00:00,0,0.0,0.0,JC055,McGinley Square,22,2026-07-12,17,30,2026-07-12,-8.0,17,in_bounds
2026-07-12 17:45:00+00:00,0,0.0,0.0,JC055,McGinley Square,22,2026-07-12,17,45,2026-07-12,-8.0,17,in_bounds
2026-07-12 18:00:00+00:00,0,1.0,1.0,JC055,McGinley Square,22,2026-07-12,18,0,2026-07-12,-7.0,17,in_bounds
2026-07-12 18:15:00+00:00,0,1.0,1.0,JC055,McGinley Square,22,2026-07-12,18,15,2026-07-12,-6.0,17,in_bounds
2026-07-12 18:30:00+00:00,0,0.0,0.0,JC055,McGinley Square,22,2026-07-12,18,30,2026-07-12,-6.0,17,in_bounds
2026-07-12 18:45:00+00:00,2,0.0,-2.0,JC055,McGinley Square,22,2026-07-12,18,45,2026-07-12,-8.0,17,in_bounds
2026-07-12 19:00:00+00:00,0,2.0,2.0,JC055,McGinley Square,22,2026-07-12,19,0,2026-07-12,-6.0,17,in_bounds
2026-07-12 19:15:00+00:00,2,1.0,-1.0,JC055,McGinley Square,22,2026-07-12,19,15,2026-07-12,-7.0,17,in_bounds
2026-07-12 19:30:00+00:00,0,0.0,0.0,JC055,McGinley Square,22,2026-07-12,19,30,2026-07-12,-7.0,17,in_bounds
2026-07-12 19:45:00+00:00,1,2.0,1.0,JC055,McGinley Square,22,2026-07-12,19,45,2026-07-12,-6.0,17,in_bounds
2026-07-12 20:00:00+00:00,0,2.0,2.0,JC055,McGinley Square,22,2026-07-12,20,0,2026-07-12,-4.0,17,in_bounds
2026-07-12 20:15:00+00:00,0,0.0,0.0,JC055,McGinley Square,22,2026-07-12,20,15,2026-07-12,-4.0,17,in_bounds
2026-07-12 20:30:00+00:00,0,0.0,0.0,JC055,McGinley Square,22,2026-07-12,20,30,2026-07-12,-4.0,17,in_bounds
2026-07-12 20:45:00+00:00,0,1.0,1.0,JC055,McGinley Square,22,2026-07-12,20,45,2026-07-12,-3.0,17,in_bounds
2026-07-12 21:00:00+00:00,0,0.0,0.0,JC055,McGinley Square,22,2026-07-12,21,0,2026-07-12,-3.0,17,in_bounds
2026-07-12 21:15:00+00:00,0,0.0,0.0,JC055,McGinley Square,22,2026-07-12,21,15,2026-07-12,-3.0,17,in_bounds
2026-07-12 21:30:00+00:00,0,0.0,0.0,JC055,McGinley Square,22,2026-07-12,21,30,2026-07-12,-3.0,17,in_bounds
2026-07-12 21:45:00+00:00,0,1.0,1.0,JC055,McGinley Square,22,2026-07-12,21,45,2026-07-12,-2.0,17,in_bounds
2026-07-12 22:00:00+00:00,0,0.0,0.0,JC055,McGinley Square,22,2026-07-12,22,0,2026-07-12,-2.0,17,in_bounds
2026-07-12 22:15:00+00:00,0,0.0,0.0,JC055,McGinley Square,22,2026-07-12,22,15,2026-07-12,-2.0,17,in_bounds
2026-07-12 22:30:00+00:00,0,0.0,0.0,JC055,McGinley Square,22,2026-07-12,22,30,2026-07-12,-2.0,17,in_bounds
2026-07-12 22:45:00+00:00,1,2.0,1.0,JC055,McGinley Square,22,2026-07-12,22,45,2026-07-12,-1.0,17,in_bounds
2026-07-12 23:00:00+00:00,0,0.0,0.0,JC055,McGinley Square,22,2026-07-12,23,0,2026-07-12,-1.0,17,in_bounds
2026-07-12 23:15:00+00:00,0,0.0,0.0,JC055,McGinley Square,22,2026-07-12,23,15,2026-07-12,-1.0,17,in_bounds
2026-07-12 23:30:00+00:00,0,2.0,2.0,JC055,McGinley Square,22,2026-07-12,23,30,2026-07-12,1.0,17,in_bounds
2026-07-12 23:45:00+00:00,0,1.0,1.0,JC055,McGinley Square,22,2026-07-12,23,45,2026-07-12,2.0,17,in_bounds
2026-07-13 00:00:00+00:00,0,0.0,0.0,JC055,McGinley Square,22,2026-07-13,0,0,2026-07-12,2.0,17,in_bounds
2026-07-13 00:15:00+00:00,0,0.0,0.0,JC055,McGinley Square,22,2026-07-13,0,15,2026-07-12,2.0,17,in_bounds
2026-07-13 00:30:00+00:00,1,0.0,-1.0,JC055,McGinley Square,22,2026-07-13,0,30,2026-07-12,1.0,17,in_bounds
2026-07-13 00:45:00+00:00,0,0.0,0.0,JC055,McGinley Square,22,2026-07-13,0,45,2026-07-12,1.0,17,in_bounds
2026-07-13 01:00:00+00:00,0,0.0,0.0,JC055,McGinley Square,22,2026-07-13,1,0,2026-07-12,1.0,17,in_bounds
2026-07-13 01:15:00+00:00,0,0.0,0.0,JC055,McGinley Square,22,2026-07-13,1,15,2026-07-12,1.0,17,in_bounds
2026-07-13 01:30:00+00:00,0,0.0,0.0,JC055,McGinley Square,22,2026-07-13,1,30,2026-07-12,1.0,17,in_bounds
2026-07-13 01:45:00+00:00,0,0.0,0.0,JC055,McGinley Square,22,2026-07-13,1,45,2026-07-12,1.0,17,in_bounds
2026-07-13 02:00:00+00:00,0,0.0,0.0,JC055,McGinley Square,22,2026-07-13,2,0,2026-07-12,1.0,17,in_bounds
2026-07-13 02:15:00+00:00,0,0.0,0.0,JC055,McGinley Square,22,2026-07-13,2,15,2026-07-12,1.0,17,in_bounds
2026-07-13 02:30:00+00:00,0,0.0,0.0,JC055,McGinley Square,22,2026-07-13,2,30,2026-07-12,1.0,17,in_bounds
2026-07-13 02:45:00+00:00,0,0.0,0.0,JC055,McGinley Square,22,2026-07-13,2,45,2026-07-12,1.0,17,in_bounds
2026-07-13 03:00:00+00:00,0,0.0,0.0,JC055,McGinley Square,22,2026-07-13,3,0,2026-07-12,1.0,17,in_bounds
2026-07-13 03:15:00+00:00,0,0.0,0.0,JC055,McGinley Square,22,2026-07-13,3,15,2026-07-12,1.0,17,in_bounds
2026-07-13 03:30:00+00:00,0,0.0,0.0,JC055,McGinley Square,22,2026-07-13,3,30,2026-07-12,1.0,17,in_bounds
2026-07-13 03:45:00+00:00,0,0.0,0.0,JC055,McGinley Square,22,2026-07-13,3,45,2026-07-12,1.0,17,in_bounds
2026-07-13 04:00:00+00:00,0,0.0,0.0,JC055,McGinley Square,22,2026-07-13,4,0,2026-07-12,1.0,17,in_bounds
2026-07-13 04:15:00+00:00,0,0.0,0.0,JC055,McGinley Square,22,2026-07-13,4,15,2026-07-12,1.0,17,in_bounds
2026-07-13 04:30:00+00:00,0,0.0,0.0,JC055,McGinley Square,22,2026-07-13,4,30,2026-07-12,1.0,17,in_bounds
2026-07-13 04:45:00+00:00,0,0.0,0.0,JC055,McGinley Square,22,2026-07-13,4,45,2026-07-12,1.0,17,in_bounds
2026-07-13 05:00:00+00:00,0,0.0,0.0,JC055,McGinley Square,22,2026-07-13,5,0,2026-07-13,0.0,17,in_bounds
2026-07-13 05:15:00+00:00,0,0.0,0.0,JC055,McGinley Square,22,2026-07-13,5,15,2026-07-13,0.0,17,in_bounds
2026-07-13 05:30:00+00:00,0,0.0,0.0,JC055,McGinley Square,22,2026-07-13,5,30,2026-07-13,0.0,17,in_bounds
2026-07-13 05:45:00+00:00,0,0.0,0.0,JC055,McGinley Square,22,2026-07-13,5,45,2026-07-13,0.0,17,in_bounds
2026-07-13 06:00:00+00:00,0,0.0,0.0,JC055,McGinley Square,22,2026-07-13,6,0,2026-07-13,0.0,17,in_bounds
2026-07-13 06:15:00+00:00,0,0.0,0.0,JC055,McGinley Square,22,2026-07-13,6,15,2026-07-13,0.0,17,in_bounds
2026-07-13 06:30:00+00:00,0,0.0,0.0,JC055,McGinley Square,22,2026-07-13,6,30,2026-07-13,0.0,17,in_bounds
2026-07-13 06:45:00+00:00,0,0.0,0.0,JC055,McGinley Square,22,2026-07-13,6,45,2026-07-13,0.0,17,in_bounds
2026-07-13 07:00:00+00:00,0,0.0,0.0,JC055,McGinley Square,22,2026-07-13,7,0,2026-07-13,0.0,17,in_bounds
2026-07-13 07:15:00+00:00,0,0.0,0.0,JC055,McGinley Square,22,2026-07-13,7,15,2026-07-13,0.0,17,in_bounds
2026-07-13 07:30:00+00:00,0,0.0,0.0,JC055,McGinley Square,22,2026-07-13,7,30,2026-07-13,0.0,17,in_bounds
2026-07-13 07:45:00+00:00,3,0.0,-3.0,JC055,McGinley Square,22,2026-07-13,7,45,2026-07-13,-3.0,17,in_bounds
2026-07-13 08:00:00+00:00,2,0.0,-2.0,JC055,McGinley Square,22,2026-07-13,8,0,2026-07-13,-5.0,17,in_bounds
2026-07-13 08:15:00+00:00,3,0.0,-3.0,JC055,McGinley Square,22,2026-07-13,8,15,2026-07-13,-8.0,17,in_bounds
2026-07-13 08:30:00+00:00,1,1.0,0.0,JC055,McGinley Square,22,2026-07-13,8,30,2026-07-13,-8.0,17,in_bounds
2026-07-13 08:45:00+00:00,1,0.0,-1.0,JC055,McGinley Square,22,2026-07-13,8,45,2026-07-13,-9.0,17,in_bounds
2026-07-13 09:00:00+00:00,0,0.0,0.0,JC055,McGinley Square,22,2026-07-13,9,0,2026-07-13,-9.0,17,in_bounds
2026-07-13 09:15:00+00:00,0,0.0,0.0,JC055,McGinley Square,22,2026-07-13,9,15,2026-07-13,-9.0,17,in_bounds
2026-07-13 09:30:00+00:00,0,0.0,0.0,JC055,McGinley Square,22,2026-07-13,9,30,2026-07-13,-9.0,17,in_bounds
2026-07-13 09:45:00+00:00,1,2.0,1.0,JC055,McGinley Square,22,2026-07-13,9,45,2026-07-13,-8.0,17,in_bounds
2026-07-13 10:00:00+00:00,1,0.0,-1.0,JC055,McGinley Square,22,2026-07-13,10,0,2026-07-13,-9.0,17,in_bounds
2026-07-13 10:15:00+00:00,1,0.0,-1.0,JC055,McGinley Square,22,2026-07-13,10,15,2026-07-13,-10.0,17,in_bounds
2026-07-13 10:30:00+00:00,0,1.0,1.0,JC055,McGinley Square,22,2026-07-13,10,30,2026-07-13,-9.0,17,in_bounds
2026-07-13 10:45:00+00:00,1,0.0,-1.0,JC055,McGinley Square,22,2026-07-13,10,45,2026-07-13,-10.0,17,in_bounds
2026-07-13 11:00:00+00:00,0,0.0,0.0,JC055,McGinley Square,22,2026-07-13,11,0,2026-07-13,-10.0,17,in_bounds
2026-07-13 11:15:00+00:00,0,0.0,0.0,JC055,McGinley Square,22,2026-07-13,11,15,2026-07-13,-10.0,17,in_bounds
2026-07-13 11:30:00+00:00,0,1.0,1.0,JC055,McGinley Square,22,2026-07-13,11,30,2026-07-13,-9.0,17,in_bounds
2026-07-13 11:45:00+00:00,0,0.0,0.0,JC055,McGinley Square,22,2026-07-13,11,45,2026-07-13,-9.0,17,in_bounds
2026-07-13 12:00:00+00:00,1,0.0,-1.0,JC055,McGinley Square,22,2026-07-13,12,0,2026-07-13,-10.0,17,in_bounds
2026-07-13 12:15:00+00:00,0,0.0,0.0,JC055,McGinley Square,22,2026-07-13,12,15,2026-07-13,-10.0,17,in_bounds
2026-07-13 12:30:00+00:00,0,0.0,0.0,JC055,McGinley Square,22,2026-07-13,12,30,2026-07-13,-10.0,17,in_bounds
2026-07-13 12:45:00+00:00,0,0.0,0.0,JC055,McGinley Square,22,2026-07-13,12,45,2026-07-13,-10.0,17,in_bounds
2026-07-13 13:00:00+00:00,0,0.0,0.0,JC055,McGinley Square,22,2026-07-13,13,0,2026-07-13,-10.0,17,in_bounds
2026-07-13 13:15:00+00:00,0,0.0,0.0,JC055,McGinley Square,22,2026-07-13,13,15,2026-07-13,-10.0,17,in_bounds
2026-07-13 13:30:00+00:00,0,0.0,0.0,JC055,McGinley Square,22,2026-07-13,13,30,2026-07-13,-10.0,17,in_bounds
2026-07-13 13:45:00+00:00,0,0.0,0.0,JC055,McGinley Square,22,2026-07-13,13,45,2026-07-13,-10.0,17,in_bounds
2026-07-13 14:00:00+00:00,0,0.0,0.0,JC055,McGinley Square,22,2026-07-13,14,0,2026-07-13,-10.0,17,in_bounds
2026-07-13 14:15:00+00:00,0,1.0,1.0,JC055,McGinley Square,22,2026-07-13,14,15,2026-07-13,-9.0,17,in_bounds
2026-07-13 14:30:00+00:00,1,0.0,-1.0,JC055,McGinley Square,22,2026-07-13,14,30,2026-07-13,-10.0,17,in_bounds
2026-07-13 14:45:00+00:00,0,0.0,0.0,JC055,McGinley Square,22,2026-07-13,14,45,2026-07-13,-10.0,17,in_bounds
2026-07-13 15:00:00+00:00,0,0.0,0.0,JC055,McGinley Square,22,2026-07-13,15,0,2026-07-13,-10.0,17,in_bounds
2026-07-13 15:15:00+00:00,0,0.0,0.0,JC055,McGinley Square,22,2026-07-13,15,15,2026-07-13,-10.0,17,in_bounds
2026-07-13 15:30:00+00:00,0,0.0,0.0,JC055,McGinley Square,22,2026-07-13,15,30,2026-07-13,-10.0,17,in_bounds
2026-07-13 15:45:00+00:00,0,0.0,0.0,JC055,McGinley Square,22,2026-07-13,15,45,2026-07-13,-10.0,17,in_bounds
2026-07-13 16:00:00+00:00,0,0.0,0.0,JC055,McGinley Square,22,2026-07-13,16,0,2026-07-13,-10.0,17,in_bounds
2026-07-13 16:15:00+00:00,0,0.0,0.0,JC055,McGinley Square,22,2026-07-13,16,15,2026-07-13,-10.0,17,in_bounds
2026-07-13 16:30:00+00:00,0,0.0,0.0,JC055,McGinley Square,22,2026-07-13,16,30,2026-07-13,-10.0,17,in_bounds
2026-07-13 16:45:00+00:00,0,0.0,0.0,JC055,McGinley Square,22,2026-07-13,16,45,2026-07-13,-10.0,17,in_bounds
2026-07-13 17:00:00+00:00,0,0.0,0.0,JC055,McGinley Square,22,2026-07-13,17,0,2026-07-13,-10.0,17,in_bounds
2026-07-13 17:15:00+00:00,0,0.0,0.0,JC055,McGinley Square,22,2026-07-13,17,15,2026-07-13,-10.0,17,in_bounds
2026-07-13 17:30:00+00:00,0,3.0,3.0,JC055,McGinley Square,22,2026-07-13,17,30,2026-07-13,-7.0,17,in_bounds
2026-07-13 17:45:00+00:00,0,1.0,1.0,JC055,McGinley Square,22,2026-07-13,17,45,2026-07-13,-6.0,17,in_bounds
2026-07-13 18:00:00+00:00,1,2.0,1.0,JC055,McGinley Square,22,2026-07-13,18,0,2026-07-13,-5.0,17,in_bounds
2026-07-13 18:15:00+00:00,1,1.0,0.0,JC055,McGinley Square,22,2026-07-13,18,15,2026-07-13,-5.0,17,in_bounds
2026-07-13 18:30:00+00:00,1,0.0,-1.0,JC055,McGinley Square,22,2026-07-13,18,30,2026-07-13,-6.0,17,in_bounds
2026-07-13 18:45:00+00:00,2,0.0,-2.0,JC055,McGinley Square,22,2026-07-13,18,45,2026-07-13,-8.0,17,in_bounds
2026-07-13 19:00:00+00:00,2,2.0,0.0,JC055,McGinley Square,22,2026-07-13,19,0,2026-07-13,-8.0,17,in_bounds
2026-07-13 19:15:00+00:00,1,0.0,-1.0,JC055,McGinley Square,22,2026-07-13,19,15,2026-07-13,-9.0,17,in_bounds
2026-07-13 19:30:00+00:00,1,0.0,-1.0,JC055,McGinley Square,22,2026-07-13,19,30,2026-07-13,-10.0,17,in_bounds
2026-07-13 19:45:00+00:00,0,2.0,2.0,JC055,McGinley Square,22,2026-07-13,19,45,2026-07-13,-8.0,17,in_bounds
2026-07-13 20:00:00+00:00,0,1.0,1.0,JC055,McGinley Square,22,2026-07-13,20,0,2026-07-13,-7.0,17,in_bounds
2026-07-13 20:15:00+00:00,0,1.0,1.0,JC055,McGinley Square,22,2026-07-13,20,15,2026-07-13,-6.0,17,in_bounds
2026-07-13 20:30:00+00:00,0,0.0,0.0,JC055,McGinley Square,22,2026-07-13,20,30,2026-07-13,-6.0,17,in_bounds
2026-07-13 20:45:00+00:00,1,0.0,-1.0,JC055,McGinley Square,22,2026-07-13,20,45,2026-07-13,-7.0,17,in_bounds
2026-07-13 21:00:00+00:00,0,0.0,0.0,JC055,McGinley Square,22,2026-07-13,21,0,2026-07-13,-7.0,17,in_bounds
2026-07-13 21:15:00+00:00,1,0.0,-1.0,JC055,McGinley Square,22,2026-07-13,21,15,2026-07-13,-8.0,17,in_bounds
2026-07-13 21:30:00+00:00,0,1.0,1.0,JC055,McGinley Square,22,2026-07-13,21,30,2026-07-13,-7.0,17,in_bounds
2026-07-13 21:45:00+00:00,0,1.0,1.0,JC055,McGinley Square,22,2026-07-13,21,45,2026-07-13,-6.0,17,in_bounds
2026-07-13 22:00:00+00:00,0,0.0,0.0,JC055,McGinley Square,22,2026-07-13,22,0,2026-07-13,-6.0,17,in_bounds
2026-07-13 22:15:00+00:00,0,1.0,1.0,JC055,McGinley Square,22,2026-07-13,22,15,2026-07-13,-5.0,17,in_bounds
2026-07-13 22:30:00+00:00,0,0.0,0.0,JC055,McGinley Square,22,2026-07-13,22,30,2026-07-13,-5.0,17,in_bounds
2026-07-13 22:45:00+00:00,0,1.0,1.0,JC055,McGinley Square,22,2026-07-13,22,45,2026-07-13,-4.0,17,in_bounds
2026-07-13 23:00:00+00:00,0,0.0,0.0,JC055,McGinley Square,22,2026-07-13,23,0,2026-07-13,-4.0,17,in_bounds
2026-07-13 23:15:00+00:00,0,0.0,0.0,JC055,McGinley Square,22,2026-07-13,23,15,2026-07-13,-4.0,17,in_bounds
2026-07-13 23:30:00+00:00,0,0.0,0.0,JC055,McGinley Square,22,2026-07-13,23,30,2026-07-13,-4.0,17,in_bounds
2026-07-13 23:45:00+00:00,0,0.0,0.0,JC055,McGinley Square,22,2026-07-13,23,45,2026-07-13,-4.0,17,in_bounds
2026-07-14 00:00:00+00:00,0,0.0,0.0,JC055,McGinley Square,22,2026-07-14,0,0,2026-07-13,-4.0,17,in_bounds
2026-07-14 00:15:00+00:00,0,0.0,0.0,JC055,McGinley Square,22,2026-07-14,0,15,2026-07-13,-4.0,17,in_bounds
2026-07-14 00:30:00+00:00,0,0.0,0.0,JC055,McGinley Square,22,2026-07-14,0,30,2026-07-13,-4.0,17,in_bounds
2026-07-14 00:45:00+00:00,0,0.0,0.0,JC055,McGinley Square,22,2026-07-14,0,45,2026-07-13,-4.0,17,in_bounds
2026-07-14 01:00:00+00:00,1,0.0,-1.0,JC055,McGinley Square,22,2026-07-14,1,0,2026-07-13,-5.0,17,in_bounds
2026-07-14 01:15:00+00:00,0,0.0,0.0,JC055,McGinley Square,22,2026-07-14,1,15,2026-07-13,-5.0,17,in_bounds
2026-07-14 01:30:00+00:00,1,0.0,-1.0,JC055,McGinley Square,22,2026-07-14,1,30,2026-07-13,-6.0,17,in_bounds
2026-07-14 01:45:00+00:00,0,0.0,0.0,JC055,McGinley Square,22,2026-07-14,1,45,2026-07-13,-6.0,17,in_bounds
2026-07-14 02:00:00+00:00,0,0.0,0.0,JC055,McGinley Square,22,2026-07-14,2,0,2026-07-13,-6.0,17,in_bounds
2026-07-14 02:15:00+00:00,0,0.0,0.0,JC055,McGinley Square,22,2026-07-14,2,15,2026-07-13,-6.0,17,in_bounds
2026-07-14 02:30:00+00:00,0,0.0,0.0,JC055,McGinley Square,22,2026-07-14,2,30,2026-07-13,-6.0,17,in_bounds
2026-07-14 02:45:00+00:00,0,1.0,1.0,JC055,McGinley Square,22,2026-07-14,2,45,2026-07-13,-5.0,17,in_bounds
2026-07-14 03:00:00+00:00,0,0.0,0.0,JC055,McGinley Square,22,2026-07-14,3,0,2026-07-13,-5.0,17,in_bounds
2026-07-14 03:15:00+00:00,0,0.0,0.0,JC055,McGinley Square,22,2026-07-14,3,15,2026-07-13,-5.0,17,in_bounds
2026-07-14 03:30:00+00:00,0,0.0,0.0,JC055,McGinley Square,22,2026-07-14,3,30,2026-07-13,-5.0,17,in_bounds
2026-07-14 03:45:00+00:00,0,0.0,0.0,JC055,McGinley Square,22,2026-07-14,3,45,2026-07-13,-5.0,17,in_bounds
2026-07-14 04:00:00+00:00,0,0.0,0.0,JC055,McGinley Square,22,2026-07-14,4,0,2026-07-13,-5.0,17,in_bounds
2026-07-14 04:15:00+00:00,0,0.0,0.0,JC055,McGinley Square,22,2026-07-14,4,15,2026-07-13,-5.0,17,in_bounds
2026-07-14 04:30:00+00:00,1,0.0,-1.0,JC055,McGinley Square,22,2026-07-14,4,30,2026-07-13,-6.0,17,in_bounds
2026-07-14 04:45:00+00:00,0,0.0,0.0,JC055,McGinley Square,22,2026-07-14,4,45,2026-07-13,-6.0,17,in_bounds
2026-07-14 05:00:00+00:00,0,0.0,0.0,JC055,McGinley Square,22,2026-07-14,5,0,2026-07-14,0.0,17,in_bounds
2026-07-14 05:15:00+00:00,1,1.0,0.0,JC055,McGinley Square,22,2026-07-14,5,15,2026-07-14,0.0,17,in_bounds
2026-07-14 05:30:00+00:00,0,0.0,0.0,JC055,McGinley Square,22,2026-07-14,5,30,2026-07-14,0.0,17,in_bounds
2026-07-14 05:45:00+00:00,0,0.0,0.0,JC055,McGinley Square,22,2026-07-14,5,45,2026-07-14,0.0,17,in_bounds
2026-07-14 06:00:00+00:00,1,0.0,-1.0,JC055,McGinley Square,22,2026-07-14,6,0,2026-07-14,-1.0,17,in_bounds
2026-07-14 06:15:00+00:00,0,1.0,1.0,JC055,McGinley Square,22,2026-07-14,6,15,2026-07-14,0.0,17,in_bounds
2026-07-14 06:30:00+00:00,0,0.0,0.0,JC055,McGinley Square,22,2026-07-14,6,30,2026-07-14,0.0,17,in_bounds
2026-07-14 06:45:00+00:00,0,0.0,0.0,JC055,McGinley Square,22,2026-07-14,6,45,2026-07-14,0.0,17,in_bounds
2026-07-14 07:00:00+00:00,0,0.0,0.0,JC055,McGinley Square,22,2026-07-14,7,0,2026-07-14,0.0,17,in_bounds
2026-07-14 07:15:00+00:00,3,0.0,-3.0,JC055,McGinley Square,22,2026-07-14,7,15,2026-07-14,-3.0,17,in_bounds
2026-07-14 07:30:00+00:00,1,1.0,0.0,JC055,McGinley Square,22,2026-07-14,7,30,2026-07-14,-3.0,17,in_bounds
2026-07-14 07:45:00+00:00,1,0.0,-1.0,JC055,McGinley Square,22,2026-07-14,7,45,2026-07-14,-4.0,17,in_bounds
2026-07-14 08:00:00+00:00,0,0.0,0.0,JC055,McGinley Square,22,2026-07-14,8,0,2026-07-14,-4.0,17,in_bounds
2026-07-14 08:15:00+00:00,0,0.0,0.0,JC055,McGinley Square,22,2026-07-14,8,15,2026-07-14,-4.0,17,in_bounds
2026-07-14 08:30:00+00:00,0,0.0,0.0,JC055,McGinley Square,22,2026-07-14,8,30,2026-07-14,-4.0,17,in_bounds
2026-07-14 08:45:00+00:00,0,1.0,1.0,JC055,McGinley Square,22,2026-07-14,8,45,2026-07-14,-3.0,17,in_bounds
2026-07-14 09:00:00+00:00,0,0.0,0.0,JC055,McGinley Square,22,2026-07-14,9,0,2026-07-14,-3.0,17,in_bounds
2026-07-14 09:15:00+00:00,1,0.0,-1.0,JC055,McGinley Square,22,2026-07-14,9,15,2026-07-14,-4.0,17,in_bounds
2026-07-14 09:30:00+00:00,0,1.0,1.0,JC055,McGinley Square,22,2026-07-14,9,30,2026-07-14,-3.0,17,in_bounds
2026-07-14 09:45:00+00:00,2,1.0,-1.0,JC055,McGinley Square,22,2026-07-14,9,45,2026-07-14,-4.0,17,in_bounds
2026-07-14 10:00:00+00:00,0,0.0,0.0,JC055,McGinley Square,22,2026-07-14,10,0,2026-07-14,-4.0,17,in_bounds
2026-07-14 10:15:00+00:00,0,0.0,0.0,JC055,McGinley Square,22,2026-07-14,10,15,2026-07-14,-4.0,17,in_bounds
2026-07-14 10:30:00+00:00,0,0.0,0.0,JC055,McGinley Square,22,2026-07-14,10,30,2026-07-14,-4.0,17,in_bounds
2026-07-14 10:45:00+00:00,0,1.0,1.0,JC055,McGinley Square,22,2026-07-14,10,45,2026-07-14,-3.0,17,in_bounds
2026-07-14 11:00:00+00:00,1,0.0,-1.0,JC055,McGinley Square,22,2026-07-14,11,0,2026-07-14,-4.0,17,in_bounds
2026-07-14 11:15:00+00:00,0,0.0,0.0,JC055,McGinley Square,22,2026-07-14,11,15,2026-07-14,-4.0,17,in_bounds
2026-07-14 11:30:00+00:00,0,0.0,0.0,JC055,McGinley Square,22,2026-07-14,11,30,2026-07-14,-4.0,17,in_bounds
2026-07-14 11:45:00+00:00,0,0.0,0.0,JC055,McGinley Square,22,2026-07-14,11,45,2026-07-14,-4.0,17,in_bounds
2026-07-14 12:00:00+00:00,2,0.0,-2.0,JC055,McGinley Square,22,2026-07-14,12,0,2026-07-14,-6.0,17,in_bounds
2026-07-14 12:15:00+00:00,0,0.0,0.0,JC055,McGinley Square,22,2026-07-14,12,15,2026-07-14,-6.0,17,in_bounds
2026-07-14 12:30:00+00:00,1,1.0,0.0,JC055,McGinley Square,22,2026-07-14,12,30,2026-07-14,-6.0,17,in_bounds
2026-07-14 12:45:00+00:00,0,1.0,1.0,JC055,McGinley Square,22,2026-07-14,12,45,2026-07-14,-5.0,17,in_bounds
2026-07-14 13:00:00+00:00,1,0.0,-1.0,JC055,McGinley Square,22,2026-07-14,13,0,2026-07-14,-6.0,17,in_bounds
2026-07-14 13:15:00+00:00,1,0.0,-1.0,JC055,McGinley Square,22,2026-07-14,13,15,2026-07-14,-7.0,17,in_bounds
2026-07-14 13:30:00+00:00,0,0.0,0.0,JC055,McGinley Square,22,2026-07-14,13,30,2026-07-14,-7.0,17,in_bounds
2026-07-14 13:45:00+00:00,1,0.0,-1.0,JC055,McGinley Square,22,2026-07-14,13,45,2026-07-14,-8.0,17,in_bounds
2026-07-14 14:00:00+00:00,3,0.0,-3.0,JC055,McGinley Square,22,2026-07-14,14,0,2026-07-14,-11.0,17,in_bounds
2026-07-14 14:15:00+00:00,1,1.0,0.0,JC055,McGinley Square,22,2026-07-14,14,15,2026-07-14,-11.0,17,in_bounds
2026-07-14 14:30:00+00:00,0,0.0,0.0,JC055,McGinley Square,22,2026-07-14,14,30,2026-07-14,-11.0,17,in_bounds
2026-07-14 14:45:00+00:00,2,0.0,-2.0,JC055,McGinley Square,22,2026-07-14,14,45,2026-07-14,-13.0,17,in_bounds
2026-07-14 15:00:00+00:00,0,1.0,1.0,JC055,McGinley Square,22,2026-07-14,15,0,2026-07-14,-12.0,17,in_bounds
2026-07-14 15:15:00+00:00,1,0.0,-1.0,JC055,McGinley Square,22,2026-07-14,15,15,2026-07-14,-13.0,17,in_bounds
2026-07-14 15:30:00+00:00,0,0.0,0.0,JC055,McGinley Square,22,2026-07-14,15,30,2026-07-14,-13.0,17,in_bounds
2026-07-14 15:45:00+00:00,1,0.0,-1.0,JC055,McGinley Square,22,2026-07-14,15,45,2026-07-14,-14.0,17,in_bounds
2026-07-14 16:00:00+00:00,1,0.0,-1.0,JC055,McGinley Square,22,2026-07-14,16,0,2026-07-14,-15.0,17,in_bounds
2026-07-14 16:15:00+00:00,1,0.0,-1.0,JC055,McGinley Square,22,2026-07-14,16,15,2026-07-14,-16.0,17,in_bounds
2026-07-14 16:30:00+00:00,1,0.0,-1.0,JC055,McGinley Square,22,2026-07-14,16,30,2026-07-14,-17.0,17,in_bounds
2026-07-14 16:45:00+00:00,0,0.0,0.0,JC055,McGinley Square,22,2026-07-14,16,45,2026-07-14,-17.0,17,in_bounds
2026-07-14 17:00:00+00:00,0,1.0,1.0,JC055,McGinley Square,22,2026-07-14,17,0,2026-07-14,-16.0,17,in_bounds
2026-07-14 17:15:00+00:00,0,0.0,0.0,JC055,McGinley Square,22,2026-07-14,17,15,2026-07-14,-16.0,17,in_bounds
2026-07-14 17:30:00+00:00,0,2.0,2.0,JC055,McGinley Square,22,2026-07-14,17,30,2026-07-14,-14.0,17,in_bounds
2026-07-14 17:45:00+00:00,2,2.0,0.0,JC055,McGinley Square,22,2026-07-14,17,45,2026-07-14,-14.0,17,in_bounds
2026-07-14 18:00:00+00:00,0,1.0,1.0,JC055,McGinley Square,22,2026-07-14,18,0,2026-07-14,-13.0,17,in_bounds
2026-07-14 18:15:00+00:00,0,1.0,1.0,JC055,McGinley Square,22,2026-07-14,18,15,2026-07-14,-12.0,17,in_bounds
2026-07-14 18:30:00+00:00,0,1.0,1.0,JC055,McGinley Square,22,2026-07-14,18,30,2026-07-14,-11.0,17,in_bounds
2026-07-14 18:45:00+00:00,1,4.0,3.0,JC055,McGinley Square,22,2026-07-14,18,45,2026-07-14,-8.0,17,in_bounds
2026-07-14 19:00:00+00:00,1,0.0,-1.0,JC055,McGinley Square,22,2026-07-14,19,0,2026-07-14,-9.0,17,in_bounds
2026-07-14 19:15:00+00:00,1,0.0,-1.0,JC055,McGinley Square,22,2026-07-14,19,15,2026-07-14,-10.0,17,in_bounds
2026-07-14 19:30:00+00:00,0,1.0,1.0,JC055,McGinley Square,22,2026-07-14,19,30,2026-07-14,-9.0,17,in_bounds
2026-07-14 19:45:00+00:00,0,2.0,2.0,JC055,McGinley Square,22,2026-07-14,19,45,2026-07-14,-7.0,17,in_bounds
2026-07-14 20:00:00+00:00,0,2.0,2.0,JC055,McGinley Square,22,2026-07-14,20,0,2026-07-14,-5.0,17,in_bounds
2026-07-14 20:15:00+00:00,0,2.0,2.0,JC055,McGinley Square,22,2026-07-14,20,15,2026-07-14,-3.0,17,in_bounds
2026-07-14 20:30:00+00:00,0,0.0,0.0,JC055,McGinley Square,22,2026-07-14,20,30,2026-07-14,-3.0,17,in_bounds
2026-07-14 20:45:00+00:00,0,0.0,0.0,JC055,McGinley Square,22,2026-07-14,20,45,2026-07-14,-3.0,17,in_bounds
2026-07-14 21:00:00+00:00,0,1.0,1.0,JC055,McGinley Square,22,2026-07-14,21,0,2026-07-14,-2.0,17,in_bounds
2026-07-14 21:15:00+00:00,0,1.0,1.0,JC055,McGinley Square,22,2026-07-14,21,15,2026-07-14,-1.0,17,in_bounds
2026-07-14 21:30:00+00:00,0,2.0,2.0,JC055,McGinley Square,22,2026-07-14,21,30,2026-07-14,1.0,17,in_bounds
2026-07-14 21:45:00+00:00,0,0.0,0.0,JC055,McGinley Square,22,2026-07-14,21,45,2026-07-14,1.0,17,in_bounds
2026-07-14 22:00:00+00:00,0,0.0,0.0,JC055,McGinley Square,22,2026-07-14,22,0,2026-07-14,1.0,17,in_bounds
2026-07-14 22:15:00+00:00,0,0.0,0.0,JC055,McGinley Square,22,2026-07-14,22,15,2026-07-14,1.0,17,in_bounds
2026-07-14 22:30:00+00:00,0,0.0,0.0,JC055,McGinley Square,22,2026-07-14,22,30,2026-07-14,1.0,17,in_bounds
2026-07-14 22:45:00+00:00,0,0.0,0.0,JC055,McGinley Square,22,2026-07-14,22,45,2026-07-14,1.0,17,in_bounds
2026-07-14 23:00:00+00:00,0,0.0,0.0,JC055,McGinley Square,22,2026-07-14,23,0,2026-07-14,1.0,17,in_bounds
2026-07-14 23:15:00+00:00,0,1.0,1.0,JC055,McGinley Square,22,2026-07-14,23,15,2026-07-14,2.0,17,in_bounds
2026-07-14 23:30:00+00:00,1,1.0,0.0,JC055,McGinley Square,22,2026-07-14,23,30,2026-07-14,2.0,17,in_bounds
2026-07-14 23:45:00+00:00,1,0.0,-1.0,JC055,McGinley Square,22,2026-07-14,23,45,2026-07-14,1.0,17,in_bounds
2026-07-15 00:00:00+00:00,0,0.0,0.0,JC055,McGinley Square,22,2026-07-15,0,0,2026-07-14,1.0,17,in_bounds
2026-07-15 00:15:00+00:00,1,0.0,-1.0,JC055,McGinley Square,22,2026-07-15,0,15,2026-07-14,0.0,17,in_bounds
2026-07-15 00:30:00+00:00,0,0.0,0.0,JC055,McGinley Square,22,2026-07-15,0,30,2026-07-14,0.0,17,in_bounds
2026-07-15 00:45:00+00:00,0,0.0,0.0,JC055,McGinley Square,22,2026-07-15,0,45,2026-07-14,0.0,17,in_bounds
2026-07-15 01:00:00+00:00,0,0.0,0.0,JC055,McGinley Square,22,2026-07-15,1,0,2026-07-14,0.0,17,in_bounds
2026-07-15 01:15:00+00:00,1,0.0,-1.0,JC055,McGinley Square,22,2026-07-15,1,15,2026-07-14,-1.0,17,in_bounds
2026-07-15 01:30:00+00:00,5,0.0,-5.0,JC055,McGinley Square,22,2026-07-15,1,30,2026-07-14,-6.0,17,in_bounds
2026-07-15 01:45:00+00:00,0,0.0,0.0,JC055,McGinley Square,22,2026-07-15,1,45,2026-07-14,-6.0,17,in_bounds
2026-07-15 02:00:00+00:00,0,0.0,0.0,JC055,McGinley Square,22,2026-07-15,2,0,2026-07-14,-6.0,17,in_bounds
2026-07-15 02:15:00+00:00,0,0.0,0.0,JC055,McGinley Square,22,2026-07-15,2,15,2026-07-14,-6.0,17,in_bounds
2026-07-15 02:30:00+00:00,0,0.0,0.0,JC055,McGinley Square,22,2026-07-15,2,30,2026-07-14,-6.0,17,in_bounds
2026-07-15 02:45:00+00:00,0,0.0,0.0,JC055,McGinley Square,22,2026-07-15,2,45,2026-07-14,-6.0,17,in_bounds
2026-07-15 03:00:00+00:00,0,0.0,0.0,JC055,McGinley Square,22,2026-07-15,3,0,2026-07-14,-6.0,17,in_bounds
2026-07-15 03:15:00+00:00,0,0.0,0.0,JC055,McGinley Square,22,2026-07-15,3,15,2026-07-14,-6.0,17,in_bounds
2026-07-15 03:30:00+00:00,0,0.0,0.0,JC055,McGinley Square,22,2026-07-15,3,30,2026-07-14,-6.0,17,in_bounds
2026-07-15 03:45:00+00:00,0,0.0,0.0,JC055,McGinley Square,22,2026-07-15,3,45,2026-07-14,-6.0,17,in_bounds
2026-07-15 04:00:00+00:00,0,1.0,1.0,JC055,McGinley Square,22,2026-07-15,4,0,2026-07-14,-5.0,17,in_bounds
2026-07-15 04:15:00+00:00,0,0.0,0.0,JC055,McGinley Square,22,2026-07-15,4,15,2026-07-14,-5.0,17,in_bounds
2026-07-15 04:30:00+00:00,0,0.0,0.0,JC055,McGinley Square,22,2026-07-15,4,30,2026-07-14,-5.0,17,in_bounds
2026-07-15 04:45:00+00:00,0,0.0,0.0,JC055,McGinley Square,22,2026-07-15,4,45,2026-07-14,-5.0,17,in_bounds
2026-07-15 05:00:00+00:00,0,0.0,0.0,JC055,McGinley Square,22,2026-07-15,5,0,2026-07-15,0.0,17,in_bounds
2026-07-15 05:15:00+00:00,1,0.0,-1.0,JC055,McGinley Square,22,2026-07-15,5,15,2026-07-15,-1.0,17,in_bounds
2026-07-15 05:30:00+00:00,0,0.0,0.0,JC055,McGinley Square,22,2026-07-15,5,30,2026-07-15,-1.0,17,in_bounds
2026-07-15 05:45:00+00:00,0,0.0,0.0,JC055,McGinley Square,22,2026-07-15,5,45,2026-07-15,-1.0,17,in_bounds
2026-07-15 06:00:00+00:00,0,1.0,1.0,JC055,McGinley Square,22,2026-07-15,6,0,2026-07-15,0.0,17,in_bounds
2026-07-15 06:15:00+00:00,0,0.0,0.0,JC055,McGinley Square,22,2026-07-15,6,15,2026-07-15,0.0,17,in_bounds
2026-07-15 06:30:00+00:00,0,0.0,0.0,JC055,McGinley Square,22,2026-07-15,6,30,2026-07-15,0.0,17,in_bounds
2026-07-15 06:45:00+00:00,0,0.0,0.0,JC055,McGinley Square,22,2026-07-15,6,45,2026-07-15,0.0,17,in_bounds
2026-07-15 07:00:00+00:00,0,0.0,0.0,JC055,McGinley Square,22,2026-07-15,7,0,2026-07-15,0.0,17,in_bounds
2026-07-15 07:15:00+00:00,2,0.0,-2.0,JC055,McGinley Square,22,2026-07-15,7,15,2026-07-15,-2.0,17,in_bounds
2026-07-15 07:30:00+00:00,1,0.0,-1.0,JC055,McGinley Square,22,2026-07-15,7,30,2026-07-15,-3.0,17,in_bounds
2026-07-15 07:45:00+00:00,4,0.0,-4.0,JC055,McGinley Square,22,2026-07-15,7,45,2026-07-15,-7.0,17,in_bounds
2026-07-15 08:00:00+00:00,2,2.0,0.0,JC055,McGinley Square,22,2026-07-15,8,0,2026-07-15,-7.0,17,in_bounds
2026-07-15 08:15:00+00:00,1,0.0,-1.0,JC055,McGinley Square,22,2026-07-15,8,15,2026-07-15,-8.0,17,in_bounds
2026-07-15 08:30:00+00:00,1,0.0,-1.0,JC055,McGinley Square,22,2026-07-15,8,30,2026-07-15,-9.0,17,in_bounds
2026-07-15 08:45:00+00:00,1,0.0,-1.0,JC055,McGinley Square,22,2026-07-15,8,45,2026-07-15,-10.0,17,in_bounds
2026-07-15 09:00:00+00:00,0,1.0,1.0,JC055,McGinley Square,22,2026-07-15,9,0,2026-07-15,-9.0,17,in_bounds
2026-07-15 09:15:00+00:00,1,0.0,-1.0,JC055,McGinley Square,22,2026-07-15,9,15,2026-07-15,-10.0,17,in_bounds
2026-07-15 09:30:00+00:00,0,0.0,0.0,JC055,McGinley Square,22,2026-07-15,9,30,2026-07-15,-10.0,17,in_bounds
2026-07-15 09:45:00+00:00,1,0.0,-1.0,JC055,McGinley Square,22,2026-07-15,9,45,2026-07-15,-11.0,17,in_bounds
2026-07-15 10:00:00+00:00,0,0.0,0.0,JC055,McGinley Square,22,2026-07-15,10,0,2026-07-15,-11.0,17,in_bounds
2026-07-15 10:15:00+00:00,0,0.0,0.0,JC055,McGinley Square,22,2026-07-15,10,15,2026-07-15,-11.0,17,in_bounds
2026-07-15 10:30:00+00:00,0,0.0,0.0,JC055,McGinley Square,22,2026-07-15,10,30,2026-07-15,-11.0,17,in_bounds
2026-07-15 10:45:00+00:00,0,1.0,1.0,JC055,McGinley Square,22,2026-07-15,10,45,2026-07-15,-10.0,17,in_bounds
2026-07-15 11:00:00+00:00,1,0.0,-1.0,JC055,McGinley Square,22,2026-07-15,11,0,2026-07-15,-11.0,17,in_bounds
2026-07-15 11:15:00+00:00,0,0.0,0.0,JC055,McGinley Square,22,2026-07-15,11,15,2026-07-15,-11.0,17,in_bounds
2026-07-15 11:30:00+00:00,0,1.0,1.0,JC055,McGinley Square,22,2026-07-15,11,30,2026-07-15,-10.0,17,in_bounds
2026-07-15 11:45:00+00:00,0,0.0,0.0,JC055,McGinley Square,22,2026-07-15,11,45,2026-07-15,-10.0,17,in_bounds
2026-07-15 12:00:00+00:00,1,0.0,-1.0,JC055,McGinley Square,22,2026-07-15,12,0,2026-07-15,-11.0,17,in_bounds
2026-07-15 12:15:00+00:00,0,0.0,0.0,JC055,McGinley Square,22,2026-07-15,12,15,2026-07-15,-11.0,17,in_bounds
2026-07-15 12:30:00+00:00,0,0.0,0.0,JC055,McGinley Square,22,2026-07-15,12,30,2026-07-15,-11.0,17,in_bounds
2026-07-15 12:45:00+00:00,0,1.0,1.0,JC055,McGinley Square,22,2026-07-15,12,45,2026-07-15,-10.0,17,in_bounds
2026-07-15 13:00:00+00:00,1,0.0,-1.0,JC055,McGinley Square,22,2026-07-15,13,0,2026-07-15,-11.0,17,in_bounds
2026-07-15 13:15:00+00:00,0,0.0,0.0,JC055,McGinley Square,22,2026-07-15,13,15,2026-07-15,-11.0,17,in_bounds
2026-07-15 13:30:00+00:00,0,0.0,0.0,JC055,McGinley Square,22,2026-07-15,13,30,2026-07-15,-11.0,17,in_bounds
2026-07-15 13:45:00+00:00,1,1.0,0.0,JC055,McGinley Square,22,2026-07-15,13,45,2026-07-15,-11.0,17,in_bounds
2026-07-15 14:00:00+00:00,0,0.0,0.0,JC055,McGinley Square,22,2026-07-15,14,0,2026-07-15,-11.0,17,in_bounds
2026-07-15 14:15:00+00:00,0,0.0,0.0,JC055,McGinley Square,22,2026-07-15,14,15,2026-07-15,-11.0,17,in_bounds
2026-07-15 14:30:00+00:00,0,1.0,1.0,JC055,McGinley Square,22,2026-07-15,14,30,2026-07-15,-10.0,17,in_bounds
2026-07-15 14:45:00+00:00,0,2.0,2.0,JC055,McGinley Square,22,2026-07-15,14,45,2026-07-15,-8.0,17,in_bounds
2026-07-15 15:00:00+00:00,1,0.0,-1.0,JC055,McGinley Square,22,2026-07-15,15,0,2026-07-15,-9.0,17,in_bounds
2026-07-15 15:15:00+00:00,3,1.0,-2.0,JC055,McGinley Square,22,2026-07-15,15,15,2026-07-15,-11.0,17,in_bounds
2026-07-15 15:30:00+00:00,0,1.0,1.0,JC055,McGinley Square,22,2026-07-15,15,30,2026-07-15,-10.0,17,in_bounds
2026-07-15 15:45:00+00:00,0,0.0,0.0,JC055,McGinley Square,22,2026-07-15,15,45,2026-07-15,-10.0,17,in_bounds
2026-07-15 16:00:00+00:00,0,1.0,1.0,JC055,McGinley Square,22,2026-07-15,16,0,2026-07-15,-9.0,17,in_bounds
2026-07-15 16:15:00+00:00,1,0.0,-1.0,JC055,McGinley Square,22,2026-07-15,16,15,2026-07-15,-10.0,17,in_bounds
2026-07-15 16:30:00+00:00,0,0.0,0.0,JC055,McGinley Square,22,2026-07-15,16,30,2026-07-15,-10.0,17,in_bounds
2026-07-15 16:45:00+00:00,0,0.0,0.0,JC055,McGinley Square,22,2026-07-15,16,45,2026-07-15,-10.0,17,in_bounds
2026-07-15 17:00:00+00:00,0,3.0,3.0,JC055,McGinley Square,22,2026-07-15,17,0,2026-07-15,-7.0,17,in_bounds
2026-07-15 17:15:00+00:00,1,0.0,-1.0,JC055,McGinley Square,22,2026-07-15,17,15,2026-07-15,-8.0,17,in_bounds
2026-07-15 17:30:00+00:00,0,0.0,0.0,JC055,McGinley Square,22,2026-07-15,17,30,2026-07-15,-8.0,17,in_bounds
2026-07-15 17:45:00+00:00,0,0.0,0.0,JC055,McGinley Square,22,2026-07-15,17,45,2026-07-15,-8.0,17,in_bounds
2026-07-15 18:00:00+00:00,0,2.0,2.0,JC055,McGinley Square,22,2026-07-15,18,0,2026-07-15,-6.0,17,in_bounds
2026-07-15 18:15:00+00:00,0,4.0,4.0,JC055,McGinley Square,22,2026-07-15,18,15,2026-07-15,-2.0,17,in_bounds
2026-07-15 18:30:00+00:00,1,0.0,-1.0,JC055,McGinley Square,22,2026-07-15,18,30,2026-07-15,-3.0,17,in_bounds
2026-07-15 18:45:00+00:00,1,0.0,-1.0,JC055,McGinley Square,22,2026-07-15,18,45,2026-07-15,-4.0,17,in_bounds
2026-07-15 19:00:00+00:00,0,0.0,0.0,JC055,McGinley Square,22,2026-07-15,19,0,2026-07-15,-4.0,17,in_bounds
2026-07-15 19:15:00+00:00,1,1.0,0.0,JC055,McGinley Square,22,2026-07-15,19,15,2026-07-15,-4.0,17,in_bounds
2026-07-15 19:30:00+00:00,0,1.0,1.0,JC055,McGinley Square,22,2026-07-15,19,30,2026-07-15,-3.0,17,in_bounds
2026-07-15 19:45:00+00:00,0,0.0,0.0,JC055,McGinley Square,22,2026-07-15,19,45,2026-07-15,-3.0,17,in_bounds
2026-07-15 20:00:00+00:00,0,0.0,0.0,JC055,McGinley Square,22,2026-07-15,20,0,2026-07-15,-3.0,17,in_bounds
2026-07-15 20:15:00+00:00,0,0.0,0.0,JC055,McGinley Square,22,2026-07-15,20,15,2026-07-15,-3.0,17,in_bounds
2026-07-15 20:30:00+00:00,0,2.0,2.0,JC055,McGinley Square,22,2026-07-15,20,30,2026-07-15,-1.0,17,in_bounds
2026-07-15 20:45:00+00:00,0,0.0,0.0,JC055,McGinley Square,22,2026-07-15,20,45,2026-07-15,-1.0,17,in_bounds
2026-07-15 21:00:00+00:00,0,0.0,0.0,JC055,McGinley Square,22,2026-07-15,21,0,2026-07-15,-1.0,17,in_bounds
2026-07-15 21:15:00+00:00,0,0.0,0.0,JC055,McGinley Square,22,2026-07-15,21,15,2026-07-15,-1.0,17,in_bounds
2026-07-15 21:30:00+00:00,0,0.0,0.0,JC055,McGinley Square,22,2026-07-15,21,30,2026-07-15,-1.0,17,in_bounds
2026-07-15 21:45:00+00:00,5,0.0,-5.0,JC055,McGinley Square,22,2026-07-15,21,45,2026-07-15,-6.0,17,in_bounds
2026-07-15 22:00:00+00:00,0,1.0,1.0,JC055,McGinley Square,22,2026-07-15,22,0,2026-07-15,-5.0,17,in_bounds
2026-07-15 22:15:00+00:00,0,0.0,0.0,JC055,McGinley Square,22,2026-07-15,22,15,2026-07-15,-5.0,17,in_bounds
2026-07-15 22:30:00+00:00,0,0.0,0.0,JC055,McGinley Square,22,2026-07-15,22,30,2026-07-15,-5.0,17,in_bounds
2026-07-15 22:45:00+00:00,0,0.0,0.0,JC055,McGinley Square,22,2026-07-15,22,45,2026-07-15,-5.0,17,in_bounds
2026-07-15 23:00:00+00:00,0,0.0,0.0,JC055,McGinley Square,22,2026-07-15,23,0,2026-07-15,-5.0,17,in_bounds
2026-07-15 23:15:00+00:00,0,0.0,0.0,JC055,McGinley Square,22,2026-07-15,23,15,2026-07-15,-5.0,17,in_bounds
2026-07-15 23:30:00+00:00,0,0.0,0.0,JC055,McGinley Square,22,2026-07-15,23,30,2026-07-15,-5.0,17,in_bounds
2026-07-15 23:45:00+00:00,0,1.0,1.0,JC055,McGinley Square,22,2026-07-15,23,45,2026-07-15,-4.0,17,in_bounds
2026-07-16 00:00:00+00:00,0,1.0,1.0,JC055,McGinley Square,22,2026-07-16,0,0,2026-07-15,-3.0,17,in_bounds
2026-07-16 00:15:00+00:00,0,0.0,0.0,JC055,McGinley Square,22,2026-07-16,0,15,2026-07-15,-3.0,17,in_bounds
2026-07-16 00:30:00+00:00,0,1.0,1.0,JC055,McGinley Square,22,2026-07-16,0,30,2026-07-15,-2.0,17,in_bounds
2026-07-16 00:45:00+00:00,0,0.0,0.0,JC055,McGinley Square,22,2026-07-16,0,45,2026-07-15,-2.0,17,in_bounds
2026-07-16 01:00:00+00:00,0,0.0,0.0,JC055,McGinley Square,22,2026-07-16,1,0,2026-07-15,-2.0,17,in_bounds
2026-07-16 01:15:00+00:00,0,1.0,1.0,JC055,McGinley Square,22,2026-07-16,1,15,2026-07-15,-1.0,17,in_bounds
2026-07-16 01:30:00+00:00,0,0.0,0.0,JC055,McGinley Square,22,2026-07-16,1,30,2026-07-15,-1.0,17,in_bounds
2026-07-16 01:45:00+00:00,1,0.0,-1.0,JC055,McGinley Square,22,2026-07-16,1,45,2026-07-15,-2.0,17,in_bounds
2026-07-16 02:00:00+00:00,0,0.0,0.0,JC055,McGinley Square,22,2026-07-16,2,0,2026-07-15,-2.0,17,in_bounds
2026-07-16 02:15:00+00:00,0,0.0,0.0,JC055,McGinley Square,22,2026-07-16,2,15,2026-07-15,-2.0,17,in_bounds
2026-07-16 02:30:00+00:00,0,0.0,0.0,JC055,McGinley Square,22,2026-07-16,2,30,2026-07-15,-2.0,17,in_bounds
2026-07-16 02:45:00+00:00,0,0.0,0.0,JC055,McGinley Square,22,2026-07-16,2,45,2026-07-15,-2.0,17,in_bounds
2026-07-16 03:00:00+00:00,0,0.0,0.0,JC055,McGinley Square,22,2026-07-16,3,0,2026-07-15,-2.0,17,in_bounds
2026-07-16 03:15:00+00:00,0,0.0,0.0,JC055,McGinley Square,22,2026-07-16,3,15,2026-07-15,-2.0,17,in_bounds
2026-07-16 03:30:00+00:00,0,0.0,0.0,JC055,McGinley Square,22,2026-07-16,3,30,2026-07-15,-2.0,17,in_bounds
2026-07-16 03:45:00+00:00,0,0.0,0.0,JC055,McGinley Square,22,2026-07-16,3,45,2026-07-15,-2.0,17,in_bounds
2026-07-16 04:00:00+00:00,0,1.0,1.0,JC055,McGinley Square,22,2026-07-16,4,0,2026-07-15,-1.0,17,in_bounds
2026-07-16 04:15:00+00:00,0,0.0,0.0,JC055,McGinley Square,22,2026-07-16,4,15,2026-07-15,-1.0,17,in_bounds
2026-07-16 04:30:00+00:00,1,0.0,-1.0,JC055,McGinley Square,22,2026-07-16,4,30,2026-07-15,-2.0,17,in_bounds
2026-07-16 04:45:00+00:00,0,0.0,0.0,JC055,McGinley Square,22,2026-07-16,4,45,2026-07-15,-2.0,17,in_bounds
2026-07-16 05:00:00+00:00,0,0.0,0.0,JC055,McGinley Square,22,2026-07-16,5,0,2026-07-16,0.0,17,in_bounds
2026-07-16 05:15:00+00:00,0,0.0,0.0,JC055,McGinley Square,22,2026-07-16,5,15,2026-07-16,0.0,17,in_bounds
2026-07-16 05:30:00+00:00,0,0.0,0.0,JC055,McGinley Square,22,2026-07-16,5,30,2026-07-16,0.0,17,in_bounds
2026-07-16 05:45:00+00:00,0,0.0,0.0,JC055,McGinley Square,22,2026-07-16,5,45,2026-07-16,0.0,17,in_bounds
2026-07-16 06:00:00+00:00,0,0.0,0.0,JC055,McGinley Square,22,2026-07-16,6,0,2026-07-16,0.0,17,in_bounds
2026-07-16 06:15:00+00:00,1,0.0,-1.0,JC055,McGinley Square,22,2026-07-16,6,15,2026-07-16,-1.0,17,in_bounds
2026-07-16 06:30:00+00:00,0,0.0,0.0,JC055,McGinley Square,22,2026-07-16,6,30,2026-07-16,-1.0,17,in_bounds
2026-07-16 06:45:00+00:00,0,0.0,0.0,JC055,McGinley Square,22,2026-07-16,6,45,2026-07-16,-1.0,17,in_bounds
2026-07-16 07:00:00+00:00,0,0.0,0.0,JC055,McGinley Square,22,2026-07-16,7,0,2026-07-16,-1.0,17,in_bounds
2026-07-16 07:15:00+00:00,3,0.0,-3.0,JC055,McGinley Square,22,2026-07-16,7,15,2026-07-16,-4.0,17,in_bounds
2026-07-16 07:30:00+00:00,1,0.0,-1.0,JC055,McGinley Square,22,2026-07-16,7,30,2026-07-16,-5.0,17,in_bounds
2026-07-16 07:45:00+00:00,2,0.0,-2.0,JC055,McGinley Square,22,2026-07-16,7,45,2026-07-16,-7.0,17,in_bounds
2026-07-16 08:00:00+00:00,2,0.0,-2.0,JC055,McGinley Square,22,2026-07-16,8,0,2026-07-16,-9.0,17,in_bounds
2026-07-16 08:15:00+00:00,0,0.0,0.0,JC055,McGinley Square,22,2026-07-16,8,15,2026-07-16,-9.0,17,in_bounds
2026-07-16 08:30:00+00:00,0,0.0,0.0,JC055,McGinley Square,22,2026-07-16,8,30,2026-07-16,-9.0,17,in_bounds
2026-07-16 08:45:00+00:00,0,0.0,0.0,JC055,McGinley Square,22,2026-07-16,8,45,2026-07-16,-9.0,17,in_bounds
2026-07-16 09:00:00+00:00,0,0.0,0.0,JC055,McGinley Square,22,2026-07-16,9,0,2026-07-16,-9.0,17,in_bounds
2026-07-16 09:15:00+00:00,0,0.0,0.0,JC055,McGinley Square,22,2026-07-16,9,15,2026-07-16,-9.0,17,in_bounds
2026-07-16 09:30:00+00:00,0,0.0,0.0,JC055,McGinley Square,22,2026-07-16,9,30,2026-07-16,-9.0,17,in_bounds
2026-07-16 09:45:00+00:00,0,0.0,0.0,JC055,McGinley Square,22,2026-07-16,9,45,2026-07-16,-9.0,17,in_bounds
2026-07-16 10:00:00+00:00,0,0.0,0.0,JC055,McGinley Square,22,2026-07-16,10,0,2026-07-16,-9.0,17,in_bounds
2026-07-16 10:15:00+00:00,1,0.0,-1.0,JC055,McGinley Square,22,2026-07-16,10,15,2026-07-16,-10.0,17,in_bounds
2026-07-16 10:30:00+00:00,1,0.0,-1.0,JC055,McGinley Square,22,2026-07-16,10,30,2026-07-16,-11.0,17,in_bounds
2026-07-16 10:45:00+00:00,0,1.0,1.0,JC055,McGinley Square,22,2026-07-16,10,45,2026-07-16,-10.0,17,in_bounds
2026-07-16 11:00:00+00:00,2,0.0,-2.0,JC055,McGinley Square,22,2026-07-16,11,0,2026-07-16,-12.0,17,in_bounds
2026-07-16 11:15:00+00:00,0,0.0,0.0,JC055,McGinley Square,22,2026-07-16,11,15,2026-07-16,-12.0,17,in_bounds
2026-07-16 11:30:00+00:00,1,1.0,0.0,JC055,McGinley Square,22,2026-07-16,11,30,2026-07-16,-12.0,17,in_bounds
2026-07-16 11:45:00+00:00,0,0.0,0.0,JC055,McGinley Square,22,2026-07-16,11,45,2026-07-16,-12.0,17,in_bounds
2026-07-16 12:00:00+00:00,0,0.0,0.0,JC055,McGinley Square,22,2026-07-16,12,0,2026-07-16,-12.0,17,in_bounds
2026-07-16 12:15:00+00:00,0,3.0,3.0,JC055,McGinley Square,22,2026-07-16,12,15,2026-07-16,-9.0,17,in_bounds
2026-07-16 12:30:00+00:00,0,0.0,0.0,JC055,McGinley Square,22,2026-07-16,12,30,2026-07-16,-9.0,17,in_bounds
2026-07-16 12:45:00+00:00,0,0.0,0.0,JC055,McGinley Square,22,2026-07-16,12,45,2026-07-16,-9.0,17,in_bounds
2026-07-16 13:00:00+00:00,0,0.0,0.0,JC055,McGinley Square,22,2026-07-16,13,0,2026-07-16,-9.0,17,in_bounds
2026-07-16 13:15:00+00:00,0,0.0,0.0,JC055,McGinley Square,22,2026-07-16,13,15,2026-07-16,-9.0,17,in_bounds
2026-07-16 13:30:00+00:00,1,0.0,-1.0,JC055,McGinley Square,22,2026-07-16,13,30,2026-07-16,-10.0,17,in_bounds
2026-07-16 13:45:00+00:00,0,0.0,0.0,JC055,McGinley Square,22,2026-07-16,13,45,2026-07-16,-10.0,17,in_bounds
2026-07-16 14:00:00+00:00,1,1.0,0.0,JC055,McGinley Square,22,2026-07-16,14,0,2026-07-16,-10.0,17,in_bounds
2026-07-16 14:15:00+00:00,0,1.0,1.0,JC055,McGinley Square,22,2026-07-16,14,15,2026-07-16,-9.0,17,in_bounds
2026-07-16 14:30:00+00:00,0,0.0,0.0,JC055,McGinley Square,22,2026-07-16,14,30,2026-07-16,-9.0,17,in_bounds
2026-07-16 14:45:00+00:00,0,0.0,0.0,JC055,McGinley Square,22,2026-07-16,14,45,2026-07-16,-9.0,17,in_bounds
2026-07-16 15:00:00+00:00,1,1.0,0.0,JC055,McGinley Square,22,2026-07-16,15,0,2026-07-16,-9.0,17,in_bounds
2026-07-16 15:15:00+00:00,0,0.0,0.0,JC055,McGinley Square,22,2026-07-16,15,15,2026-07-16,-9.0,17,in_bounds
2026-07-16 15:30:00+00:00,0,0.0,0.0,JC055,McGinley Square,22,2026-07-16,15,30,2026-07-16,-9.0,17,in_bounds
2026-07-16 15:45:00+00:00,1,0.0,-1.0,JC055,McGinley Square,22,2026-07-16,15,45,2026-07-16,-10.0,17,in_bounds
2026-07-16 16:00:00+00:00,0,2.0,2.0,JC055,McGinley Square,22,2026-07-16,16,0,2026-07-16,-8.0,17,in_bounds
2026-07-16 16:15:00+00:00,1,0.0,-1.0,JC055,McGinley Square,22,2026-07-16,16,15,2026-07-16,-9.0,17,in_bounds
2026-07-16 16:30:00+00:00,0,2.0,2.0,JC055,McGinley Square,22,2026-07-16,16,30,2026-07-16,-7.0,17,in_bounds
2026-07-16 16:45:00+00:00,1,4.0,3.0,JC055,McGinley Square,22,2026-07-16,16,45,2026-07-16,-4.0,17,in_bounds
2026-07-16 17:00:00+00:00,1,0.0,-1.0,JC055,McGinley Square,22,2026-07-16,17,0,2026-07-16,-5.0,17,in_bounds
2026-07-16 17:15:00+00:00,2,0.0,-2.0,JC055,McGinley Square,22,2026-07-16,17,15,2026-07-16,-7.0,17,in_bounds
2026-07-16 17:30:00+00:00,0,3.0,3.0,JC055,McGinley Square,22,2026-07-16,17,30,2026-07-16,-4.0,17,in_bounds
2026-07-16 17:45:00+00:00,2,0.0,-2.0,JC055,McGinley Square,22,2026-07-16,17,45,2026-07-16,-6.0,17,in_bounds
2026-07-16 18:00:00+00:00,1,2.0,1.0,JC055,McGinley Square,22,2026-07-16,18,0,2026-07-16,-5.0,17,in_bounds
2026-07-16 18:15:00+00:00,0,2.0,2.0,JC055,McGinley Square,22,2026-07-16,18,15,2026-07-16,-3.0,17,in_bounds
2026-07-16 18:30:00+00:00,1,0.0,-1.0,JC055,McGinley Square,22,2026-07-16,18,30,2026-07-16,-4.0,17,in_bounds
2026-07-16 18:45:00+00:00,1,0.0,-1.0,JC055,McGinley Square,22,2026-07-16,18,45,2026-07-16,-5.0,17,in_bounds
2026-07-16 19:00:00+00:00,0,2.0,2.0,JC055,McGinley Square,22,2026-07-16,19,0,2026-07-16,-3.0,17,in_bounds
2026-07-16 19:15:00+00:00,0,1.0,1.0,JC055,McGinley Square,22,2026-07-16,19,15,2026-07-16,-2.0,17,in_bounds
2026-07-16 19:30:00+00:00,0,0.0,0.0,JC055,McGinley Square,22,2026-07-16,19,30,2026-07-16,-2.0,17,in_bounds
2026-07-16 19:45:00+00:00,0,0.0,0.0,JC055,McGinley Square,22,2026-07-16,19,45,2026-07-16,-2.0,17,in_bounds
2026-07-16 20:00:00+00:00,1,0.0,-1.0,JC055,McGinley Square,22,2026-07-16,20,0,2026-07-16,-3.0,17,in_bounds
2026-07-16 20:15:00+00:00,0,1.0,1.0,JC055,McGinley Square,22,2026-07-16,20,15,2026-07-16,-2.0,17,in_bounds
2026-07-16 20:30:00+00:00,1,1.0,0.0,JC055,McGinley Square,22,2026-07-16,20,30,2026-07-16,-2.0,17,in_bounds
2026-07-16 20:45:00+00:00,0,0.0,0.0,JC055,McGinley Square,22,2026-07-16,20,45,2026-07-16,-2.0,17,in_bounds
2026-07-16 21:00:00+00:00,0,0.0,0.0,JC055,McGinley Square,22,2026-07-16,21,0,2026-07-16,-2.0,17,in_bounds
2026-07-16 21:15:00+00:00,0,0.0,0.0,JC055,McGinley Square,22,2026-07-16,21,15,2026-07-16,-2.0,17,in_bounds
2026-07-16 21:30:00+00:00,0,0.0,0.0,JC055,McGinley Square,22,2026-07-16,21,30,2026-07-16,-2.0,17,in_bounds
2026-07-16 21:45:00+00:00,0,0.0,0.0,JC055,McGinley Square,22,2026-07-16,21,45,2026-07-16,-2.0,17,in_bounds
2026-07-16 22:00:00+00:00,0,0.0,0.0,JC055,McGinley Square,22,2026-07-16,22,0,2026-07-16,-2.0,17,in_bounds
2026-07-16 22:15:00+00:00,0,0.0,0.0,JC055,McGinley Square,22,2026-07-16,22,15,2026-07-16,-2.0,17,in_bounds
2026-07-16 22:30:00+00:00,0,0.0,0.0,JC055,McGinley Square,22,2026-07-16,22,30,2026-07-16,-2.0,17,in_bounds
2026-07-16 22:45:00+00:00,0,0.0,0.0,JC055,McGinley Square,22,2026-07-16,22,45,2026-07-16,-2.0,17,in_bounds
2026-07-16 23:00:00+00:00,0,0.0,0.0,JC055,McGinley Square,22,2026-07-16,23,0,2026-07-16,-2.0,17,in_bounds
2026-07-16 23:15:00+00:00,0,0.0,0.0,JC055,McGinley Square,22,2026-07-16,23,15,2026-07-16,-2.0,17,in_bounds
2026-07-16 23:30:00+00:00,0,0.0,0.0,JC055,McGinley Square,22,2026-07-16,23,30,2026-07-16,-2.0,17,in_bounds
2026-07-16 23:45:00+00:00,0,0.0,0.0,JC055,McGinley Square,22,2026-07-16,23,45,2026-07-16,-2.0,17,in_bounds
2026-07-17 00:00:00+00:00,0,0.0,0.0,JC055,McGinley Square,22,2026-07-17,0,0,2026-07-16,-2.0,17,in_bounds
2026-07-17 00:15:00+00:00,0,0.0,0.0,JC055,McGinley Square,22,2026-07-17,0,15,2026-07-16,-2.0,17,in_bounds
2026-07-17 00:30:00+00:00,0,0.0,0.0,JC055,McGinley Square,22,2026-07-17,0,30,2026-07-16,-2.0,17,in_bounds
2026-07-17 00:45:00+00:00,0,0.0,0.0,JC055,McGinley Square,22,2026-07-17,0,45,2026-07-16,-2.0,17,in_bounds
2026-07-17 01:00:00+00:00,0,0.0,0.0,JC055,McGinley Square,22,2026-07-17,1,0,2026-07-16,-2.0,17,in_bounds
2026-07-17 01:15:00+00:00,0,0.0,0.0,JC055,McGinley Square,22,2026-07-17,1,15,2026-07-16,-2.0,17,in_bounds
2026-07-17 01:30:00+00:00,0,0.0,0.0,JC055,McGinley Square,22,2026-07-17,1,30,2026-07-16,-2.0,17,in_bounds
2026-07-17 01:45:00+00:00,0,0.0,0.0,JC055,McGinley Square,22,2026-07-17,1,45,2026-07-16,-2.0,17,in_bounds
2026-07-17 02:00:00+00:00,0,0.0,0.0,JC055,McGinley Square,22,2026-07-17,2,0,2026-07-16,-2.0,17,in_bounds
2026-07-17 02:15:00+00:00,0,0.0,0.0,JC055,McGinley Square,22,2026-07-17,2,15,2026-07-16,-2.0,17,in_bounds
2026-07-17 02:30:00+00:00,0,0.0,0.0,JC055,McGinley Square,22,2026-07-17,2,30,2026-07-16,-2.0,17,in_bounds
2026-07-17 02:45:00+00:00,0,0.0,0.0,JC055,McGinley Square,22,2026-07-17,2,45,2026-07-16,-2.0,17,in_bounds
2026-07-17 03:00:00+00:00,2,0.0,-2.0,JC055,McGinley Square,22,2026-07-17,3,0,2026-07-16,-4.0,17,in_bounds
2026-07-17 03:15:00+00:00,0,1.0,1.0,JC055,McGinley Square,22,2026-07-17,3,15,2026-07-16,-3.0,17,in_bounds
2026-07-17 03:30:00+00:00,0,0.0,0.0,JC055,McGinley Square,22,2026-07-17,3,30,2026-07-16,-3.0,17,in_bounds
2026-07-17 03:45:00+00:00,0,0.0,0.0,JC055,McGinley Square,22,2026-07-17,3,45,2026-07-16,-3.0,17,in_bounds
2026-07-17 04:00:00+00:00,0,0.0,0.0,JC055,McGinley Square,22,2026-07-17,4,0,2026-07-16,-3.0,17,in_bounds
2026-07-17 04:15:00+00:00,0,0.0,0.0,JC055,McGinley Square,22,2026-07-17,4,15,2026-07-16,-3.0,17,in_bounds
2026-07-17 04:30:00+00:00,0,0.0,0.0,JC055,McGinley Square,22,2026-07-17,4,30,2026-07-16,-3.0,17,in_bounds
2026-07-17 04:45:00+00:00,0,0.0,0.0,JC055,McGinley Square,22,2026-07-17,4,45,2026-07-16,-3.0,17,in_bounds
2026-07-17 05:00:00+00:00,0,0.0,0.0,JC055,McGinley Square,22,2026-07-17,5,0,2026-07-17,0.0,17,in_bounds
2026-07-17 05:15:00+00:00,0,0.0,0.0,JC055,McGinley Square,22,2026-07-17,5,15,2026-07-17,0.0,17,in_bounds
2026-07-17 05:30:00+00:00,0,0.0,0.0,JC055,McGinley Square,22,2026-07-17,5,30,2026-07-17,0.0,17,in_bounds
2026-07-17 05:45:00+00:00,0,0.0,0.0,JC055,McGinley Square,22,2026-07-17,5,45,2026-07-17,0.0,17,in_bounds
2026-07-17 06:00:00+00:00,0,0.0,0.0,JC055,McGinley Square,22,2026-07-17,6,0,2026-07-17,0.0,17,in_bounds
2026-07-17 06:15:00+00:00,0,0.0,0.0,JC055,McGinley Square,22,2026-07-17,6,15,2026-07-17,0.0,17,in_bounds
2026-07-17 06:30:00+00:00,1,0.0,-1.0,JC055,McGinley Square,22,2026-07-17,6,30,2026-07-17,-1.0,17,in_bounds
2026-07-17 06:45:00+00:00,0,0.0,0.0,JC055,McGinley Square,22,2026-07-17,6,45,2026-07-17,-1.0,17,in_bounds
2026-07-17 07:00:00+00:00,1,0.0,-1.0,JC055,McGinley Square,22,2026-07-17,7,0,2026-07-17,-2.0,17,in_bounds
2026-07-17 07:15:00+00:00,1,0.0,-1.0,JC055,McGinley Square,22,2026-07-17,7,15,2026-07-17,-3.0,17,in_bounds
2026-07-17 07:30:00+00:00,0,0.0,0.0,JC055,McGinley Square,22,2026-07-17,7,30,2026-07-17,-3.0,17,in_bounds
2026-07-17 07:45:00+00:00,2,1.0,-1.0,JC055,McGinley Square,22,2026-07-17,7,45,2026-07-17,-4.0,17,in_bounds
2026-07-17 08:00:00+00:00,1,0.0,-1.0,JC055,McGinley Square,22,2026-07-17,8,0,2026-07-17,-5.0,17,in_bounds
2026-07-17 08:15:00+00:00,2,0.0,-2.0,JC055,McGinley Square,22,2026-07-17,8,15,2026-07-17,-7.0,17,in_bounds
2026-07-17 08:30:00+00:00,1,1.0,0.0,JC055,McGinley Square,22,2026-07-17,8,30,2026-07-17,-7.0,17,in_bounds
2026-07-17 08:45:00+00:00,1,0.0,-1.0,JC055,McGinley Square,22,2026-07-17,8,45,2026-07-17,-8.0,17,in_bounds
2026-07-17 09:00:00+00:00,0,0.0,0.0,JC055,McGinley Square,22,2026-07-17,9,0,2026-07-17,-8.0,17,in_bounds
2026-07-17 09:15:00+00:00,1,0.0,-1.0,JC055,McGinley Square,22,2026-07-17,9,15,2026-07-17,-9.0,17,in_bounds
2026-07-17 09:30:00+00:00,0,1.0,1.0,JC055,McGinley Square,22,2026-07-17,9,30,2026-07-17,-8.0,17,in_bounds
2026-07-17 09:45:00+00:00,0,0.0,0.0,JC055,McGinley Square,22,2026-07-17,9,45,2026-07-17,-8.0,17,in_bounds
2026-07-17 10:00:00+00:00,2,1.0,-1.0,JC055,McGinley Square,22,2026-07-17,10,0,2026-07-17,-9.0,17,in_bounds
2026-07-17 10:15:00+00:00,1,0.0,-1.0,JC055,McGinley Square,22,2026-07-17,10,15,2026-07-17,-10.0,17,in_bounds
2026-07-17 10:30:00+00:00,1,3.0,2.0,JC055,McGinley Square,22,2026-07-17,10,30,2026-07-17,-8.0,17,in_bounds
2026-07-17 10:45:00+00:00,0,1.0,1.0,JC055,McGinley Square,22,2026-07-17,10,45,2026-07-17,-7.0,17,in_bounds
2026-07-17 11:00:00+00:00,2,0.0,-2.0,JC055,McGinley Square,22,2026-07-17,11,0,2026-07-17,-9.0,17,in_bounds
2026-07-17 11:15:00+00:00,1,0.0,-1.0,JC055,McGinley Square,22,2026-07-17,11,15,2026-07-17,-10.0,17,in_bounds
2026-07-17 11:30:00+00:00,2,1.0,-1.0,JC055,McGinley Square,22,2026-07-17,11,30,2026-07-17,-11.0,17,in_bounds
2026-07-17 11:45:00+00:00,1,0.0,-1.0,JC055,McGinley Square,22,2026-07-17,11,45,2026-07-17,-12.0,17,in_bounds
2026-07-17 12:00:00+00:00,0,0.0,0.0,JC055,McGinley Square,22,2026-07-17,12,0,2026-07-17,-12.0,17,in_bounds
2026-07-17 12:15:00+00:00,0,0.0,0.0,JC055,McGinley Square,22,2026-07-17,12,15,2026-07-17,-12.0,17,in_bounds
2026-07-17 12:30:00+00:00,1,0.0,-1.0,JC055,McGinley Square,22,2026-07-17,12,30,2026-07-17,-13.0,17,in_bounds
2026-07-17 12:45:00+00:00,1,2.0,1.0,JC055,McGinley Square,22,2026-07-17,12,45,2026-07-17,-12.0,17,in_bounds
2026-07-17 13:00:00+00:00,1,0.0,-1.0,JC055,McGinley Square,22,2026-07-17,13,0,2026-07-17,-13.0,17,in_bounds
2026-07-17 13:15:00+00:00,1,0.0,-1.0,JC055,McGinley Square,22,2026-07-17,13,15,2026-07-17,-14.0,17,in_bounds
2026-07-17 13:30:00+00:00,2,0.0,-2.0,JC055,McGinley Square,22,2026-07-17,13,30,2026-07-17,-16.0,17,in_bounds
2026-07-17 13:45:00+00:00,1,0.0,-1.0,JC055,McGinley Square,22,2026-07-17,13,45,2026-07-17,-17.0,17,in_bounds
2026-07-17 14:00:00+00:00,0,1.0,1.0,JC055,McGinley Square,22,2026-07-17,14,0,2026-07-17,-16.0,17,in_bounds
2026-07-17 14:15:00+00:00,2,0.0,-2.0,JC055,McGinley Square,22,2026-07-17,14,15,2026-07-17,-18.0,17,below_zero
2026-07-17 14:30:00+00:00,0,1.0,1.0,JC055,McGinley Square,22,2026-07-17,14,30,2026-07-17,-17.0,17,in_bounds
2026-07-17 14:45:00+00:00,1,0.0,-1.0,JC055,McGinley Square,22,2026-07-17,14,45,2026-07-17,-18.0,17,below_zero
2026-07-17 15:00:00+00:00,2,0.0,-2.0,JC055,McGinley Square,22,2026-07-17,15,0,2026-07-17,-20.0,17,below_zero
2026-07-17 15:15:00+00:00,2,1.0,-1.0,JC055,McGinley Square,22,2026-07-17,15,15,2026-07-17,-21.0,17,below_zero
2026-07-17 15:30:00+00:00,1,1.0,0.0,JC055,McGinley Square,22,2026-07-17,15,30,2026-07-17,-21.0,17,below_zero
2026-07-17 15:45:00+00:00,0,0.0,0.0,JC055,McGinley Square,22,2026-07-17,15,45,2026-07-17,-21.0,17,below_zero
2026-07-17 16:00:00+00:00,2,0.0,-2.0,JC055,McGinley Square,22,2026-07-17,16,0,2026-07-17,-23.0,17,below_zero
2026-07-17 16:15:00+00:00,0,1.0,1.0,JC055,McGinley Square,22,2026-07-17,16,15,2026-07-17,-22.0,17,below_zero
2026-07-17 16:30:00+00:00,0,2.0,2.0,JC055,McGinley Square,22,2026-07-17,16,30,2026-07-17,-20.0,17,below_zero
2026-07-17 16:45:00+00:00,0,2.0,2.0,JC055,McGinley Square,22,2026-07-17,16,45,2026-07-17,-18.0,17,below_zero
2026-07-17 17:00:00+00:00,1,1.0,0.0,JC055,McGinley Square,22,2026-07-17,17,0,2026-07-17,-18.0,17,below_zero
2026-07-17 17:15:00+00:00,1,0.0,-1.0,JC055,McGinley Square,22,2026-07-17,17,15,2026-07-17,-19.0,17,below_zero
2026-07-17 17:30:00+00:00,4,1.0,-3.0,JC055,McGinley Square,22,2026-07-17,17,30,2026-07-17,-22.0,17,below_zero
2026-07-17 17:45:00+00:00,0,0.0,0.0,JC055,McGinley Square,22,2026-07-17,17,45,2026-07-17,-22.0,17,below_zero
2026-07-17 18:00:00+00:00,0,1.0,1.0,JC055,McGinley Square,22,2026-07-17,18,0,2026-07-17,-21.0,17,below_zero
2026-07-17 18:15:00+00:00,0,0.0,0.0,JC055,McGinley Square,22,2026-07-17,18,15,2026-07-17,-21.0,17,below_zero
2026-07-17 18:30:00+00:00,0,1.0,1.0,JC055,McGinley Square,22,2026-07-17,18,30,2026-07-17,-20.0,17,below_zero
2026-07-17 18:45:00+00:00,1,0.0,-1.0,JC055,McGinley Square,22,2026-07-17,18,45,2026-07-17,-21.0,17,below_zero
2026-07-17 19:00:00+00:00,2,2.0,0.0,JC055,McGinley Square,22,2026-07-17,19,0,2026-07-17,-21.0,17,below_zero
2026-07-17 19:15:00+00:00,0,1.0,1.0,JC055,McGinley Square,22,2026-07-17,19,15,2026-07-17,-20.0,17,below_zero
2026-07-17 19:30:00+00:00,1,0.0,-1.0,JC055,McGinley Square,22,2026-07-17,19,30,2026-07-17,-21.0,17,below_zero
2026-07-17 19:45:00+00:00,0,1.0,1.0,JC055,McGinley Square,22,2026-07-17,19,45,2026-07-17,-20.0,17,below_zero
2026-07-17 20:00:00+00:00,0,0.0,0.0,JC055,McGinley Square,22,2026-07-17,20,0,2026-07-17,-20.0,17,below_zero
2026-07-17 20:15:00+00:00,0,0.0,0.0,JC055,McGinley Square,22,2026-07-17,20,15,2026-07-17,-20.0,17,below_zero
2026-07-17 20:30:00+00:00,1,2.0,1.0,JC055,McGinley Square,22,2026-07-17,20,30,2026-07-17,-19.0,17,below_zero
2026-07-17 20:45:00+00:00,3,1.0,-2.0,JC055,McGinley Square,22,2026-07-17,20,45,2026-07-17,-21.0,17,below_zero
2026-07-17 21:00:00+00:00,1,0.0,-1.0,JC055,McGinley Square,22,2026-07-17,21,0,2026-07-17,-22.0,17,below_zero
2026-07-17 21:15:00+00:00,0,0.0,0.0,JC055,McGinley Square,22,2026-07-17,21,15,2026-07-17,-22.0,17,below_zero
2026-07-17 21:30:00+00:00,0,0.0,0.0,JC055,McGinley Square,22,2026-07-17,21,30,2026-07-17,-22.0,17,below_zero
2026-07-17 21:45:00+00:00,2,0.0,-2.0,JC055,McGinley Square,22,2026-07-17,21,45,2026-07-17,-24.0,17,below_zero
2026-07-17 22:00:00+00:00,0,1.0,1.0,JC055,McGinley Square,22,2026-07-17,22,0,2026-07-17,-23.0,17,below_zero
2026-07-17 22:15:00+00:00,0,0.0,0.0,JC055,McGinley Square,22,2026-07-17,22,15,2026-07-17,-23.0,17,below_zero
2026-07-17 22:30:00+00:00,0,1.0,1.0,JC055,McGinley Square,22,2026-07-17,22,30,2026-07-17,-22.0,17,below_zero
2026-07-17 22:45:00+00:00,0,0.0,0.0,JC055,McGinley Square,22,2026-07-17,22,45,2026-07-17,-22.0,17,below_zero
2026-07-17 23:00:00+00:00,0,0.0,0.0,JC055,McGinley Square,22,2026-07-17,23,0,2026-07-17,-22.0,17,below_zero
2026-07-17 23:15:00+00:00,1,1.0,0.0,JC055,McGinley Square,22,2026-07-17,23,15,2026-07-17,-22.0,17,below_zero
2026-07-17 23:30:00+00:00,1,1.0,0.0,JC055,McGinley Square,22,2026-07-17,23,30,2026-07-17,-22.0,17,below_zero
2026-07-17 23:45:00+00:00,0,0.0,0.0,JC055,McGinley Square,22,2026-07-17,23,45,2026-07-17,-22.0,17,below_zero
2026-07-18 00:00:00+00:00,0,2.0,2.0,JC055,McGinley Square,22,2026-07-18,0,0,2026-07-17,-20.0,17,below_zero
2026-07-18 00:15:00+00:00,0,0.0,0.0,JC055,McGinley Square,22,2026-07-18,0,15,2026-07-17,-20.0,17,below_zero
2026-07-18 00:30:00+00:00,0,1.0,1.0,JC055,McGinley Square,22,2026-07-18,0,30,2026-07-17,-19.0,17,below_zero
2026-07-18 00:45:00+00:00,0,0.0,0.0,JC055,McGinley Square,22,2026-07-18,0,45,2026-07-17,-19.0,17,below_zero
2026-07-18 01:00:00+00:00,0,1.0,1.0,JC055,McGinley Square,22,2026-07-18,1,0,2026-07-17,-18.0,17,below_zero
2026-07-18 01:15:00+00:00,0,0.0,0.0,JC055,McGinley Square,22,2026-07-18,1,15,2026-07-17,-18.0,17,below_zero
2026-07-18 01:30:00+00:00,0,1.0,1.0,JC055,McGinley Square,22,2026-07-18,1,30,2026-07-17,-17.0,17,in_bounds
2026-07-18 01:45:00+00:00,0,0.0,0.0,JC055,McGinley Square,22,2026-07-18,1,45,2026-07-17,-17.0,17,in_bounds
2026-07-18 02:00:00+00:00,0,0.0,0.0,JC055,McGinley Square,22,2026-07-18,2,0,2026-07-17,-17.0,17,in_bounds
2026-07-18 02:15:00+00:00,0,0.0,0.0,JC055,McGinley Square,22,2026-07-18,2,15,2026-07-17,-17.0,17,in_bounds
2026-07-18 02:30:00+00:00,0,0.0,0.0,JC055,McGinley Square,22,2026-07-18,2,30,2026-07-17,-17.0,17,in_bounds
2026-07-18 02:45:00+00:00,0,1.0,1.0,JC055,McGinley Square,22,2026-07-18,2,45,2026-07-17,-16.0,17,in_bounds
2026-07-18 03:00:00+00:00,1,0.0,-1.0,JC055,McGinley Square,22,2026-07-18,3,0,2026-07-17,-17.0,17,in_bounds
2026-07-18 03:15:00+00:00,0,1.0,1.0,JC055,McGinley Square,22,2026-07-18,3,15,2026-07-17,-16.0,17,in_bounds
2026-07-18 03:30:00+00:00,0,0.0,0.0,JC055,McGinley Square,22,2026-07-18,3,30,2026-07-17,-16.0,17,in_bounds
2026-07-18 03:45:00+00:00,0,0.0,0.0,JC055,McGinley Square,22,2026-07-18,3,45,2026-07-17,-16.0,17,in_bounds
2026-07-18 04:00:00+00:00,0,0.0,0.0,JC055,McGinley Square,22,2026-07-18,4,0,2026-07-17,-16.0,17,in_bounds
2026-07-18 04:15:00+00:00,0,0.0,0.0,JC055,McGinley Square,22,2026-07-18,4,15,2026-07-17,-16.0,17,in_bounds
2026-07-18 04:30:00+00:00,0,0.0,0.0,JC055,McGinley Square,22,2026-07-18,4,30,2026-07-17,-16.0,17,in_bounds
2026-07-18 04:45:00+00:00,0,0.0,0.0,JC055,McGinley Square,22,2026-07-18,4,45,2026-07-17,-16.0,17,in_bounds
2026-07-18 05:00:00+00:00,0,0.0,0.0,JC055,McGinley Square,22,2026-07-18,5,0,2026-07-18,0.0,17,in_bounds
2026-07-18 05:15:00+00:00,0,0.0,0.0,JC055,McGinley Square,22,2026-07-18,5,15,2026-07-18,0.0,17,in_bounds
2026-07-18 05:30:00+00:00,0,0.0,0.0,JC055,McGinley Square,22,2026-07-18,5,30,2026-07-18,0.0,17,in_bounds
2026-07-18 05:45:00+00:00,1,0.0,-1.0,JC055,McGinley Square,22,2026-07-18,5,45,2026-07-18,-1.0,17,in_bounds
2026-07-18 06:00:00+00:00,0,0.0,0.0,JC055,McGinley Square,22,2026-07-18,6,0,2026-07-18,-1.0,17,in_bounds
2026-07-18 06:15:00+00:00,0,0.0,0.0,JC055,McGinley Square,22,2026-07-18,6,15,2026-07-18,-1.0,17,in_bounds
2026-07-18 06:30:00+00:00,0,0.0,0.0,JC055,McGinley Square,22,2026-07-18,6,30,2026-07-18,-1.0,17,in_bounds
2026-07-18 06:45:00+00:00,0,0.0,0.0,JC055,McGinley Square,22,2026-07-18,6,45,2026-07-18,-1.0,17,in_bounds
2026-07-18 07:00:00+00:00,0,0.0,0.0,JC055,McGinley Square,22,2026-07-18,7,0,2026-07-18,-1.0,17,in_bounds
2026-07-18 07:15:00+00:00,0,0.0,0.0,JC055,McGinley Square,22,2026-07-18,7,15,2026-07-18,-1.0,17,in_bounds
2026-07-18 07:30:00+00:00,0,0.0,0.0,JC055,McGinley Square,22,2026-07-18,7,30,2026-07-18,-1.0,17,in_bounds
2026-07-18 07:45:00+00:00,1,0.0,-1.0,JC055,McGinley Square,22,2026-07-18,7,45,2026-07-18,-2.0,17,in_bounds
2026-07-18 08:00:00+00:00,1,2.0,1.0,JC055,McGinley Square,22,2026-07-18,8,0,2026-07-18,-1.0,17,in_bounds
2026-07-18 08:15:00+00:00,1,0.0,-1.0,JC055,McGinley Square,22,2026-07-18,8,15,2026-07-18,-2.0,17,in_bounds
2026-07-18 08:30:00+00:00,0,2.0,2.0,JC055,McGinley Square,22,2026-07-18,8,30,2026-07-18,0.0,17,in_bounds
2026-07-18 08:45:00+00:00,0,2.0,2.0,JC055,McGinley Square,22,2026-07-18,8,45,2026-07-18,2.0,17,in_bounds
2026-07-18 09:00:00+00:00,0,0.0,0.0,JC055,McGinley Square,22,2026-07-18,9,0,2026-07-18,2.0,17,in_bounds
2026-07-18 09:15:00+00:00,0,0.0,0.0,JC055,McGinley Square,22,2026-07-18,9,15,2026-07-18,2.0,17,in_bounds
2026-07-18 09:30:00+00:00,1,2.0,1.0,JC055,McGinley Square,22,2026-07-18,9,30,2026-07-18,3.0,17,in_bounds
2026-07-18 09:45:00+00:00,1,0.0,-1.0,JC055,McGinley Square,22,2026-07-18,9,45,2026-07-18,2.0,17,in_bounds
2026-07-18 10:00:00+00:00,0,0.0,0.0,JC055,McGinley Square,22,2026-07-18,10,0,2026-07-18,2.0,17,in_bounds
2026-07-18 10:15:00+00:00,2,0.0,-2.0,JC055,McGinley Square,22,2026-07-18,10,15,2026-07-18,0.0,17,in_bounds
2026-07-18 10:30:00+00:00,2,0.0,-2.0,JC055,McGinley Square,22,2026-07-18,10,30,2026-07-18,-2.0,17,in_bounds
2026-07-18 10:45:00+00:00,0,1.0,1.0,JC055,McGinley Square,22,2026-07-18,10,45,2026-07-18,-1.0,17,in_bounds
2026-07-18 11:00:00+00:00,0,0.0,0.0,JC055,McGinley Square,22,2026-07-18,11,0,2026-07-18,-1.0,17,in_bounds
2026-07-18 11:15:00+00:00,1,0.0,-1.0,JC055,McGinley Square,22,2026-07-18,11,15,2026-07-18,-2.0,17,in_bounds
2026-07-18 11:30:00+00:00,0,0.0,0.0,JC055,McGinley Square,22,2026-07-18,11,30,2026-07-18,-2.0,17,in_bounds
2026-07-18 11:45:00+00:00,0,0.0,0.0,JC055,McGinley Square,22,2026-07-18,11,45,2026-07-18,-2.0,17,in_bounds
2026-07-18 12:00:00+00:00,0,0.0,0.0,JC055,McGinley Square,22,2026-07-18,12,0,2026-07-18,-2.0,17,in_bounds
2026-07-18 12:15:00+00:00,0,0.0,0.0,JC055,McGinley Square,22,2026-07-18,12,15,2026-07-18,-2.0,17,in_bounds
2026-07-18 12:30:00+00:00,0,0.0,0.0,JC055,McGinley Square,22,2026-07-18,12,30,2026-07-18,-2.0,17,in_bounds
2026-07-18 12:45:00+00:00,0,0.0,0.0,JC055,McGinley Square,22,2026-07-18,12,45,2026-07-18,-2.0,17,in_bounds
2026-07-18 13:00:00+00:00,0,1.0,1.0,JC055,McGinley Square,22,2026-07-18,13,0,2026-07-18,-1.0,17,in_bounds
2026-07-18 13:15:00+00:00,0,0.0,0.0,JC055,McGinley Square,22,2026-07-18,13,15,2026-07-18,-1.0,17,in_bounds
2026-07-18 13:30:00+00:00,0,0.0,0.0,JC055,McGinley Square,22,2026-07-18,13,30,2026-07-18,-1.0,17,in_bounds
2026-07-18 13:45:00+00:00,0,1.0,1.0,JC055,McGinley Square,22,2026-07-18,13,45,2026-07-18,0.0,17,in_bounds
2026-07-18 14:00:00+00:00,1,0.0,-1.0,JC055,McGinley Square,22,2026-07-18,14,0,2026-07-18,-1.0,17,in_bounds
2026-07-18 14:15:00+00:00,0,0.0,0.0,JC055,McGinley Square,22,2026-07-18,14,15,2026-07-18,-1.0,17,in_bounds
2026-07-18 14:30:00+00:00,0,0.0,0.0,JC055,McGinley Square,22,2026-07-18,14,30,2026-07-18,-1.0,17,in_bounds
2026-07-18 14:45:00+00:00,0,0.0,0.0,JC055,McGinley Square,22,2026-07-18,14,45,2026-07-18,-1.0,17,in_bounds
2026-07-18 15:00:00+00:00,0,0.0,0.0,JC055,McGinley Square,22,2026-07-18,15,0,2026-07-18,-1.0,17,in_bounds
2026-07-18 15:15:00+00:00,2,0.0,-2.0,JC055,McGinley Square,22,2026-07-18,15,15,2026-07-18,-3.0,17,in_bounds
2026-07-18 15:30:00+00:00,0,0.0,0.0,JC055,McGinley Square,22,2026-07-18,15,30,2026-07-18,-3.0,17,in_bounds
2026-07-18 15:45:00+00:00,1,0.0,-1.0,JC055,McGinley Square,22,2026-07-18,15,45,2026-07-18,-4.0,17,in_bounds
2026-07-18 16:00:00+00:00,0,0.0,0.0,JC055,McGinley Square,22,2026-07-18,16,0,2026-07-18,-4.0,17,in_bounds
2026-07-18 16:15:00+00:00,1,1.0,0.0,JC055,McGinley Square,22,2026-07-18,16,15,2026-07-18,-4.0,17,in_bounds
2026-07-18 16:30:00+00:00,1,5.0,4.0,JC055,McGinley Square,22,2026-07-18,16,30,2026-07-18,0.0,17,in_bounds
2026-07-18 16:45:00+00:00,1,1.0,0.0,JC055,McGinley Square,22,2026-07-18,16,45,2026-07-18,0.0,17,in_bounds
2026-07-18 17:00:00+00:00,0,0.0,0.0,JC055,McGinley Square,22,2026-07-18,17,0,2026-07-18,0.0,17,in_bounds
2026-07-18 17:15:00+00:00,0,0.0,0.0,JC055,McGinley Square,22,2026-07-18,17,15,2026-07-18,0.0,17,in_bounds
2026-07-18 17:30:00+00:00,0,0.0,0.0,JC055,McGinley Square,22,2026-07-18,17,30,2026-07-18,0.0,17,in_bounds
2026-07-18 17:45:00+00:00,1,0.0,-1.0,JC055,McGinley Square,22,2026-07-18,17,45,2026-07-18,-1.0,17,in_bounds
2026-07-18 18:00:00+00:00,1,0.0,-1.0,JC055,McGinley Square,22,2026-07-18,18,0,2026-07-18,-2.0,17,in_bounds
2026-07-18 18:15:00+00:00,0,0.0,0.0,JC055,McGinley Square,22,2026-07-18,18,15,2026-07-18,-2.0,17,in_bounds
2026-07-18 18:30:00+00:00,0,0.0,0.0,JC055,McGinley Square,22,2026-07-18,18,30,2026-07-18,-2.0,17,in_bounds
2026-07-18 18:45:00+00:00,0,0.0,0.0,JC055,McGinley Square,22,2026-07-18,18,45,2026-07-18,-2.0,17,in_bounds
2026-07-18 19:00:00+00:00,3,1.0,-2.0,JC055,McGinley Square,22,2026-07-18,19,0,2026-07-18,-4.0,17,in_bounds
2026-07-18 19:15:00+00:00,0,1.0,1.0,JC055,McGinley Square,22,2026-07-18,19,15,2026-07-18,-3.0,17,in_bounds
2026-07-18 19:30:00+00:00,0,0.0,0.0,JC055,McGinley Square,22,2026-07-18,19,30,2026-07-18,-3.0,17,in_bounds
2026-07-18 19:45:00+00:00,0,1.0,1.0,JC055,McGinley Square,22,2026-07-18,19,45,2026-07-18,-2.0,17,in_bounds
2026-07-18 20:00:00+00:00,0,0.0,0.0,JC055,McGinley Square,22,2026-07-18,20,0,2026-07-18,-2.0,17,in_bounds
2026-07-18 20:15:00+00:00,0,0.0,0.0,JC055,McGinley Square,22,2026-07-18,20,15,2026-07-18,-2.0,17,in_bounds
2026-07-18 20:30:00+00:00,0,0.0,0.0,JC055,McGinley Square,22,2026-07-18,20,30,2026-07-18,-2.0,17,in_bounds
2026-07-18 20:45:00+00:00,0,1.0,1.0,JC055,McGinley Square,22,2026-07-18,20,45,2026-07-18,-1.0,17,in_bounds
2026-07-18 21:00:00+00:00,0,0.0,0.0,JC055,McGinley Square,22,2026-07-18,21,0,2026-07-18,-1.0,17,in_bounds
2026-07-18 21:15:00+00:00,0,0.0,0.0,JC055,McGinley Square,22,2026-07-18,21,15,2026-07-18,-1.0,17,in_bounds
2026-07-18 21:30:00+00:00,1,0.0,-1.0,JC055,McGinley Square,22,2026-07-18,21,30,2026-07-18,-2.0,17,in_bounds
2026-07-18 21:45:00+00:00,0,0.0,0.0,JC055,McGinley Square,22,2026-07-18,21,45,2026-07-18,-2.0,17,in_bounds
2026-07-18 22:00:00+00:00,0,1.0,1.0,JC055,McGinley Square,22,2026-07-18,22,0,2026-07-18,-1.0,17,in_bounds
2026-07-18 22:15:00+00:00,0,0.0,0.0,JC055,McGinley Square,22,2026-07-18,22,15,2026-07-18,-1.0,17,in_bounds
2026-07-18 22:30:00+00:00,0,0.0,0.0,JC055,McGinley Square,22,2026-07-18,22,30,2026-07-18,-1.0,17,in_bounds
2026-07-18 22:45:00+00:00,1,1.0,0.0,JC055,McGinley Square,22,2026-07-18,22,45,2026-07-18,-1.0,17,in_bounds
2026-07-18 23:00:00+00:00,0,0.0,0.0,JC055,McGinley Square,22,2026-07-18,23,0,2026-07-18,-1.0,17,in_bounds
2026-07-18 23:15:00+00:00,0,0.0,0.0,JC055,McGinley Square,22,2026-07-18,23,15,2026-07-18,-1.0,17,in_bounds
2026-07-18 23:30:00+00:00,0,0.0,0.0,JC055,McGinley Square,22,2026-07-18,23,30,2026-07-18,-1.0,17,in_bounds
2026-07-18 23:45:00+00:00,0,0.0,0.0,JC055,McGinley Square,22,2026-07-18,23,45,2026-07-18,-1.0,17,in_bounds
2026-07-19 00:00:00+00:00,0,0.0,0.0,JC055,McGinley Square,22,2026-07-19,0,0,2026-07-18,-1.0,17,in_bounds
2026-07-19 00:15:00+00:00,0,0.0,0.0,JC055,McGinley Square,22,2026-07-19,0,15,2026-07-18,-1.0,17,in_bounds
2026-07-19 00:30:00+00:00,0,1.0,1.0,JC055,McGinley Square,22,2026-07-19,0,30,2026-07-18,0.0,17,in_bounds
2026-07-19 00:45:00+00:00,0,1.0,1.0,JC055,McGinley Square,22,2026-07-19,0,45,2026-07-18,1.0,17,in_bounds
2026-07-19 01:00:00+00:00,0,0.0,0.0,JC055,McGinley Square,22,2026-07-19,1,0,2026-07-18,1.0,17,in_bounds
2026-07-19 01:15:00+00:00,0,1.0,1.0,JC055,McGinley Square,22,2026-07-19,1,15,2026-07-18,2.0,17,in_bounds
2026-07-19 01:30:00+00:00,0,1.0,1.0,JC055,McGinley Square,22,2026-07-19,1,30,2026-07-18,3.0,17,in_bounds
2026-07-19 01:45:00+00:00,0,0.0,0.0,JC055,McGinley Square,22,2026-07-19,1,45,2026-07-18,3.0,17,in_bounds
2026-07-19 02:00:00+00:00,0,1.0,1.0,JC055,McGinley Square,22,2026-07-19,2,0,2026-07-18,4.0,17,in_bounds
2026-07-19 02:15:00+00:00,0,0.0,0.0,JC055,McGinley Square,22,2026-07-19,2,15,2026-07-18,4.0,17,in_bounds
2026-07-19 02:30:00+00:00,0,0.0,0.0,JC055,McGinley Square,22,2026-07-19,2,30,2026-07-18,4.0,17,in_bounds
2026-07-19 02:45:00+00:00,0,0.0,0.0,JC055,McGinley Square,22,2026-07-19,2,45,2026-07-18,4.0,17,in_bounds
2026-07-19 03:00:00+00:00,0,0.0,0.0,JC055,McGinley Square,22,2026-07-19,3,0,2026-07-18,4.0,17,in_bounds
2026-07-19 03:15:00+00:00,0,0.0,0.0,JC055,McGinley Square,22,2026-07-19,3,15,2026-07-18,4.0,17,in_bounds
2026-07-19 03:30:00+00:00,1,0.0,-1.0,JC055,McGinley Square,22,2026-07-19,3,30,2026-07-18,3.0,17,in_bounds
2026-07-19 03:45:00+00:00,0,0.0,0.0,JC055,McGinley Square,22,2026-07-19,3,45,2026-07-18,3.0,17,in_bounds
2026-07-19 04:00:00+00:00,0,0.0,0.0,JC055,McGinley Square,22,2026-07-19,4,0,2026-07-18,3.0,17,in_bounds
2026-07-19 04:15:00+00:00,0,0.0,0.0,JC055,McGinley Square,22,2026-07-19,4,15,2026-07-18,3.0,17,in_bounds
2026-07-19 04:30:00+00:00,0,0.0,0.0,JC055,McGinley Square,22,2026-07-19,4,30,2026-07-18,3.0,17,in_bounds
2026-07-19 04:45:00+00:00,0,0.0,0.0,JC055,McGinley Square,22,2026-07-19,4,45,2026-07-18,3.0,17,in_bounds
2026-07-19 05:00:00+00:00,0,0.0,0.0,JC055,McGinley Square,22,2026-07-19,5,0,2026-07-19,0.0,17,in_bounds
2026-07-19 05:15:00+00:00,0,0.0,0.0,JC055,McGinley Square,22,2026-07-19,5,15,2026-07-19,0.0,17,in_bounds
2026-07-19 05:30:00+00:00,0,0.0,0.0,JC055,McGinley Square,22,2026-07-19,5,30,2026-07-19,0.0,17,in_bounds
2026-07-19 05:45:00+00:00,0,0.0,0.0,JC055,McGinley Square,22,2026-07-19,5,45,2026-07-19,0.0,17,in_bounds
2026-07-19 06:00:00+00:00,0,0.0,0.0,JC055,McGinley Square,22,2026-07-19,6,0,2026-07-19,0.0,17,in_bounds
2026-07-19 06:15:00+00:00,0,0.0,0.0,JC055,McGinley Square,22,2026-07-19,6,15,2026-07-19,0.0,17,in_bounds
2026-07-19 06:30:00+00:00,0,0.0,0.0,JC055,McGinley Square,22,2026-07-19,6,30,2026-07-19,0.0,17,in_bounds
2026-07-19 06:45:00+00:00,3,1.0,-2.0,JC055,McGinley Square,22,2026-07-19,6,45,2026-07-19,-2.0,17,in_bounds
2026-07-19 07:00:00+00:00,0,0.0,0.0,JC055,McGinley Square,22,2026-07-19,7,0,2026-07-19,-2.0,17,in_bounds
2026-07-19 07:15:00+00:00,0,0.0,0.0,JC055,McGinley Square,22,2026-07-19,7,15,2026-07-19,-2.0,17,in_bounds
2026-07-19 07:30:00+00:00,0,1.0,1.0,JC055,McGinley Square,22,2026-07-19,7,30,2026-07-19,-1.0,17,in_bounds
2026-07-19 07:45:00+00:00,2,0.0,-2.0,JC055,McGinley Square,22,2026-07-19,7,45,2026-07-19,-3.0,17,in_bounds
2026-07-19 08:00:00+00:00,0,0.0,0.0,JC055,McGinley Square,22,2026-07-19,8,0,2026-07-19,-3.0,17,in_bounds
2026-07-19 08:15:00+00:00,1,0.0,-1.0,JC055,McGinley Square,22,2026-07-19,8,15,2026-07-19,-4.0,17,in_bounds
2026-07-19 08:30:00+00:00,0,0.0,0.0,JC055,McGinley Square,22,2026-07-19,8,30,2026-07-19,-4.0,17,in_bounds
2026-07-19 08:45:00+00:00,0,0.0,0.0,JC055,McGinley Square,22,2026-07-19,8,45,2026-07-19,-4.0,17,in_bounds
2026-07-19 09:00:00+00:00,1,0.0,-1.0,JC055,McGinley Square,22,2026-07-19,9,0,2026-07-19,-5.0,17,in_bounds
2026-07-19 09:15:00+00:00,2,0.0,-2.0,JC055,McGinley Square,22,2026-07-19,9,15,2026-07-19,-7.0,17,in_bounds
2026-07-19 09:30:00+00:00,0,0.0,0.0,JC055,McGinley Square,22,2026-07-19,9,30,2026-07-19,-7.0,17,in_bounds
2026-07-19 09:45:00+00:00,0,0.0,0.0,JC055,McGinley Square,22,2026-07-19,9,45,2026-07-19,-7.0,17,in_bounds
2026-07-19 10:00:00+00:00,0,0.0,0.0,JC055,McGinley Square,22,2026-07-19,10,0,2026-07-19,-7.0,17,in_bounds
2026-07-19 10:15:00+00:00,0,0.0,0.0,JC055,McGinley Square,22,2026-07-19,10,15,2026-07-19,-7.0,17,in_bounds
2026-07-19 10:30:00+00:00,1,0.0,-1.0,JC055,McGinley Square,22,2026-07-19,10,30,2026-07-19,-8.0,17,in_bounds
2026-07-19 10:45:00+00:00,0,0.0,0.0,JC055,McGinley Square,22,2026-07-19,10,45,2026-07-19,-8.0,17,in_bounds
2026-07-19 11:00:00+00:00,2,1.0,-1.0,JC055,McGinley Square,22,2026-07-19,11,0,2026-07-19,-9.0,17,in_bounds
2026-07-19 11:15:00+00:00,2,0.0,-2.0,JC055,McGinley Square,22,2026-07-19,11,15,2026-07-19,-11.0,17,in_bounds
2026-07-19 11:30:00+00:00,2,1.0,-1.0,JC055,McGinley Square,22,2026-07-19,11,30,2026-07-19,-12.0,17,in_bounds
2026-07-19 11:45:00+00:00,0,1.0,1.0,JC055,McGinley Square,22,2026-07-19,11,45,2026-07-19,-11.0,17,in_bounds
2026-07-19 12:00:00+00:00,1,0.0,-1.0,JC055,McGinley Square,22,2026-07-19,12,0,2026-07-19,-12.0,17,in_bounds
2026-07-19 12:15:00+00:00,1,0.0,-1.0,JC055,McGinley Square,22,2026-07-19,12,15,2026-07-19,-13.0,17,in_bounds
2026-07-19 12:30:00+00:00,0,0.0,0.0,JC055,McGinley Square,22,2026-07-19,12,30,2026-07-19,-13.0,17,in_bounds
2026-07-19 12:45:00+00:00,1,1.0,0.0,JC055,McGinley Square,22,2026-07-19,12,45,2026-07-19,-13.0,17,in_bounds
2026-07-19 13:00:00+00:00,0,1.0,1.0,JC055,McGinley Square,22,2026-07-19,13,0,2026-07-19,-12.0,17,in_bounds
2026-07-19 13:15:00+00:00,0,1.0,1.0,JC055,McGinley Square,22,2026-07-19,13,15,2026-07-19,-11.0,17,in_bounds
2026-07-19 13:30:00+00:00,0,0.0,0.0,JC055,McGinley Square,22,2026-07-19,13,30,2026-07-19,-11.0,17,in_bounds
2026-07-19 13:45:00+00:00,1,0.0,-1.0,JC055,McGinley Square,22,2026-07-19,13,45,2026-07-19,-12.0,17,in_bounds
2026-07-19 14:00:00+00:00,3,1.0,-2.0,JC055,McGinley Square,22,2026-07-19,14,0,2026-07-19,-14.0,17,in_bounds
2026-07-19 14:15:00+00:00,0,1.0,1.0,JC055,McGinley Square,22,2026-07-19,14,15,2026-07-19,-13.0,17,in_bounds
2026-07-19 14:30:00+00:00,2,2.0,0.0,JC055,McGinley Square,22,2026-07-19,14,30,2026-07-19,-13.0,17,in_bounds
2026-07-19 14:45:00+00:00,0,2.0,2.0,JC055,McGinley Square,22,2026-07-19,14,45,2026-07-19,-11.0,17,in_bounds
2026-07-19 15:00:00+00:00,1,1.0,0.0,JC055,McGinley Square,22,2026-07-19,15,0,2026-07-19,-11.0,17,in_bounds
2026-07-19 15:15:00+00:00,0,0.0,0.0,JC055,McGinley Square,22,2026-07-19,15,15,2026-07-19,-11.0,17,in_bounds
2026-07-19 15:30:00+00:00,3,1.0,-2.0,JC055,McGinley Square,22,2026-07-19,15,30,2026-07-19,-13.0,17,in_bounds
2026-07-19 15:45:00+00:00,0,0.0,0.0,JC055,McGinley Square,22,2026-07-19,15,45,2026-07-19,-13.0,17,in_bounds
2026-07-19 16:00:00+00:00,0,0.0,0.0,JC055,McGinley Square,22,2026-07-19,16,0,2026-07-19,-13.0,17,in_bounds
2026-07-19 16:15:00+00:00,1,0.0,-1.0,JC055,McGinley Square,22,2026-07-19,16,15,2026-07-19,-14.0,17,in_bounds
2026-07-19 16:30:00+00:00,0,0.0,0.0,JC055,McGinley Square,22,2026-07-19,16,30,2026-07-19,-14.0,17,in_bounds
2026-07-19 16:45:00+00:00,1,1.0,0.0,JC055,McGinley Square,22,2026-07-19,16,45,2026-07-19,-14.0,17,in_bounds
2026-07-19 17:00:00+00:00,0,1.0,1.0,JC055,McGinley Square,22,2026-07-19,17,0,2026-07-19,-13.0,17,in_bounds
2026-07-19 17:15:00+00:00,0,0.0,0.0,JC055,McGinley Square,22,2026-07-19,17,15,2026-07-19,-13.0,17,in_bounds
2026-07-19 17:30:00+00:00,0,0.0,0.0,JC055,McGinley Square,22,2026-07-19,17,30,2026-07-19,-13.0,17,in_bounds
2026-07-19 17:45:00+00:00,0,0.0,0.0,JC055,McGinley Square,22,2026-07-19,17,45,2026-07-19,-13.0,17,in_bounds
2026-07-19 18:00:00+00:00,2,2.0,0.0,JC055,McGinley Square,22,2026-07-19,18,0,2026-07-19,-13.0,17,in_bounds
2026-07-19 18:15:00+00:00,0,2.0,2.0,JC055,McGinley Square,22,2026-07-19,18,15,2026-07-19,-11.0,17,in_bounds
2026-07-19 18:30:00+00:00,2,2.0,0.0,JC055,McGinley Square,22,2026-07-19,18,30,2026-07-19,-11.0,17,in_bounds
2026-07-19 18:45:00+00:00,0,2.0,2.0,JC055,McGinley Square,22,2026-07-19,18,45,2026-07-19,-9.0,17,in_bounds
2026-07-19 19:00:00+00:00,0,1.0,1.0,JC055,McGinley Square,22,2026-07-19,19,0,2026-07-19,-8.0,17,in_bounds
2026-07-19 19:15:00+00:00,0,2.0,2.0,JC055,McGinley Square,22,2026-07-19,19,15,2026-07-19,-6.0,17,in_bounds
2026-07-19 19:30:00+00:00,1,2.0,1.0,JC055,McGinley Square,22,2026-07-19,19,30,2026-07-19,-5.0,17,in_bounds
2026-07-19 19:45:00+00:00,0,0.0,0.0,JC055,McGinley Square,22,2026-07-19,19,45,2026-07-19,-5.0,17,in_bounds
2026-07-19 20:00:00+00:00,2,0.0,-2.0,JC055,McGinley Square,22,2026-07-19,20,0,2026-07-19,-7.0,17,in_bounds
2026-07-19 20:15:00+00:00,1,1.0,0.0,JC055,McGinley Square,22,2026-07-19,20,15,2026-07-19,-7.0,17,in_bounds
2026-07-19 20:30:00+00:00,0,1.0,1.0,JC055,McGinley Square,22,2026-07-19,20,30,2026-07-19,-6.0,17,in_bounds
2026-07-19 20:45:00+00:00,1,1.0,0.0,JC055,McGinley Square,22,2026-07-19,20,45,2026-07-19,-6.0,17,in_bounds
2026-07-19 21:00:00+00:00,0,0.0,0.0,JC055,McGinley Square,22,2026-07-19,21,0,2026-07-19,-6.0,17,in_bounds
2026-07-19 21:15:00+00:00,0,0.0,0.0,JC055,McGinley Square,22,2026-07-19,21,15,2026-07-19,-6.0,17,in_bounds
2026-07-19 21:30:00+00:00,0,0.0,0.0,JC055,McGinley Square,22,2026-07-19,21,30,2026-07-19,-6.0,17,in_bounds
2026-07-19 21:45:00+00:00,0,0.0,0.0,JC055,McGinley Square,22,2026-07-19,21,45,2026-07-19,-6.0,17,in_bounds
2026-07-19 22:00:00+00:00,0,1.0,1.0,JC055,McGinley Square,22,2026-07-19,22,0,2026-07-19,-5.0,17,in_bounds
2026-07-19 22:15:00+00:00,0,0.0,0.0,JC055,McGinley Square,22,2026-07-19,22,15,2026-07-19,-5.0,17,in_bounds
2026-07-19 22:30:00+00:00,0,2.0,2.0,JC055,McGinley Square,22,2026-07-19,22,30,2026-07-19,-3.0,17,in_bounds
2026-07-19 22:45:00+00:00,2,0.0,-2.0,JC055,McGinley Square,22,2026-07-19,22,45,2026-07-19,-5.0,17,in_bounds
2026-07-19 23:00:00+00:00,0,0.0,0.0,JC055,McGinley Square,22,2026-07-19,23,0,2026-07-19,-5.0,17,in_bounds
2026-07-19 23:15:00+00:00,0,2.0,2.0,JC055,McGinley Square,22,2026-07-19,23,15,2026-07-19,-3.0,17,in_bounds
2026-07-19 23:30:00+00:00,0,0.0,0.0,JC055,McGinley Square,22,2026-07-19,23,30,2026-07-19,-3.0,17,in_bounds
2026-07-19 23:45:00+00:00,1,0.0,-1.0,JC055,McGinley Square,22,2026-07-19,23,45,2026-07-19,-4.0,17,in_bounds
2026-07-20 00:00:00+00:00,0,1.0,1.0,JC055,McGinley Square,22,2026-07-20,0,0,2026-07-19,-3.0,17,in_bounds
2026-07-20 00:15:00+00:00,1,0.0,-1.0,JC055,McGinley Square,22,2026-07-20,0,15,2026-07-19,-4.0,17,in_bounds
2026-07-20 00:30:00+00:00,0,0.0,0.0,JC055,McGinley Square,22,2026-07-20,0,30,2026-07-19,-4.0,17,in_bounds
2026-07-20 00:45:00+00:00,0,0.0,0.0,JC055,McGinley Square,22,2026-07-20,0,45,2026-07-19,-4.0,17,in_bounds
2026-07-20 01:00:00+00:00,0,0.0,0.0,JC055,McGinley Square,22,2026-07-20,1,0,2026-07-19,-4.0,17,in_bounds
2026-07-20 01:15:00+00:00,0,0.0,0.0,JC055,McGinley Square,22,2026-07-20,1,15,2026-07-19,-4.0,17,in_bounds
2026-07-20 01:30:00+00:00,0,0.0,0.0,JC055,McGinley Square,22,2026-07-20,1,30,2026-07-19,-4.0,17,in_bounds
2026-07-20 01:45:00+00:00,0,1.0,1.0,JC055,McGinley Square,22,2026-07-20,1,45,2026-07-19,-3.0,17,in_bounds
2026-07-20 02:00:00+00:00,1,0.0,-1.0,JC055,McGinley Square,22,2026-07-20,2,0,2026-07-19,-4.0,17,in_bounds
2026-07-20 02:15:00+00:00,0,1.0,1.0,JC055,McGinley Square,22,2026-07-20,2,15,2026-07-19,-3.0,17,in_bounds
2026-07-20 02:30:00+00:00,0,0.0,0.0,JC055,McGinley Square,22,2026-07-20,2,30,2026-07-19,-3.0,17,in_bounds
2026-07-20 02:45:00+00:00,0,0.0,0.0,JC055,McGinley Square,22,2026-07-20,2,45,2026-07-19,-3.0,17,in_bounds
2026-07-20 03:00:00+00:00,0,0.0,0.0,JC055,McGinley Square,22,2026-07-20,3,0,2026-07-19,-3.0,17,in_bounds
2026-07-20 03:15:00+00:00,0,0.0,0.0,JC055,McGinley Square,22,2026-07-20,3,15,2026-07-19,-3.0,17,in_bounds
2026-07-20 03:30:00+00:00,0,0.0,0.0,JC055,McGinley Square,22,2026-07-20,3,30,2026-07-19,-3.0,17,in_bounds
2026-07-20 03:45:00+00:00,0,0.0,0.0,JC055,McGinley Square,22,2026-07-20,3,45,2026-07-19,-3.0,17,in_bounds
2026-07-20 04:00:00+00:00,0,0.0,0.0,JC055,McGinley Square,22,2026-07-20,4,0,2026-07-19,-3.0,17,in_bounds
2026-07-20 04:15:00+00:00,0,0.0,0.0,JC055,McGinley Square,22,2026-07-20,4,15,2026-07-19,-3.0,17,in_bounds
2026-07-20 04:30:00+00:00,0,0.0,0.0,JC055,McGinley Square,22,2026-07-20,4,30,2026-07-19,-3.0,17,in_bounds
2026-07-20 04:45:00+00:00,0,0.0,0.0,JC055,McGinley Square,22,2026-07-20,4,45,2026-07-19,-3.0,17,in_bounds
2026-07-20 05:00:00+00:00,0,0.0,0.0,JC055,McGinley Square,22,2026-07-20,5,0,2026-07-20,0.0,17,in_bounds
2026-07-20 05:15:00+00:00,0,0.0,0.0,JC055,McGinley Square,22,2026-07-20,5,15,2026-07-20,0.0,17,in_bounds
2026-07-20 05:30:00+00:00,0,0.0,0.0,JC055,McGinley Square,22,2026-07-20,5,30,2026-07-20,0.0,17,in_bounds
2026-07-20 05:45:00+00:00,0,0.0,0.0,JC055,McGinley Square,22,2026-07-20,5,45,2026-07-20,0.0,17,in_bounds
2026-07-20 06:00:00+00:00,0,0.0,0.0,JC055,McGinley Square,22,2026-07-20,6,0,2026-07-20,0.0,17,in_bounds
2026-07-20 06:15:00+00:00,0,0.0,0.0,JC055,McGinley Square,22,2026-07-20,6,15,2026-07-20,0.0,17,in_bounds
2026-07-20 06:30:00+00:00,0,0.0,0.0,JC055,McGinley Square,22,2026-07-20,6,30,2026-07-20,0.0,17,in_bounds
2026-07-20 06:45:00+00:00,2,1.0,-1.0,JC055,McGinley Square,22,2026-07-20,6,45,2026-07-20,-1.0,17,in_bounds
2026-07-20 07:00:00+00:00,0,0.0,0.0,JC055,McGinley Square,22,2026-07-20,7,0,2026-07-20,-1.0,17,in_bounds
2026-07-20 07:15:00+00:00,0,1.0,1.0,JC055,McGinley Square,22,2026-07-20,7,15,2026-07-20,0.0,17,in_bounds
2026-07-20 07:30:00+00:00,2,0.0,-2.0,JC055,McGinley Square,22,2026-07-20,7,30,2026-07-20,-2.0,17,in_bounds
2026-07-20 07:45:00+00:00,0,0.0,0.0,JC055,McGinley Square,22,2026-07-20,7,45,2026-07-20,-2.0,17,in_bounds
2026-07-20 08:00:00+00:00,4,1.0,-3.0,JC055,McGinley Square,22,2026-07-20,8,0,2026-07-20,-5.0,17,in_bounds
2026-07-20 08:15:00+00:00,3,1.0,-2.0,JC055,McGinley Square,22,2026-07-20,8,15,2026-07-20,-7.0,17,in_bounds
2026-07-20 08:30:00+00:00,2,0.0,-2.0,JC055,McGinley Square,22,2026-07-20,8,30,2026-07-20,-9.0,17,in_bounds
2026-07-20 08:45:00+00:00,1,0.0,-1.0,JC055,McGinley Square,22,2026-07-20,8,45,2026-07-20,-10.0,17,in_bounds
2026-07-20 09:00:00+00:00,1,0.0,-1.0,JC055,McGinley Square,22,2026-07-20,9,0,2026-07-20,-11.0,17,in_bounds
2026-07-20 09:15:00+00:00,0,0.0,0.0,JC055,McGinley Square,22,2026-07-20,9,15,2026-07-20,-11.0,17,in_bounds
2026-07-20 09:30:00+00:00,0,0.0,0.0,JC055,McGinley Square,22,2026-07-20,9,30,2026-07-20,-11.0,17,in_bounds
2026-07-20 09:45:00+00:00,1,1.0,0.0,JC055,McGinley Square,22,2026-07-20,9,45,2026-07-20,-11.0,17,in_bounds
2026-07-20 10:00:00+00:00,0,0.0,0.0,JC055,McGinley Square,22,2026-07-20,10,0,2026-07-20,-11.0,17,in_bounds
2026-07-20 10:15:00+00:00,0,0.0,0.0,JC055,McGinley Square,22,2026-07-20,10,15,2026-07-20,-11.0,17,in_bounds
2026-07-20 10:30:00+00:00,0,1.0,1.0,JC055,McGinley Square,22,2026-07-20,10,30,2026-07-20,-10.0,17,in_bounds
2026-07-20 10:45:00+00:00,0,1.0,1.0,JC055,McGinley Square,22,2026-07-20,10,45,2026-07-20,-9.0,17,in_bounds
2026-07-20 11:00:00+00:00,1,0.0,-1.0,JC055,McGinley Square,22,2026-07-20,11,0,2026-07-20,-10.0,17,in_bounds
2026-07-20 11:15:00+00:00,1,0.0,-1.0,JC055,McGinley Square,22,2026-07-20,11,15,2026-07-20,-11.0,17,in_bounds
2026-07-20 11:30:00+00:00,0,0.0,0.0,JC055,McGinley Square,22,2026-07-20,11,30,2026-07-20,-11.0,17,in_bounds
2026-07-20 11:45:00+00:00,0,0.0,0.0,JC055,McGinley Square,22,2026-07-20,11,45,2026-07-20,-11.0,17,in_bounds
2026-07-20 12:00:00+00:00,0,0.0,0.0,JC055,McGinley Square,22,2026-07-20,12,0,2026-07-20,-11.0,17,in_bounds
2026-07-20 12:15:00+00:00,1,0.0,-1.0,JC055,McGinley Square,22,2026-07-20,12,15,2026-07-20,-12.0,17,in_bounds
2026-07-20 12:30:00+00:00,2,1.0,-1.0,JC055,McGinley Square,22,2026-07-20,12,30,2026-07-20,-13.0,17,in_bounds
2026-07-20 12:45:00+00:00,4,2.0,-2.0,JC055,McGinley Square,22,2026-07-20,12,45,2026-07-20,-15.0,17,in_bounds
2026-07-20 13:00:00+00:00,1,0.0,-1.0,JC055,McGinley Square,22,2026-07-20,13,0,2026-07-20,-16.0,17,in_bounds
2026-07-20 13:15:00+00:00,1,0.0,-1.0,JC055,McGinley Square,22,2026-07-20,13,15,2026-07-20,-17.0,17,in_bounds
2026-07-20 13:30:00+00:00,0,0.0,0.0,JC055,McGinley Square,22,2026-07-20,13,30,2026-07-20,-17.0,17,in_bounds
2026-07-20 13:45:00+00:00,0,0.0,0.0,JC055,McGinley Square,22,2026-07-20,13,45,2026-07-20,-17.0,17,in_bounds
2026-07-20 14:00:00+00:00,1,0.0,-1.0,JC055,McGinley Square,22,2026-07-20,14,0,2026-07-20,-18.0,17,below_zero
2026-07-20 14:15:00+00:00,2,0.0,-2.0,JC055,McGinley Square,22,2026-07-20,14,15,2026-07-20,-20.0,17,below_zero
2026-07-20 14:30:00+00:00,2,0.0,-2.0,JC055,McGinley Square,22,2026-07-20,14,30,2026-07-20,-22.0,17,below_zero
2026-07-20 14:45:00+00:00,0,0.0,0.0,JC055,McGinley Square,22,2026-07-20,14,45,2026-07-20,-22.0,17,below_zero
2026-07-20 15:00:00+00:00,0,0.0,0.0,JC055,McGinley Square,22,2026-07-20,15,0,2026-07-20,-22.0,17,below_zero
2026-07-20 15:15:00+00:00,1,0.0,-1.0,JC055,McGinley Square,22,2026-07-20,15,15,2026-07-20,-23.0,17,below_zero
2026-07-20 15:30:00+00:00,0,0.0,0.0,JC055,McGinley Square,22,2026-07-20,15,30,2026-07-20,-23.0,17,below_zero
2026-07-20 15:45:00+00:00,0,4.0,4.0,JC055,McGinley Square,22,2026-07-20,15,45,2026-07-20,-19.0,17,below_zero
2026-07-20 16:00:00+00:00,0,1.0,1.0,JC055,McGinley Square,22,2026-07-20,16,0,2026-07-20,-18.0,17,below_zero
2026-07-20 16:15:00+00:00,0,0.0,0.0,JC055,McGinley Square,22,2026-07-20,16,15,2026-07-20,-18.0,17,below_zero
2026-07-20 16:30:00+00:00,0,2.0,2.0,JC055,McGinley Square,22,2026-07-20,16,30,2026-07-20,-16.0,17,in_bounds
2026-07-20 16:45:00+00:00,0,1.0,1.0,JC055,McGinley Square,22,2026-07-20,16,45,2026-07-20,-15.0,17,in_bounds
2026-07-20 17:00:00+00:00,0,0.0,0.0,JC055,McGinley Square,22,2026-07-20,17,0,2026-07-20,-15.0,17,in_bounds
2026-07-20 17:15:00+00:00,2,0.0,-2.0,JC055,McGinley Square,22,2026-07-20,17,15,2026-07-20,-17.0,17,in_bounds
2026-07-20 17:30:00+00:00,0,0.0,0.0,JC055,McGinley Square,22,2026-07-20,17,30,2026-07-20,-17.0,17,in_bounds
2026-07-20 17:45:00+00:00,0,1.0,1.0,JC055,McGinley Square,22,2026-07-20,17,45,2026-07-20,-16.0,17,in_bounds
2026-07-20 18:00:00+00:00,2,0.0,-2.0,JC055,McGinley Square,22,2026-07-20,18,0,2026-07-20,-18.0,17,below_zero
2026-07-20 18:15:00+00:00,0,2.0,2.0,JC055,McGinley Square,22,2026-07-20,18,15,2026-07-20,-16.0,17,in_bounds
2026-07-20 18:30:00+00:00,1,1.0,0.0,JC055,McGinley Square,22,2026-07-20,18,30,2026-07-20,-16.0,17,in_bounds
2026-07-20 18:45:00+00:00,1,2.0,1.0,JC055,McGinley Square,22,2026-07-20,18,45,2026-07-20,-15.0,17,in_bounds
2026-07-20 19:00:00+00:00,0,1.0,1.0,JC055,McGinley Square,22,2026-07-20,19,0,2026-07-20,-14.0,17,in_bounds
2026-07-20 19:15:00+00:00,0,0.0,0.0,JC055,McGinley Square,22,2026-07-20,19,15,2026-07-20,-14.0,17,in_bounds
2026-07-20 19:30:00+00:00,0,1.0,1.0,JC055,McGinley Square,22,2026-07-20,19,30,2026-07-20,-13.0,17,in_bounds
2026-07-20 19:45:00+00:00,1,1.0,0.0,JC055,McGinley Square,22,2026-07-20,19,45,2026-07-20,-13.0,17,in_bounds
2026-07-20 20:00:00+00:00,2,0.0,-2.0,JC055,McGinley Square,22,2026-07-20,20,0,2026-07-20,-15.0,17,in_bounds
2026-07-20 20:15:00+00:00,0,3.0,3.0,JC055,McGinley Square,22,2026-07-20,20,15,2026-07-20,-12.0,17,in_bounds
2026-07-20 20:30:00+00:00,1,0.0,-1.0,JC055,McGinley Square,22,2026-07-20,20,30,2026-07-20,-13.0,17,in_bounds
2026-07-20 20:45:00+00:00,0,0.0,0.0,JC055,McGinley Square,22,2026-07-20,20,45,2026-07-20,-13.0,17,in_bounds
2026-07-20 21:00:00+00:00,0,0.0,0.0,JC055,McGinley Square,22,2026-07-20,21,0,2026-07-20,-13.0,17,in_bounds
2026-07-20 21:15:00+00:00,0,1.0,1.0,JC055,McGinley Square,22,2026-07-20,21,15,2026-07-20,-12.0,17,in_bounds
2026-07-20 21:30:00+00:00,0,2.0,2.0,JC055,McGinley Square,22,2026-07-20,21,30,2026-07-20,-10.0,17,in_bounds
2026-07-20 21:45:00+00:00,1,0.0,-1.0,JC055,McGinley Square,22,2026-07-20,21,45,2026-07-20,-11.0,17,in_bounds
2026-07-20 22:00:00+00:00,0,0.0,0.0,JC055,McGinley Square,22,2026-07-20,22,0,2026-07-20,-11.0,17,in_bounds
2026-07-20 22:15:00+00:00,0,0.0,0.0,JC055,McGinley Square,22,2026-07-20,22,15,2026-07-20,-11.0,17,in_bounds
2026-07-20 22:30:00+00:00,2,2.0,0.0,JC055,McGinley Square,22,2026-07-20,22,30,2026-07-20,-11.0,17,in_bounds
2026-07-20 22:45:00+00:00,0,0.0,0.0,JC055,McGinley Square,22,2026-07-20,22,45,2026-07-20,-11.0,17,in_bounds
2026-07-20 23:00:00+00:00,0,1.0,1.0,JC055,McGinley Square,22,2026-07-20,23,0,2026-07-20,-10.0,17,in_bounds
2026-07-20 23:15:00+00:00,0,0.0,0.0,JC055,McGinley Square,22,2026-07-20,23,15,2026-07-20,-10.0,17,in_bounds
2026-07-20 23:30:00+00:00,0,0.0,0.0,JC055,McGinley Square,22,2026-07-20,23,30,2026-07-20,-10.0,17,in_bounds
2026-07-20 23:45:00+00:00,0,0.0,0.0,JC055,McGinley Square,22,2026-07-20,23,45,2026-07-20,-10.0,17,in_bounds
2026-07-21 00:00:00+00:00,0,1.0,1.0,JC055,McGinley Square,22,2026-07-21,0,0,2026-07-20,-9.0,17,in_bounds
2026-07-21 00:15:00+00:00,0,0.0,0.0,JC055,McGinley Square,22,2026-07-21,0,15,2026-07-20,-9.0,17,in_bounds
2026-07-21 00:30:00+00:00,0,0.0,0.0,JC055,McGinley Square,22,2026-07-21,0,30,2026-07-20,-9.0,17,in_bounds
2026-07-21 00:45:00+00:00,0,0.0,0.0,JC055,McGinley Square,22,2026-07-21,0,45,2026-07-20,-9.0,17,in_bounds
2026-07-21 01:00:00+00:00,0,0.0,0.0,JC055,McGinley Square,22,2026-07-21,1,0,2026-07-20,-9.0,17,in_bounds
2026-07-21 01:15:00+00:00,0,0.0,0.0,JC055,McGinley Square,22,2026-07-21,1,15,2026-07-20,-9.0,17,in_bounds
2026-07-21 01:30:00+00:00,0,0.0,0.0,JC055,McGinley Square,22,2026-07-21,1,30,2026-07-20,-9.0,17,in_bounds
2026-07-21 01:45:00+00:00,0,0.0,0.0,JC055,McGinley Square,22,2026-07-21,1,45,2026-07-20,-9.0,17,in_bounds
2026-07-21 02:00:00+00:00,0,0.0,0.0,JC055,McGinley Square,22,2026-07-21,2,0,2026-07-20,-9.0,17,in_bounds
2026-07-21 02:15:00+00:00,0,0.0,0.0,JC055,McGinley Square,22,2026-07-21,2,15,2026-07-20,-9.0,17,in_bounds
2026-07-21 02:30:00+00:00,0,0.0,0.0,JC055,McGinley Square,22,2026-07-21,2,30,2026-07-20,-9.0,17,in_bounds
2026-07-21 02:45:00+00:00,0,1.0,1.0,JC055,McGinley Square,22,2026-07-21,2,45,2026-07-20,-8.0,17,in_bounds
2026-07-21 03:00:00+00:00,0,0.0,0.0,JC055,McGinley Square,22,2026-07-21,3,0,2026-07-20,-8.0,17,in_bounds
2026-07-21 03:15:00+00:00,0,0.0,0.0,JC055,McGinley Square,22,2026-07-21,3,15,2026-07-20,-8.0,17,in_bounds
2026-07-21 03:30:00+00:00,1,0.0,-1.0,JC055,McGinley Square,22,2026-07-21,3,30,2026-07-20,-9.0,17,in_bounds
2026-07-21 03:45:00+00:00,0,0.0,0.0,JC055,McGinley Square,22,2026-07-21,3,45,2026-07-20,-9.0,17,in_bounds
2026-07-21 04:00:00+00:00,0,0.0,0.0,JC055,McGinley Square,22,2026-07-21,4,0,2026-07-20,-9.0,17,in_bounds
2026-07-21 04:15:00+00:00,0,0.0,0.0,JC055,McGinley Square,22,2026-07-21,4,15,2026-07-20,-9.0,17,in_bounds
2026-07-21 04:30:00+00:00,0,0.0,0.0,JC055,McGinley Square,22,2026-07-21,4,30,2026-07-20,-9.0,17,in_bounds
2026-07-21 04:45:00+00:00,0,0.0,0.0,JC055,McGinley Square,22,2026-07-21,4,45,2026-07-20,-9.0,17,in_bounds
2026-07-21 05:00:00+00:00,0,0.0,0.0,JC055,McGinley Square,22,2026-07-21,5,0,2026-07-21,0.0,17,in_bounds
2026-07-21 05:15:00+00:00,1,0.0,-1.0,JC055,McGinley Square,22,2026-07-21,5,15,2026-07-21,-1.0,17,in_bounds
2026-07-21 05:30:00+00:00,0,0.0,0.0,JC055,McGinley Square,22,2026-07-21,5,30,2026-07-21,-1.0,17,in_bounds
2026-07-21 05:45:00+00:00,0,0.0,0.0,JC055,McGinley Square,22,2026-07-21,5,45,2026-07-21,-1.0,17,in_bounds
2026-07-21 06:00:00+00:00,0,1.0,1.0,JC055,McGinley Square,22,2026-07-21,6,0,2026-07-21,0.0,17,in_bounds
2026-07-21 06:15:00+00:00,0,0.0,0.0,JC055,McGinley Square,22,2026-07-21,6,15,2026-07-21,0.0,17,in_bounds
2026-07-21 06:30:00+00:00,0,0.0,0.0,JC055,McGinley Square,22,2026-07-21,6,30,2026-07-21,0.0,17,in_bounds
2026-07-21 06:45:00+00:00,0,0.0,0.0,JC055,McGinley Square,22,2026-07-21,6,45,2026-07-21,0.0,17,in_bounds
2026-07-21 07:00:00+00:00,0,0.0,0.0,JC055,McGinley Square,22,2026-07-21,7,0,2026-07-21,0.0,17,in_bounds
2026-07-21 07:15:00+00:00,3,0.0,-3.0,JC055,McGinley Square,22,2026-07-21,7,15,2026-07-21,-3.0,17,in_bounds
2026-07-21 07:30:00+00:00,1,0.0,-1.0,JC055,McGinley Square,22,2026-07-21,7,30,2026-07-21,-4.0,17,in_bounds
2026-07-21 07:45:00+00:00,3,0.0,-3.0,JC055,McGinley Square,22,2026-07-21,7,45,2026-07-21,-7.0,17,in_bounds
2026-07-21 08:00:00+00:00,5,1.0,-4.0,JC055,McGinley Square,22,2026-07-21,8,0,2026-07-21,-11.0,17,in_bounds
2026-07-21 08:15:00+00:00,0,0.0,0.0,JC055,McGinley Square,22,2026-07-21,8,15,2026-07-21,-11.0,17,in_bounds
2026-07-21 08:30:00+00:00,0,2.0,2.0,JC055,McGinley Square,22,2026-07-21,8,30,2026-07-21,-9.0,17,in_bounds
2026-07-21 08:45:00+00:00,2,0.0,-2.0,JC055,McGinley Square,22,2026-07-21,8,45,2026-07-21,-11.0,17,in_bounds
2026-07-21 09:00:00+00:00,0,0.0,0.0,JC055,McGinley Square,22,2026-07-21,9,0,2026-07-21,-11.0,17,in_bounds
2026-07-21 09:15:00+00:00,1,0.0,-1.0,JC055,McGinley Square,22,2026-07-21,9,15,2026-07-21,-12.0,17,in_bounds
2026-07-21 09:30:00+00:00,0,0.0,0.0,JC055,McGinley Square,22,2026-07-21,9,30,2026-07-21,-12.0,17,in_bounds
2026-07-21 09:45:00+00:00,0,0.0,0.0,JC055,McGinley Square,22,2026-07-21,9,45,2026-07-21,-12.0,17,in_bounds
2026-07-21 10:00:00+00:00,0,0.0,0.0,JC055,McGinley Square,22,2026-07-21,10,0,2026-07-21,-12.0,17,in_bounds
2026-07-21 10:15:00+00:00,0,0.0,0.0,JC055,McGinley Square,22,2026-07-21,10,15,2026-07-21,-12.0,17,in_bounds
2026-07-21 10:30:00+00:00,0,0.0,0.0,JC055,McGinley Square,22,2026-07-21,10,30,2026-07-21,-12.0,17,in_bounds
2026-07-21 10:45:00+00:00,0,0.0,0.0,JC055,McGinley Square,22,2026-07-21,10,45,2026-07-21,-12.0,17,in_bounds
2026-07-21 11:00:00+00:00,0,0.0,0.0,JC055,McGinley Square,22,2026-07-21,11,0,2026-07-21,-12.0,17,in_bounds
2026-07-21 11:15:00+00:00,1,0.0,-1.0,JC055,McGinley Square,22,2026-07-21,11,15,2026-07-21,-13.0,17,in_bounds
2026-07-21 11:30:00+00:00,0,0.0,0.0,JC055,McGinley Square,22,2026-07-21,11,30,2026-07-21,-13.0,17,in_bounds
2026-07-21 11:45:00+00:00,1,0.0,-1.0,JC055,McGinley Square,22,2026-07-21,11,45,2026-07-21,-14.0,17,in_bounds
2026-07-21 12:00:00+00:00,0,0.0,0.0,JC055,McGinley Square,22,2026-07-21,12,0,2026-07-21,-14.0,17,in_bounds
2026-07-21 12:15:00+00:00,0,1.0,1.0,JC055,McGinley Square,22,2026-07-21,12,15,2026-07-21,-13.0,17,in_bounds
2026-07-21 12:30:00+00:00,1,4.0,3.0,JC055,McGinley Square,22,2026-07-21,12,30,2026-07-21,-10.0,17,in_bounds
2026-07-21 12:45:00+00:00,2,0.0,-2.0,JC055,McGinley Square,22,2026-07-21,12,45,2026-07-21,-12.0,17,in_bounds
2026-07-21 13:00:00+00:00,2,0.0,-2.0,JC055,McGinley Square,22,2026-07-21,13,0,2026-07-21,-14.0,17,in_bounds
2026-07-21 13:15:00+00:00,1,0.0,-1.0,JC055,McGinley Square,22,2026-07-21,13,15,2026-07-21,-15.0,17,in_bounds
2026-07-21 13:30:00+00:00,0,0.0,0.0,JC055,McGinley Square,22,2026-07-21,13,30,2026-07-21,-15.0,17,in_bounds
2026-07-21 13:45:00+00:00,0,1.0,1.0,JC055,McGinley Square,22,2026-07-21,13,45,2026-07-21,-14.0,17,in_bounds
2026-07-21 14:00:00+00:00,0,1.0,1.0,JC055,McGinley Square,22,2026-07-21,14,0,2026-07-21,-13.0,17,in_bounds
2026-07-21 14:15:00+00:00,1,0.0,-1.0,JC055,McGinley Square,22,2026-07-21,14,15,2026-07-21,-14.0,17,in_bounds
2026-07-21 14:30:00+00:00,0,0.0,0.0,JC055,McGinley Square,22,2026-07-21,14,30,2026-07-21,-14.0,17,in_bounds
2026-07-21 14:45:00+00:00,1,0.0,-1.0,JC055,McGinley Square,22,2026-07-21,14,45,2026-07-21,-15.0,17,in_bounds
2026-07-21 15:00:00+00:00,0,1.0,1.0,JC055,McGinley Square,22,2026-07-21,15,0,2026-07-21,-14.0,17,in_bounds
2026-07-21 15:15:00+00:00,0,0.0,0.0,JC055,McGinley Square,22,2026-07-21,15,15,2026-07-21,-14.0,17,in_bounds
2026-07-21 15:30:00+00:00,0,1.0,1.0,JC055,McGinley Square,22,2026-07-21,15,30,2026-07-21,-13.0,17,in_bounds
2026-07-21 15:45:00+00:00,1,0.0,-1.0,JC055,McGinley Square,22,2026-07-21,15,45,2026-07-21,-14.0,17,in_bounds
2026-07-21 16:00:00+00:00,0,1.0,1.0,JC055,McGinley Square,22,2026-07-21,16,0,2026-07-21,-13.0,17,in_bounds
2026-07-21 16:15:00+00:00,1,0.0,-1.0,JC055,McGinley Square,22,2026-07-21,16,15,2026-07-21,-14.0,17,in_bounds
2026-07-21 16:30:00+00:00,0,1.0,1.0,JC055,McGinley Square,22,2026-07-21,16,30,2026-07-21,-13.0,17,in_bounds
2026-07-21 16:45:00+00:00,0,3.0,3.0,JC055,McGinley Square,22,2026-07-21,16,45,2026-07-21,-10.0,17,in_bounds
2026-07-21 17:00:00+00:00,0,1.0,1.0,JC055,McGinley Square,22,2026-07-21,17,0,2026-07-21,-9.0,17,in_bounds
2026-07-21 17:15:00+00:00,0,1.0,1.0,JC055,McGinley Square,22,2026-07-21,17,15,2026-07-21,-8.0,17,in_bounds
2026-07-21 17:30:00+00:00,0,0.0,0.0,JC055,McGinley Square,22,2026-07-21,17,30,2026-07-21,-8.0,17,in_bounds
2026-07-21 17:45:00+00:00,2,2.0,0.0,JC055,McGinley Square,22,2026-07-21,17,45,2026-07-21,-8.0,17,in_bounds
2026-07-21 18:00:00+00:00,0,2.0,2.0,JC055,McGinley Square,22,2026-07-21,18,0,2026-07-21,-6.0,17,in_bounds
2026-07-21 18:15:00+00:00,0,0.0,0.0,JC055,McGinley Square,22,2026-07-21,18,15,2026-07-21,-6.0,17,in_bounds
2026-07-21 18:30:00+00:00,1,1.0,0.0,JC055,McGinley Square,22,2026-07-21,18,30,2026-07-21,-6.0,17,in_bounds
2026-07-21 18:45:00+00:00,1,2.0,1.0,JC055,McGinley Square,22,2026-07-21,18,45,2026-07-21,-5.0,17,in_bounds
2026-07-21 19:00:00+00:00,1,3.0,2.0,JC055,McGinley Square,22,2026-07-21,19,0,2026-07-21,-3.0,17,in_bounds
2026-07-21 19:15:00+00:00,1,1.0,0.0,JC055,McGinley Square,22,2026-07-21,19,15,2026-07-21,-3.0,17,in_bounds
2026-07-21 19:30:00+00:00,0,1.0,1.0,JC055,McGinley Square,22,2026-07-21,19,30,2026-07-21,-2.0,17,in_bounds
2026-07-21 19:45:00+00:00,1,0.0,-1.0,JC055,McGinley Square,22,2026-07-21,19,45,2026-07-21,-3.0,17,in_bounds
2026-07-21 20:00:00+00:00,0,1.0,1.0,JC055,McGinley Square,22,2026-07-21,20,0,2026-07-21,-2.0,17,in_bounds
2026-07-21 20:15:00+00:00,0,0.0,0.0,JC055,McGinley Square,22,2026-07-21,20,15,2026-07-21,-2.0,17,in_bounds
2026-07-21 20:30:00+00:00,0,0.0,0.0,JC055,McGinley Square,22,2026-07-21,20,30,2026-07-21,-2.0,17,in_bounds
2026-07-21 20:45:00+00:00,0,0.0,0.0,JC055,McGinley Square,22,2026-07-21,20,45,2026-07-21,-2.0,17,in_bounds
2026-07-21 21:00:00+00:00,0,0.0,0.0,JC055,McGinley Square,22,2026-07-21,21,0,2026-07-21,-2.0,17,in_bounds
2026-07-21 21:15:00+00:00,0,0.0,0.0,JC055,McGinley Square,22,2026-07-21,21,15,2026-07-21,-2.0,17,in_bounds
2026-07-21 21:30:00+00:00,0,1.0,1.0,JC055,McGinley Square,22,2026-07-21,21,30,2026-07-21,-1.0,17,in_bounds
2026-07-21 21:45:00+00:00,2,0.0,-2.0,JC055,McGinley Square,22,2026-07-21,21,45,2026-07-21,-3.0,17,in_bounds
2026-07-21 22:00:00+00:00,0,0.0,0.0,JC055,McGinley Square,22,2026-07-21,22,0,2026-07-21,-3.0,17,in_bounds
2026-07-21 22:15:00+00:00,0,3.0,3.0,JC055,McGinley Square,22,2026-07-21,22,15,2026-07-21,0.0,17,in_bounds
2026-07-21 22:30:00+00:00,0,0.0,0.0,JC055,McGinley Square,22,2026-07-21,22,30,2026-07-21,0.0,17,in_bounds
2026-07-21 22:45:00+00:00,0,0.0,0.0,JC055,McGinley Square,22,2026-07-21,22,45,2026-07-21,0.0,17,in_bounds
2026-07-21 23:00:00+00:00,0,0.0,0.0,JC055,McGinley Square,22,2026-07-21,23,0,2026-07-21,0.0,17,in_bounds
2026-07-21 23:15:00+00:00,0,0.0,0.0,JC055,McGinley Square,22,2026-07-21,23,15,2026-07-21,0.0,17,in_bounds
2026-07-21 23:30:00+00:00,0,0.0,0.0,JC055,McGinley Square,22,2026-07-21,23,30,2026-07-21,0.0,17,in_bounds
2026-07-21 23:45:00+00:00,2,0.0,-2.0,JC055,McGinley Square,22,2026-07-21,23,45,2026-07-21,-2.0,17,in_bounds
2026-07-22 00:00:00+00:00,0,0.0,0.0,JC055,McGinley Square,22,2026-07-22,0,0,2026-07-21,-2.0,17,in_bounds
2026-07-22 00:15:00+00:00,0,0.0,0.0,JC055,McGinley Square,22,2026-07-22,0,15,2026-07-21,-2.0,17,in_bounds
2026-07-22 00:30:00+00:00,0,0.0,0.0,JC055,McGinley Square,22,2026-07-22,0,30,2026-07-21,-2.0,17,in_bounds
2026-07-22 00:45:00+00:00,0,0.0,0.0,JC055,McGinley Square,22,2026-07-22,0,45,2026-07-21,-2.0,17,in_bounds
2026-07-22 01:00:00+00:00,0,0.0,0.0,JC055,McGinley Square,22,2026-07-22,1,0,2026-07-21,-2.0,17,in_bounds
2026-07-22 01:15:00+00:00,0,0.0,0.0,JC055,McGinley Square,22,2026-07-22,1,15,2026-07-21,-2.0,17,in_bounds
2026-07-22 01:30:00+00:00,1,0.0,-1.0,JC055,McGinley Square,22,2026-07-22,1,30,2026-07-21,-3.0,17,in_bounds
2026-07-22 01:45:00+00:00,0,1.0,1.0,JC055,McGinley Square,22,2026-07-22,1,45,2026-07-21,-2.0,17,in_bounds
2026-07-22 02:00:00+00:00,1,0.0,-1.0,JC055,McGinley Square,22,2026-07-22,2,0,2026-07-21,-3.0,17,in_bounds
2026-07-22 02:15:00+00:00,0,0.0,0.0,JC055,McGinley Square,22,2026-07-22,2,15,2026-07-21,-3.0,17,in_bounds
2026-07-22 02:30:00+00:00,0,0.0,0.0,JC055,McGinley Square,22,2026-07-22,2,30,2026-07-21,-3.0,17,in_bounds
2026-07-22 02:45:00+00:00,0,0.0,0.0,JC055,McGinley Square,22,2026-07-22,2,45,2026-07-21,-3.0,17,in_bounds
2026-07-22 03:00:00+00:00,0,0.0,0.0,JC055,McGinley Square,22,2026-07-22,3,0,2026-07-21,-3.0,17,in_bounds
2026-07-22 03:15:00+00:00,0,0.0,0.0,JC055,McGinley Square,22,2026-07-22,3,15,2026-07-21,-3.0,17,in_bounds
2026-07-22 03:30:00+00:00,0,0.0,0.0,JC055,McGinley Square,22,2026-07-22,3,30,2026-07-21,-3.0,17,in_bounds
2026-07-22 03:45:00+00:00,0,0.0,0.0,JC055,McGinley Square,22,2026-07-22,3,45,2026-07-21,-3.0,17,in_bounds
2026-07-22 04:00:00+00:00,0,1.0,1.0,JC055,McGinley Square,22,2026-07-22,4,0,2026-07-21,-2.0,17,in_bounds
2026-07-22 04:15:00+00:00,0,0.0,0.0,JC055,McGinley Square,22,2026-07-22,4,15,2026-07-21,-2.0,17,in_bounds
2026-07-22 04:30:00+00:00,1,0.0,-1.0,JC055,McGinley Square,22,2026-07-22,4,30,2026-07-21,-3.0,17,in_bounds
2026-07-22 04:45:00+00:00,0,0.0,0.0,JC055,McGinley Square,22,2026-07-22,4,45,2026-07-21,-3.0,17,in_bounds
2026-07-22 05:00:00+00:00,0,0.0,0.0,JC055,McGinley Square,22,2026-07-22,5,0,2026-07-22,0.0,17,in_bounds
2026-07-22 05:15:00+00:00,0,0.0,0.0,JC055,McGinley Square,22,2026-07-22,5,15,2026-07-22,0.0,17,in_bounds
2026-07-22 05:30:00+00:00,1,0.0,-1.0,JC055,McGinley Square,22,2026-07-22,5,30,2026-07-22,-1.0,17,in_bounds
2026-07-22 05:45:00+00:00,1,0.0,-1.0,JC055,McGinley Square,22,2026-07-22,5,45,2026-07-22,-2.0,17,in_bounds
2026-07-22 06:00:00+00:00,0,0.0,0.0,JC055,McGinley Square,22,2026-07-22,6,0,2026-07-22,-2.0,17,in_bounds
2026-07-22 06:15:00+00:00,0,0.0,0.0,JC055,McGinley Square,22,2026-07-22,6,15,2026-07-22,-2.0,17,in_bounds
2026-07-22 06:30:00+00:00,0,0.0,0.0,JC055,McGinley Square,22,2026-07-22,6,30,2026-07-22,-2.0,17,in_bounds
2026-07-22 06:45:00+00:00,0,0.0,0.0,JC055,McGinley Square,22,2026-07-22,6,45,2026-07-22,-2.0,17,in_bounds
2026-07-22 07:00:00+00:00,1,0.0,-1.0,JC055,McGinley Square,22,2026-07-22,7,0,2026-07-22,-3.0,17,in_bounds
2026-07-22 07:15:00+00:00,3,0.0,-3.0,JC055,McGinley Square,22,2026-07-22,7,15,2026-07-22,-6.0,17,in_bounds
2026-07-22 07:30:00+00:00,0,0.0,0.0,JC055,McGinley Square,22,2026-07-22,7,30,2026-07-22,-6.0,17,in_bounds
2026-07-22 07:45:00+00:00,3,0.0,-3.0,JC055,McGinley Square,22,2026-07-22,7,45,2026-07-22,-9.0,17,in_bounds
2026-07-22 08:00:00+00:00,4,2.0,-2.0,JC055,McGinley Square,22,2026-07-22,8,0,2026-07-22,-11.0,17,in_bounds
2026-07-22 08:15:00+00:00,2,0.0,-2.0,JC055,McGinley Square,22,2026-07-22,8,15,2026-07-22,-13.0,17,in_bounds
2026-07-22 08:30:00+00:00,0,0.0,0.0,JC055,McGinley Square,22,2026-07-22,8,30,2026-07-22,-13.0,17,in_bounds
2026-07-22 08:45:00+00:00,0,0.0,0.0,JC055,McGinley Square,22,2026-07-22,8,45,2026-07-22,-13.0,17,in_bounds
2026-07-22 09:00:00+00:00,0,0.0,0.0,JC055,McGinley Square,22,2026-07-22,9,0,2026-07-22,-13.0,17,in_bounds
2026-07-22 09:15:00+00:00,0,0.0,0.0,JC055,McGinley Square,22,2026-07-22,9,15,2026-07-22,-13.0,17,in_bounds
2026-07-22 09:30:00+00:00,0,0.0,0.0,JC055,McGinley Square,22,2026-07-22,9,30,2026-07-22,-13.0,17,in_bounds
2026-07-22 09:45:00+00:00,0,0.0,0.0,JC055,McGinley Square,22,2026-07-22,9,45,2026-07-22,-13.0,17,in_bounds
2026-07-22 10:00:00+00:00,0,0.0,0.0,JC055,McGinley Square,22,2026-07-22,10,0,2026-07-22,-13.0,17,in_bounds
2026-07-22 10:15:00+00:00,0,1.0,1.0,JC055,McGinley Square,22,2026-07-22,10,15,2026-07-22,-12.0,17,in_bounds
2026-07-22 10:30:00+00:00,0,0.0,0.0,JC055,McGinley Square,22,2026-07-22,10,30,2026-07-22,-12.0,17,in_bounds
2026-07-22 10:45:00+00:00,0,0.0,0.0,JC055,McGinley Square,22,2026-07-22,10,45,2026-07-22,-12.0,17,in_bounds
2026-07-22 11:00:00+00:00,1,0.0,-1.0,JC055,McGinley Square,22,2026-07-22,11,0,2026-07-22,-13.0,17,in_bounds
2026-07-22 11:15:00+00:00,0,0.0,0.0,JC055,McGinley Square,22,2026-07-22,11,15,2026-07-22,-13.0,17,in_bounds
2026-07-22 11:30:00+00:00,0,0.0,0.0,JC055,McGinley Square,22,2026-07-22,11,30,2026-07-22,-13.0,17,in_bounds
2026-07-22 11:45:00+00:00,0,0.0,0.0,JC055,McGinley Square,22,2026-07-22,11,45,2026-07-22,-13.0,17,in_bounds
2026-07-22 12:00:00+00:00,0,1.0,1.0,JC055,McGinley Square,22,2026-07-22,12,0,2026-07-22,-12.0,17,in_bounds
2026-07-22 12:15:00+00:00,0,1.0,1.0,JC055,McGinley Square,22,2026-07-22,12,15,2026-07-22,-11.0,17,in_bounds
2026-07-22 12:30:00+00:00,2,0.0,-2.0,JC055,McGinley Square,22,2026-07-22,12,30,2026-07-22,-13.0,17,in_bounds
2026-07-22 12:45:00+00:00,0,0.0,0.0,JC055,McGinley Square,22,2026-07-22,12,45,2026-07-22,-13.0,17,in_bounds
2026-07-22 13:00:00+00:00,0,2.0,2.0,JC055,McGinley Square,22,2026-07-22,13,0,2026-07-22,-11.0,17,in_bounds
2026-07-22 13:15:00+00:00,0,0.0,0.0,JC055,McGinley Square,22,2026-07-22,13,15,2026-07-22,-11.0,17,in_bounds
2026-07-22 13:30:00+00:00,2,0.0,-2.0,JC055,McGinley Square,22,2026-07-22,13,30,2026-07-22,-13.0,17,in_bounds
2026-07-22 13:45:00+00:00,0,0.0,0.0,JC055,McGinley Square,22,2026-07-22,13,45,2026-07-22,-13.0,17,in_bounds
2026-07-22 14:00:00+00:00,1,1.0,0.0,JC055,McGinley Square,22,2026-07-22,14,0,2026-07-22,-13.0,17,in_bounds
2026-07-22 14:15:00+00:00,0,0.0,0.0,JC055,McGinley Square,22,2026-07-22,14,15,2026-07-22,-13.0,17,in_bounds
2026-07-22 14:30:00+00:00,0,1.0,1.0,JC055,McGinley Square,22,2026-07-22,14,30,2026-07-22,-12.0,17,in_bounds
2026-07-22 14:45:00+00:00,0,1.0,1.0,JC055,McGinley Square,22,2026-07-22,14,45,2026-07-22,-11.0,17,in_bounds
2026-07-22 15:00:00+00:00,1,1.0,0.0,JC055,McGinley Square,22,2026-07-22,15,0,2026-07-22,-11.0,17,in_bounds
2026-07-22 15:15:00+00:00,0,1.0,1.0,JC055,McGinley Square,22,2026-07-22,15,15,2026-07-22,-10.0,17,in_bounds
2026-07-22 15:30:00+00:00,1,1.0,0.0,JC055,McGinley Square,22,2026-07-22,15,30,2026-07-22,-10.0,17,in_bounds
2026-07-22 15:45:00+00:00,1,0.0,-1.0,JC055,McGinley Square,22,2026-07-22,15,45,2026-07-22,-11.0,17,in_bounds
2026-07-22 16:00:00+00:00,0,0.0,0.0,JC055,McGinley Square,22,2026-07-22,16,0,2026-07-22,-11.0,17,in_bounds
2026-07-22 16:15:00+00:00,1,0.0,-1.0,JC055,McGinley Square,22,2026-07-22,16,15,2026-07-22,-12.0,17,in_bounds
2026-07-22 16:30:00+00:00,0,1.0,1.0,JC055,McGinley Square,22,2026-07-22,16,30,2026-07-22,-11.0,17,in_bounds
2026-07-22 16:45:00+00:00,1,1.0,0.0,JC055,McGinley Square,22,2026-07-22,16,45,2026-07-22,-11.0,17,in_bounds
2026-07-22 17:00:00+00:00,0,2.0,2.0,JC055,McGinley Square,22,2026-07-22,17,0,2026-07-22,-9.0,17,in_bounds
2026-07-22 17:15:00+00:00,2,0.0,-2.0,JC055,McGinley Square,22,2026-07-22,17,15,2026-07-22,-11.0,17,in_bounds
2026-07-22 17:30:00+00:00,1,3.0,2.0,JC055,McGinley Square,22,2026-07-22,17,30,2026-07-22,-9.0,17,in_bounds
2026-07-22 17:45:00+00:00,0,2.0,2.0,JC055,McGinley Square,22,2026-07-22,17,45,2026-07-22,-7.0,17,in_bounds
2026-07-22 18:00:00+00:00,1,2.0,1.0,JC055,McGinley Square,22,2026-07-22,18,0,2026-07-22,-6.0,17,in_bounds
2026-07-22 18:15:00+00:00,0,3.0,3.0,JC055,McGinley Square,22,2026-07-22,18,15,2026-07-22,-3.0,17,in_bounds
2026-07-22 18:30:00+00:00,2,1.0,-1.0,JC055,McGinley Square,22,2026-07-22,18,30,2026-07-22,-4.0,17,in_bounds
2026-07-22 18:45:00+00:00,0,5.0,5.0,JC055,McGinley Square,22,2026-07-22,18,45,2026-07-22,1.0,17,in_bounds
2026-07-22 19:00:00+00:00,2,3.0,1.0,JC055,McGinley Square,22,2026-07-22,19,0,2026-07-22,2.0,17,in_bounds
2026-07-22 19:15:00+00:00,0,1.0,1.0,JC055,McGinley Square,22,2026-07-22,19,15,2026-07-22,3.0,17,in_bounds
2026-07-22 19:30:00+00:00,0,1.0,1.0,JC055,McGinley Square,22,2026-07-22,19,30,2026-07-22,4.0,17,in_bounds
2026-07-22 19:45:00+00:00,2,1.0,-1.0,JC055,McGinley Square,22,2026-07-22,19,45,2026-07-22,3.0,17,in_bounds
2026-07-22 20:00:00+00:00,1,1.0,0.0,JC055,McGinley Square,22,2026-07-22,20,0,2026-07-22,3.0,17,in_bounds
2026-07-22 20:15:00+00:00,0,0.0,0.0,JC055,McGinley Square,22,2026-07-22,20,15,2026-07-22,3.0,17,in_bounds
2026-07-22 20:30:00+00:00,0,0.0,0.0,JC055,McGinley Square,22,2026-07-22,20,30,2026-07-22,3.0,17,in_bounds
2026-07-22 20:45:00+00:00,0,1.0,1.0,JC055,McGinley Square,22,2026-07-22,20,45,2026-07-22,4.0,17,in_bounds
2026-07-22 21:00:00+00:00,1,2.0,1.0,JC055,McGinley Square,22,2026-07-22,21,0,2026-07-22,5.0,17,in_bounds
2026-07-22 21:15:00+00:00,1,0.0,-1.0,JC055,McGinley Square,22,2026-07-22,21,15,2026-07-22,4.0,17,in_bounds
2026-07-22 21:30:00+00:00,0,1.0,1.0,JC055,McGinley Square,22,2026-07-22,21,30,2026-07-22,5.0,17,in_bounds
2026-07-22 21:45:00+00:00,0,1.0,1.0,JC055,McGinley Square,22,2026-07-22,21,45,2026-07-22,6.0,17,over_capacity
2026-07-22 22:00:00+00:00,1,2.0,1.0,JC055,McGinley Square,22,2026-07-22,22,0,2026-07-22,7.0,17,over_capacity
2026-07-22 22:15:00+00:00,0,0.0,0.0,JC055,McGinley Square,22,2026-07-22,22,15,2026-07-22,7.0,17,over_capacity
2026-07-22 22:30:00+00:00,0,0.0,0.0,JC055,McGinley Square,22,2026-07-22,22,30,2026-07-22,7.0,17,over_capacity
2026-07-22 22:45:00+00:00,2,0.0,-2.0,JC055,McGinley Square,22,2026-07-22,22,45,2026-07-22,5.0,17,in_bounds
2026-07-22 23:00:00+00:00,0,0.0,0.0,JC055,McGinley Square,22,2026-07-22,23,0,2026-07-22,5.0,17,in_bounds
2026-07-22 23:15:00+00:00,0,0.0,0.0,JC055,McGinley Square,22,2026-07-22,23,15,2026-07-22,5.0,17,in_bounds
2026-07-22 23:30:00+00:00,0,0.0,0.0,JC055,McGinley Square,22,2026-07-22,23,30,2026-07-22,5.0,17,in_bounds
2026-07-22 23:45:00+00:00,1,0.0,-1.0,JC055,McGinley Square,22,2026-07-22,23,45,2026-07-22,4.0,17,in_bounds
2026-07-23 00:00:00+00:00,0,0.0,0.0,JC055,McGinley Square,22,2026-07-23,0,0,2026-07-22,4.0,17,in_bounds
2026-07-23 00:15:00+00:00,0,1.0,1.0,JC055,McGinley Square,22,2026-07-23,0,15,2026-07-22,5.0,17,in_bounds
2026-07-23 00:30:00+00:00,0,0.0,0.0,JC055,McGinley Square,22,2026-07-23,0,30,2026-07-22,5.0,17,in_bounds
2026-07-23 00:45:00+00:00,0,0.0,0.0,JC055,McGinley Square,22,2026-07-23,0,45,2026-07-22,5.0,17,in_bounds
2026-07-23 01:00:00+00:00,0,1.0,1.0,JC055,McGinley Square,22,2026-07-23,1,0,2026-07-22,6.0,17,over_capacity
2026-07-23 01:15:00+00:00,0,0.0,0.0,JC055,McGinley Square,22,2026-07-23,1,15,2026-07-22,6.0,17,over_capacity
2026-07-23 01:30:00+00:00,0,1.0,1.0,JC055,McGinley Square,22,2026-07-23,1,30,2026-07-22,7.0,17,over_capacity
2026-07-23 01:45:00+00:00,0,1.0,1.0,JC055,McGinley Square,22,2026-07-23,1,45,2026-07-22,8.0,17,over_capacity
2026-07-23 02:00:00+00:00,0,1.0,1.0,JC055,McGinley Square,22,2026-07-23,2,0,2026-07-22,9.0,17,over_capacity
2026-07-23 02:15:00+00:00,0,0.0,0.0,JC055,McGinley Square,22,2026-07-23,2,15,2026-07-22,9.0,17,over_capacity
2026-07-23 02:30:00+00:00,0,0.0,0.0,JC055,McGinley Square,22,2026-07-23,2,30,2026-07-22,9.0,17,over_capacity
2026-07-23 02:45:00+00:00,0,0.0,0.0,JC055,McGinley Square,22,2026-07-23,2,45,2026-07-22,9.0,17,over_capacity
2026-07-23 03:00:00+00:00,1,0.0,-1.0,JC055,McGinley Square,22,2026-07-23,3,0,2026-07-22,8.0,17,over_capacity
2026-07-23 03:15:00+00:00,0,0.0,0.0,JC055,McGinley Square,22,2026-07-23,3,15,2026-07-22,8.0,17,over_capacity
2026-07-23 03:30:00+00:00,0,0.0,0.0,JC055,McGinley Square,22,2026-07-23,3,30,2026-07-22,8.0,17,over_capacity
2026-07-23 03:45:00+00:00,0,0.0,0.0,JC055,McGinley Square,22,2026-07-23,3,45,2026-07-22,8.0,17,over_capacity
2026-07-23 04:00:00+00:00,0,0.0,0.0,JC055,McGinley Square,22,2026-07-23,4,0,2026-07-22,8.0,17,over_capacity
2026-07-23 04:15:00+00:00,1,0.0,-1.0,JC055,McGinley Square,22,2026-07-23,4,15,2026-07-22,7.0,17,over_capacity
2026-07-23 04:30:00+00:00,0,0.0,0.0,JC055,McGinley Square,22,2026-07-23,4,30,2026-07-22,7.0,17,over_capacity
2026-07-23 04:45:00+00:00,0,0.0,0.0,JC055,McGinley Square,22,2026-07-23,4,45,2026-07-22,7.0,17,over_capacity
2026-07-23 05:00:00+00:00,0,0.0,0.0,JC055,McGinley Square,22,2026-07-23,5,0,2026-07-23,0.0,17,in_bounds
2026-07-23 05:15:00+00:00,0,0.0,0.0,JC055,McGinley Square,22,2026-07-23,5,15,2026-07-23,0.0,17,in_bounds
2026-07-23 05:30:00+00:00,0,0.0,0.0,JC055,McGinley Square,22,2026-07-23,5,30,2026-07-23,0.0,17,in_bounds
2026-07-23 05:45:00+00:00,1,0.0,-1.0,JC055,McGinley Square,22,2026-07-23,5,45,2026-07-23,-1.0,17,in_bounds
2026-07-23 06:00:00+00:00,0,0.0,0.0,JC055,McGinley Square,22,2026-07-23,6,0,2026-07-23,-1.0,17,in_bounds
2026-07-23 06:15:00+00:00,1,0.0,-1.0,JC055,McGinley Square,22,2026-07-23,6,15,2026-07-23,-2.0,17,in_bounds
2026-07-23 06:30:00+00:00,0,0.0,0.0,JC055,McGinley Square,22,2026-07-23,6,30,2026-07-23,-2.0,17,in_bounds
2026-07-23 06:45:00+00:00,0,0.0,0.0,JC055,McGinley Square,22,2026-07-23,6,45,2026-07-23,-2.0,17,in_bounds
2026-07-23 07:00:00+00:00,0,0.0,0.0,JC055,McGinley Square,22,2026-07-23,7,0,2026-07-23,-2.0,17,in_bounds
2026-07-23 07:15:00+00:00,2,0.0,-2.0,JC055,McGinley Square,22,2026-07-23,7,15,2026-07-23,-4.0,17,in_bounds
2026-07-23 07:30:00+00:00,2,0.0,-2.0,JC055,McGinley Square,22,2026-07-23,7,30,2026-07-23,-6.0,17,in_bounds
2026-07-23 07:45:00+00:00,6,0.0,-6.0,JC055,McGinley Square,22,2026-07-23,7,45,2026-07-23,-12.0,17,in_bounds
2026-07-23 08:00:00+00:00,3,0.0,-3.0,JC055,McGinley Square,22,2026-07-23,8,0,2026-07-23,-15.0,17,in_bounds
2026-07-23 08:15:00+00:00,1,0.0,-1.0,JC055,McGinley Square,22,2026-07-23,8,15,2026-07-23,-16.0,17,in_bounds
2026-07-23 08:30:00+00:00,3,0.0,-3.0,JC055,McGinley Square,22,2026-07-23,8,30,2026-07-23,-19.0,17,below_zero
2026-07-23 08:45:00+00:00,1,3.0,2.0,JC055,McGinley Square,22,2026-07-23,8,45,2026-07-23,-17.0,17,in_bounds
2026-07-23 09:00:00+00:00,2,1.0,-1.0,JC055,McGinley Square,22,2026-07-23,9,0,2026-07-23,-18.0,17,below_zero
2026-07-23 09:15:00+00:00,1,1.0,0.0,JC055,McGinley Square,22,2026-07-23,9,15,2026-07-23,-18.0,17,below_zero
2026-07-23 09:30:00+00:00,0,1.0,1.0,JC055,McGinley Square,22,2026-07-23,9,30,2026-07-23,-17.0,17,in_bounds
2026-07-23 09:45:00+00:00,1,0.0,-1.0,JC055,McGinley Square,22,2026-07-23,9,45,2026-07-23,-18.0,17,below_zero
2026-07-23 10:00:00+00:00,0,0.0,0.0,JC055,McGinley Square,22,2026-07-23,10,0,2026-07-23,-18.0,17,below_zero
2026-07-23 10:15:00+00:00,1,1.0,0.0,JC055,McGinley Square,22,2026-07-23,10,15,2026-07-23,-18.0,17,below_zero
2026-07-23 10:30:00+00:00,0,0.0,0.0,JC055,McGinley Square,22,2026-07-23,10,30,2026-07-23,-18.0,17,below_zero
2026-07-23 10:45:00+00:00,0,0.0,0.0,JC055,McGinley Square,22,2026-07-23,10,45,2026-07-23,-18.0,17,below_zero
2026-07-23 11:00:00+00:00,1,0.0,-1.0,JC055,McGinley Square,22,2026-07-23,11,0,2026-07-23,-19.0,17,below_zero
2026-07-23 11:15:00+00:00,1,0.0,-1.0,JC055,McGinley Square,22,2026-07-23,11,15,2026-07-23,-20.0,17,below_zero
2026-07-23 11:30:00+00:00,0,0.0,0.0,JC055,McGinley Square,22,2026-07-23,11,30,2026-07-23,-20.0,17,below_zero
2026-07-23 11:45:00+00:00,0,0.0,0.0,JC055,McGinley Square,22,2026-07-23,11,45,2026-07-23,-20.0,17,below_zero
2026-07-23 12:00:00+00:00,0,0.0,0.0,JC055,McGinley Square,22,2026-07-23,12,0,2026-07-23,-20.0,17,below_zero
2026-07-23 12:15:00+00:00,0,0.0,0.0,JC055,McGinley Square,22,2026-07-23,12,15,2026-07-23,-20.0,17,below_zero
2026-07-23 12:30:00+00:00,1,1.0,0.0,JC055,McGinley Square,22,2026-07-23,12,30,2026-07-23,-20.0,17,below_zero
2026-07-23 12:45:00+00:00,0,0.0,0.0,JC055,McGinley Square,22,2026-07-23,12,45,2026-07-23,-20.0,17,below_zero
2026-07-23 13:00:00+00:00,0,0.0,0.0,JC055,McGinley Square,22,2026-07-23,13,0,2026-07-23,-20.0,17,below_zero
2026-07-23 13:15:00+00:00,0,1.0,1.0,JC055,McGinley Square,22,2026-07-23,13,15,2026-07-23,-19.0,17,below_zero
2026-07-23 13:30:00+00:00,0,0.0,0.0,JC055,McGinley Square,22,2026-07-23,13,30,2026-07-23,-19.0,17,below_zero
2026-07-23 13:45:00+00:00,0,0.0,0.0,JC055,McGinley Square,22,2026-07-23,13,45,2026-07-23,-19.0,17,below_zero
2026-07-23 14:00:00+00:00,0,0.0,0.0,JC055,McGinley Square,22,2026-07-23,14,0,2026-07-23,-19.0,17,below_zero
2026-07-23 14:15:00+00:00,1,1.0,0.0,JC055,McGinley Square,22,2026-07-23,14,15,2026-07-23,-19.0,17,below_zero
2026-07-23 14:30:00+00:00,0,0.0,0.0,JC055,McGinley Square,22,2026-07-23,14,30,2026-07-23,-19.0,17,below_zero
2026-07-23 14:45:00+00:00,1,0.0,-1.0,JC055,McGinley Square,22,2026-07-23,14,45,2026-07-23,-20.0,17,below_zero
2026-07-23 15:00:00+00:00,0,0.0,0.0,JC055,McGinley Square,22,2026-07-23,15,0,2026-07-23,-20.0,17,below_zero
2026-07-23 15:15:00+00:00,0,1.0,1.0,JC055,McGinley Square,22,2026-07-23,15,15,2026-07-23,-19.0,17,below_zero
2026-07-23 15:30:00+00:00,0,0.0,0.0,JC055,McGinley Square,22,2026-07-23,15,30,2026-07-23,-19.0,17,below_zero
2026-07-23 15:45:00+00:00,1,2.0,1.0,JC055,McGinley Square,22,2026-07-23,15,45,2026-07-23,-18.0,17,below_zero
2026-07-23 16:00:00+00:00,1,1.0,0.0,JC055,McGinley Square,22,2026-07-23,16,0,2026-07-23,-18.0,17,below_zero
2026-07-23 16:15:00+00:00,1,3.0,2.0,JC055,McGinley Square,22,2026-07-23,16,15,2026-07-23,-16.0,17,in_bounds
2026-07-23 16:30:00+00:00,0,0.0,0.0,JC055,McGinley Square,22,2026-07-23,16,30,2026-07-23,-16.0,17,in_bounds
2026-07-23 16:45:00+00:00,0,2.0,2.0,JC055,McGinley Square,22,2026-07-23,16,45,2026-07-23,-14.0,17,in_bounds
2026-07-23 17:00:00+00:00,1,0.0,-1.0,JC055,McGinley Square,22,2026-07-23,17,0,2026-07-23,-15.0,17,in_bounds
2026-07-23 17:15:00+00:00,1,1.0,0.0,JC055,McGinley Square,22,2026-07-23,17,15,2026-07-23,-15.0,17,in_bounds
2026-07-23 17:30:00+00:00,1,2.0,1.0,JC055,McGinley Square,22,2026-07-23,17,30,2026-07-23,-14.0,17,in_bounds
2026-07-23 17:45:00+00:00,0,0.0,0.0,JC055,McGinley Square,22,2026-07-23,17,45,2026-07-23,-14.0,17,in_bounds
2026-07-23 18:00:00+00:00,1,2.0,1.0,JC055,McGinley Square,22,2026-07-23,18,0,2026-07-23,-13.0,17,in_bounds
2026-07-23 18:15:00+00:00,2,2.0,0.0,JC055,McGinley Square,22,2026-07-23,18,15,2026-07-23,-13.0,17,in_bounds
2026-07-23 18:30:00+00:00,3,0.0,-3.0,JC055,McGinley Square,22,2026-07-23,18,30,2026-07-23,-16.0,17,in_bounds
2026-07-23 18:45:00+00:00,1,0.0,-1.0,JC055,McGinley Square,22,2026-07-23,18,45,2026-07-23,-17.0,17,in_bounds
2026-07-23 19:00:00+00:00,1,2.0,1.0,JC055,McGinley Square,22,2026-07-23,19,0,2026-07-23,-16.0,17,in_bounds
2026-07-23 19:15:00+00:00,0,2.0,2.0,JC055,McGinley Square,22,2026-07-23,19,15,2026-07-23,-14.0,17,in_bounds
2026-07-23 19:30:00+00:00,0,2.0,2.0,JC055,McGinley Square,22,2026-07-23,19,30,2026-07-23,-12.0,17,in_bounds
2026-07-23 19:45:00+00:00,2,1.0,-1.0,JC055,McGinley Square,22,2026-07-23,19,45,2026-07-23,-13.0,17,in_bounds
2026-07-23 20:00:00+00:00,0,2.0,2.0,JC055,McGinley Square,22,2026-07-23,20,0,2026-07-23,-11.0,17,in_bounds
2026-07-23 20:15:00+00:00,1,2.0,1.0,JC055,McGinley Square,22,2026-07-23,20,15,2026-07-23,-10.0,17,in_bounds
2026-07-23 20:30:00+00:00,1,1.0,0.0,JC055,McGinley Square,22,2026-07-23,20,30,2026-07-23,-10.0,17,in_bounds
2026-07-23 20:45:00+00:00,2,1.0,-1.0,JC055,McGinley Square,22,2026-07-23,20,45,2026-07-23,-11.0,17,in_bounds
2026-07-23 21:00:00+00:00,2,1.0,-1.0,JC055,McGinley Square,22,2026-07-23,21,0,2026-07-23,-12.0,17,in_bounds
2026-07-23 21:15:00+00:00,0,0.0,0.0,JC055,McGinley Square,22,2026-07-23,21,15,2026-07-23,-12.0,17,in_bounds
2026-07-23 21:30:00+00:00,0,1.0,1.0,JC055,McGinley Square,22,2026-07-23,21,30,2026-07-23,-11.0,17,in_bounds
2026-07-23 21:45:00+00:00,0,2.0,2.0,JC055,McGinley Square,22,2026-07-23,21,45,2026-07-23,-9.0,17,in_bounds
2026-07-23 22:00:00+00:00,0,0.0,0.0,JC055,McGinley Square,22,2026-07-23,22,0,2026-07-23,-9.0,17,in_bounds
2026-07-23 22:15:00+00:00,0,0.0,0.0,JC055,McGinley Square,22,2026-07-23,22,15,2026-07-23,-9.0,17,in_bounds
2026-07-23 22:30:00+00:00,0,0.0,0.0,JC055,McGinley Square,22,2026-07-23,22,30,2026-07-23,-9.0,17,in_bounds
2026-07-23 22:45:00+00:00,1,0.0,-1.0,JC055,McGinley Square,22,2026-07-23,22,45,2026-07-23,-10.0,17,in_bounds
2026-07-23 23:00:00+00:00,0,1.0,1.0,JC055,McGinley Square,22,2026-07-23,23,0,2026-07-23,-9.0,17,in_bounds
2026-07-23 23:15:00+00:00,0,1.0,1.0,JC055,McGinley Square,22,2026-07-23,23,15,2026-07-23,-8.0,17,in_bounds
2026-07-23 23:30:00+00:00,0,1.0,1.0,JC055,McGinley Square,22,2026-07-23,23,30,2026-07-23,-7.0,17,in_bounds
2026-07-23 23:45:00+00:00,0,0.0,0.0,JC055,McGinley Square,22,2026-07-23,23,45,2026-07-23,-7.0,17,in_bounds
2026-07-24 00:00:00+00:00,0,0.0,0.0,JC055,McGinley Square,22,2026-07-24,0,0,2026-07-23,-7.0,17,in_bounds
2026-07-24 00:15:00+00:00,0,0.0,0.0,JC055,McGinley Square,22,2026-07-24,0,15,2026-07-23,-7.0,17,in_bounds
2026-07-24 00:30:00+00:00,0,0.0,0.0,JC055,McGinley Square,22,2026-07-24,0,30,2026-07-23,-7.0,17,in_bounds
2026-07-24 00:45:00+00:00,0,0.0,0.0,JC055,McGinley Square,22,2026-07-24,0,45,2026-07-23,-7.0,17,in_bounds
2026-07-24 01:00:00+00:00,0,0.0,0.0,JC055,McGinley Square,22,2026-07-24,1,0,2026-07-23,-7.0,17,in_bounds
2026-07-24 01:15:00+00:00,0,0.0,0.0,JC055,McGinley Square,22,2026-07-24,1,15,2026-07-23,-7.0,17,in_bounds
2026-07-24 01:30:00+00:00,0,0.0,0.0,JC055,McGinley Square,22,2026-07-24,1,30,2026-07-23,-7.0,17,in_bounds
2026-07-24 01:45:00+00:00,0,0.0,0.0,JC055,McGinley Square,22,2026-07-24,1,45,2026-07-23,-7.0,17,in_bounds
2026-07-24 02:00:00+00:00,0,0.0,0.0,JC055,McGinley Square,22,2026-07-24,2,0,2026-07-23,-7.0,17,in_bounds
2026-07-24 02:15:00+00:00,0,0.0,0.0,JC055,McGinley Square,22,2026-07-24,2,15,2026-07-23,-7.0,17,in_bounds
2026-07-24 02:30:00+00:00,0,0.0,0.0,JC055,McGinley Square,22,2026-07-24,2,30,2026-07-23,-7.0,17,in_bounds
2026-07-24 02:45:00+00:00,1,0.0,-1.0,JC055,McGinley Square,22,2026-07-24,2,45,2026-07-23,-8.0,17,in_bounds
2026-07-24 03:00:00+00:00,0,0.0,0.0,JC055,McGinley Square,22,2026-07-24,3,0,2026-07-23,-8.0,17,in_bounds
2026-07-24 03:15:00+00:00,0,0.0,0.0,JC055,McGinley Square,22,2026-07-24,3,15,2026-07-23,-8.0,17,in_bounds
2026-07-24 03:30:00+00:00,0,0.0,0.0,JC055,McGinley Square,22,2026-07-24,3,30,2026-07-23,-8.0,17,in_bounds
2026-07-24 03:45:00+00:00,0,0.0,0.0,JC055,McGinley Square,22,2026-07-24,3,45,2026-07-23,-8.0,17,in_bounds
2026-07-24 04:00:00+00:00,0,0.0,0.0,JC055,McGinley Square,22,2026-07-24,4,0,2026-07-23,-8.0,17,in_bounds
2026-07-24 04:15:00+00:00,0,0.0,0.0,JC055,McGinley Square,22,2026-07-24,4,15,2026-07-23,-8.0,17,in_bounds
2026-07-24 04:30:00+00:00,0,0.0,0.0,JC055,McGinley Square,22,2026-07-24,4,30,2026-07-23,-8.0,17,in_bounds
2026-07-24 04:45:00+00:00,0,0.0,0.0,JC055,McGinley Square,22,2026-07-24,4,45,2026-07-23,-8.0,17,in_bounds
2026-07-24 05:00:00+00:00,0,0.0,0.0,JC055,McGinley Square,22,2026-07-24,5,0,2026-07-24,0.0,17,in_bounds
2026-07-24 05:15:00+00:00,0,0.0,0.0,JC055,McGinley Square,22,2026-07-24,5,15,2026-07-24,0.0,17,in_bounds
2026-07-24 05:30:00+00:00,0,0.0,0.0,JC055,McGinley Square,22,2026-07-24,5,30,2026-07-24,0.0,17,in_bounds
2026-07-24 05:45:00+00:00,0,0.0,0.0,JC055,McGinley Square,22,2026-07-24,5,45,2026-07-24,0.0,17,in_bounds
2026-07-24 06:00:00+00:00,0,0.0,0.0,JC055,McGinley Square,22,2026-07-24,6,0,2026-07-24,0.0,17,in_bounds
2026-07-24 06:15:00+00:00,0,0.0,0.0,JC055,McGinley Square,22,2026-07-24,6,15,2026-07-24,0.0,17,in_bounds
2026-07-24 06:30:00+00:00,1,0.0,-1.0,JC055,McGinley Square,22,2026-07-24,6,30,2026-07-24,-1.0,17,in_bounds
2026-07-24 06:45:00+00:00,0,0.0,0.0,JC055,McGinley Square,22,2026-07-24,6,45,2026-07-24,-1.0,17,in_bounds
2026-07-24 07:00:00+00:00,0,0.0,0.0,JC055,McGinley Square,22,2026-07-24,7,0,2026-07-24,-1.0,17,in_bounds
2026-07-24 07:15:00+00:00,3,0.0,-3.0,JC055,McGinley Square,22,2026-07-24,7,15,2026-07-24,-4.0,17,in_bounds
2026-07-24 07:30:00+00:00,0,0.0,0.0,JC055,McGinley Square,22,2026-07-24,7,30,2026-07-24,-4.0,17,in_bounds
2026-07-24 07:45:00+00:00,1,0.0,-1.0,JC055,McGinley Square,22,2026-07-24,7,45,2026-07-24,-5.0,17,in_bounds
2026-07-24 08:00:00+00:00,4,1.0,-3.0,JC055,McGinley Square,22,2026-07-24,8,0,2026-07-24,-8.0,17,in_bounds
2026-07-24 08:15:00+00:00,3,0.0,-3.0,JC055,McGinley Square,22,2026-07-24,8,15,2026-07-24,-11.0,17,in_bounds
2026-07-24 08:30:00+00:00,0,0.0,0.0,JC055,McGinley Square,22,2026-07-24,8,30,2026-07-24,-11.0,17,in_bounds
2026-07-24 08:45:00+00:00,0,1.0,1.0,JC055,McGinley Square,22,2026-07-24,8,45,2026-07-24,-10.0,17,in_bounds
2026-07-24 09:00:00+00:00,1,0.0,-1.0,JC055,McGinley Square,22,2026-07-24,9,0,2026-07-24,-11.0,17,in_bounds
2026-07-24 09:15:00+00:00,0,0.0,0.0,JC055,McGinley Square,22,2026-07-24,9,15,2026-07-24,-11.0,17,in_bounds
2026-07-24 09:30:00+00:00,0,0.0,0.0,JC055,McGinley Square,22,2026-07-24,9,30,2026-07-24,-11.0,17,in_bounds
2026-07-24 09:45:00+00:00,0,0.0,0.0,JC055,McGinley Square,22,2026-07-24,9,45,2026-07-24,-11.0,17,in_bounds
2026-07-24 10:00:00+00:00,0,1.0,1.0,JC055,McGinley Square,22,2026-07-24,10,0,2026-07-24,-10.0,17,in_bounds
2026-07-24 10:15:00+00:00,0,1.0,1.0,JC055,McGinley Square,22,2026-07-24,10,15,2026-07-24,-9.0,17,in_bounds
2026-07-24 10:30:00+00:00,3,0.0,-3.0,JC055,McGinley Square,22,2026-07-24,10,30,2026-07-24,-12.0,17,in_bounds
2026-07-24 10:45:00+00:00,0,0.0,0.0,JC055,McGinley Square,22,2026-07-24,10,45,2026-07-24,-12.0,17,in_bounds
2026-07-24 11:00:00+00:00,1,1.0,0.0,JC055,McGinley Square,22,2026-07-24,11,0,2026-07-24,-12.0,17,in_bounds
2026-07-24 11:15:00+00:00,0,0.0,0.0,JC055,McGinley Square,22,2026-07-24,11,15,2026-07-24,-12.0,17,in_bounds
2026-07-24 11:30:00+00:00,0,0.0,0.0,JC055,McGinley Square,22,2026-07-24,11,30,2026-07-24,-12.0,17,in_bounds
2026-07-24 11:45:00+00:00,0,0.0,0.0,JC055,McGinley Square,22,2026-07-24,11,45,2026-07-24,-12.0,17,in_bounds
2026-07-24 12:00:00+00:00,0,0.0,0.0,JC055,McGinley Square,22,2026-07-24,12,0,2026-07-24,-12.0,17,in_bounds
2026-07-24 12:15:00+00:00,2,0.0,-2.0,JC055,McGinley Square,22,2026-07-24,12,15,2026-07-24,-14.0,17,in_bounds
2026-07-24 12:30:00+00:00,1,0.0,-1.0,JC055,McGinley Square,22,2026-07-24,12,30,2026-07-24,-15.0,17,in_bounds
2026-07-24 12:45:00+00:00,1,1.0,0.0,JC055,McGinley Square,22,2026-07-24,12,45,2026-07-24,-15.0,17,in_bounds
2026-07-24 13:00:00+00:00,1,2.0,1.0,JC055,McGinley Square,22,2026-07-24,13,0,2026-07-24,-14.0,17,in_bounds
2026-07-24 13:15:00+00:00,0,0.0,0.0,JC055,McGinley Square,22,2026-07-24,13,15,2026-07-24,-14.0,17,in_bounds
2026-07-24 13:30:00+00:00,0,0.0,0.0,JC055,McGinley Square,22,2026-07-24,13,30,2026-07-24,-14.0,17,in_bounds
2026-07-24 13:45:00+00:00,0,1.0,1.0,JC055,McGinley Square,22,2026-07-24,13,45,2026-07-24,-13.0,17,in_bounds
2026-07-24 14:00:00+00:00,0,0.0,0.0,JC055,McGinley Square,22,2026-07-24,14,0,2026-07-24,-13.0,17,in_bounds
2026-07-24 14:15:00+00:00,2,1.0,-1.0,JC055,McGinley Square,22,2026-07-24,14,15,2026-07-24,-14.0,17,in_bounds
2026-07-24 14:30:00+00:00,2,0.0,-2.0,JC055,McGinley Square,22,2026-07-24,14,30,2026-07-24,-16.0,17,in_bounds
2026-07-24 14:45:00+00:00,0,0.0,0.0,JC055,McGinley Square,22,2026-07-24,14,45,2026-07-24,-16.0,17,in_bounds
2026-07-24 15:00:00+00:00,1,0.0,-1.0,JC055,McGinley Square,22,2026-07-24,15,0,2026-07-24,-17.0,17,in_bounds
2026-07-24 15:15:00+00:00,0,0.0,0.0,JC055,McGinley Square,22,2026-07-24,15,15,2026-07-24,-17.0,17,in_bounds
2026-07-24 15:30:00+00:00,0,0.0,0.0,JC055,McGinley Square,22,2026-07-24,15,30,2026-07-24,-17.0,17,in_bounds
2026-07-24 15:45:00+00:00,1,0.0,-1.0,JC055,McGinley Square,22,2026-07-24,15,45,2026-07-24,-18.0,17,below_zero
2026-07-24 16:00:00+00:00,0,0.0,0.0,JC055,McGinley Square,22,2026-07-24,16,0,2026-07-24,-18.0,17,below_zero
2026-07-24 16:15:00+00:00,1,1.0,0.0,JC055,McGinley Square,22,2026-07-24,16,15,2026-07-24,-18.0,17,below_zero
2026-07-24 16:30:00+00:00,1,0.0,-1.0,JC055,McGinley Square,22,2026-07-24,16,30,2026-07-24,-19.0,17,below_zero
2026-07-24 16:45:00+00:00,1,3.0,2.0,JC055,McGinley Square,22,2026-07-24,16,45,2026-07-24,-17.0,17,in_bounds
2026-07-24 17:00:00+00:00,0,2.0,2.0,JC055,McGinley Square,22,2026-07-24,17,0,2026-07-24,-15.0,17,in_bounds
2026-07-24 17:15:00+00:00,1,0.0,-1.0,JC055,McGinley Square,22,2026-07-24,17,15,2026-07-24,-16.0,17,in_bounds
2026-07-24 17:30:00+00:00,2,1.0,-1.0,JC055,McGinley Square,22,2026-07-24,17,30,2026-07-24,-17.0,17,in_bounds
2026-07-24 17:45:00+00:00,0,1.0,1.0,JC055,McGinley Square,22,2026-07-24,17,45,2026-07-24,-16.0,17,in_bounds
2026-07-24 18:00:00+00:00,3,0.0,-3.0,JC055,McGinley Square,22,2026-07-24,18,0,2026-07-24,-19.0,17,below_zero
2026-07-24 18:15:00+00:00,1,0.0,-1.0,JC055,McGinley Square,22,2026-07-24,18,15,2026-07-24,-20.0,17,below_zero
2026-07-24 18:30:00+00:00,0,2.0,2.0,JC055,McGinley Square,22,2026-07-24,18,30,2026-07-24,-18.0,17,below_zero
2026-07-24 18:45:00+00:00,1,3.0,2.0,JC055,McGinley Square,22,2026-07-24,18,45,2026-07-24,-16.0,17,in_bounds
2026-07-24 19:00:00+00:00,2,1.0,-1.0,JC055,McGinley Square,22,2026-07-24,19,0,2026-07-24,-17.0,17,in_bounds
2026-07-24 19:15:00+00:00,2,3.0,1.0,JC055,McGinley Square,22,2026-07-24,19,15,2026-07-24,-16.0,17,in_bounds
2026-07-24 19:30:00+00:00,1,1.0,0.0,JC055,McGinley Square,22,2026-07-24,19,30,2026-07-24,-16.0,17,in_bounds
2026-07-24 19:45:00+00:00,1,1.0,0.0,JC055,McGinley Square,22,2026-07-24,19,45,2026-07-24,-16.0,17,in_bounds
2026-07-24 20:00:00+00:00,0,1.0,1.0,JC055,McGinley Square,22,2026-07-24,20,0,2026-07-24,-15.0,17,in_bounds
2026-07-24 20:15:00+00:00,2,0.0,-2.0,JC055,McGinley Square,22,2026-07-24,20,15,2026-07-24,-17.0,17,in_bounds
2026-07-24 20:30:00+00:00,0,1.0,1.0,JC055,McGinley Square,22,2026-07-24,20,30,2026-07-24,-16.0,17,in_bounds
2026-07-24 20:45:00+00:00,0,1.0,1.0,JC055,McGinley Square,22,2026-07-24,20,45,2026-07-24,-15.0,17,in_bounds
2026-07-24 21:00:00+00:00,0,0.0,0.0,JC055,McGinley Square,22,2026-07-24,21,0,2026-07-24,-15.0,17,in_bounds
2026-07-24 21:15:00+00:00,0,3.0,3.0,JC055,McGinley Square,22,2026-07-24,21,15,2026-07-24,-12.0,17,in_bounds
2026-07-24 21:30:00+00:00,1,0.0,-1.0,JC055,McGinley Square,22,2026-07-24,21,30,2026-07-24,-13.0,17,in_bounds
2026-07-24 21:45:00+00:00,0,2.0,2.0,JC055,McGinley Square,22,2026-07-24,21,45,2026-07-24,-11.0,17,in_bounds
2026-07-24 22:00:00+00:00,5,3.0,-2.0,JC055,McGinley Square,22,2026-07-24,22,0,2026-07-24,-13.0,17,in_bounds
2026-07-24 22:15:00+00:00,0,0.0,0.0,JC055,McGinley Square,22,2026-07-24,22,15,2026-07-24,-13.0,17,in_bounds
2026-07-24 22:30:00+00:00,0,0.0,0.0,JC055,McGinley Square,22,2026-07-24,22,30,2026-07-24,-13.0,17,in_bounds
2026-07-24 22:45:00+00:00,0,0.0,0.0,JC055,McGinley Square,22,2026-07-24,22,45,2026-07-24,-13.0,17,in_bounds
2026-07-24 23:00:00+00:00,1,0.0,-1.0,JC055,McGinley Square,22,2026-07-24,23,0,2026-07-24,-14.0,17,in_bounds
2026-07-24 23:15:00+00:00,0,1.0,1.0,JC055,McGinley Square,22,2026-07-24,23,15,2026-07-24,-13.0,17,in_bounds
2026-07-24 23:30:00+00:00,0,0.0,0.0,JC055,McGinley Square,22,2026-07-24,23,30,2026-07-24,-13.0,17,in_bounds
2026-07-24 23:45:00+00:00,0,1.0,1.0,JC055,McGinley Square,22,2026-07-24,23,45,2026-07-24,-12.0,17,in_bounds
2026-07-25 00:00:00+00:00,0,2.0,2.0,JC055,McGinley Square,22,2026-07-25,0,0,2026-07-24,-10.0,17,in_bounds
2026-07-25 00:15:00+00:00,1,1.0,0.0,JC055,McGinley Square,22,2026-07-25,0,15,2026-07-24,-10.0,17,in_bounds
2026-07-25 00:30:00+00:00,1,1.0,0.0,JC055,McGinley Square,22,2026-07-25,0,30,2026-07-24,-10.0,17,in_bounds
2026-07-25 00:45:00+00:00,0,0.0,0.0,JC055,McGinley Square,22,2026-07-25,0,45,2026-07-24,-10.0,17,in_bounds
2026-07-25 01:00:00+00:00,0,0.0,0.0,JC055,McGinley Square,22,2026-07-25,1,0,2026-07-24,-10.0,17,in_bounds
2026-07-25 01:15:00+00:00,0,0.0,0.0,JC055,McGinley Square,22,2026-07-25,1,15,2026-07-24,-10.0,17,in_bounds
2026-07-25 01:30:00+00:00,2,0.0,-2.0,JC055,McGinley Square,22,2026-07-25,1,30,2026-07-24,-12.0,17,in_bounds
2026-07-25 01:45:00+00:00,2,0.0,-2.0,JC055,McGinley Square,22,2026-07-25,1,45,2026-07-24,-14.0,17,in_bounds
2026-07-25 02:00:00+00:00,0,0.0,0.0,JC055,McGinley Square,22,2026-07-25,2,0,2026-07-24,-14.0,17,in_bounds
2026-07-25 02:15:00+00:00,1,3.0,2.0,JC055,McGinley Square,22,2026-07-25,2,15,2026-07-24,-12.0,17,in_bounds
2026-07-25 02:30:00+00:00,0,0.0,0.0,JC055,McGinley Square,22,2026-07-25,2,30,2026-07-24,-12.0,17,in_bounds
2026-07-25 02:45:00+00:00,0,0.0,0.0,JC055,McGinley Square,22,2026-07-25,2,45,2026-07-24,-12.0,17,in_bounds
2026-07-25 03:00:00+00:00,0,0.0,0.0,JC055,McGinley Square,22,2026-07-25,3,0,2026-07-24,-12.0,17,in_bounds
2026-07-25 03:15:00+00:00,0,0.0,0.0,JC055,McGinley Square,22,2026-07-25,3,15,2026-07-24,-12.0,17,in_bounds
2026-07-25 03:30:00+00:00,1,0.0,-1.0,JC055,McGinley Square,22,2026-07-25,3,30,2026-07-24,-13.0,17,in_bounds
2026-07-25 03:45:00+00:00,0,0.0,0.0,JC055,McGinley Square,22,2026-07-25,3,45,2026-07-24,-13.0,17,in_bounds
2026-07-25 04:00:00+00:00,0,0.0,0.0,JC055,McGinley Square,22,2026-07-25,4,0,2026-07-24,-13.0,17,in_bounds
2026-07-25 04:15:00+00:00,0,0.0,0.0,JC055,McGinley Square,22,2026-07-25,4,15,2026-07-24,-13.0,17,in_bounds
2026-07-25 04:30:00+00:00,0,0.0,0.0,JC055,McGinley Square,22,2026-07-25,4,30,2026-07-24,-13.0,17,in_bounds
2026-07-25 04:45:00+00:00,0,0.0,0.0,JC055,McGinley Square,22,2026-07-25,4,45,2026-07-24,-13.0,17,in_bounds
2026-07-25 05:00:00+00:00,0,0.0,0.0,JC055,McGinley Square,22,2026-07-25,5,0,2026-07-25,0.0,17,in_bounds
2026-07-25 05:15:00+00:00,0,0.0,0.0,JC055,McGinley Square,22,2026-07-25,5,15,2026-07-25,0.0,17,in_bounds
2026-07-25 05:30:00+00:00,0,0.0,0.0,JC055,McGinley Square,22,2026-07-25,5,30,2026-07-25,0.0,17,in_bounds
2026-07-25 05:45:00+00:00,0,0.0,0.0,JC055,McGinley Square,22,2026-07-25,5,45,2026-07-25,0.0,17,in_bounds
2026-07-25 06:00:00+00:00,0,0.0,0.0,JC055,McGinley Square,22,2026-07-25,6,0,2026-07-25,0.0,17,in_bounds
2026-07-25 06:15:00+00:00,0,0.0,0.0,JC055,McGinley Square,22,2026-07-25,6,15,2026-07-25,0.0,17,in_bounds
2026-07-25 06:30:00+00:00,1,0.0,-1.0,JC055,McGinley Square,22,2026-07-25,6,30,2026-07-25,-1.0,17,in_bounds
2026-07-25 06:45:00+00:00,0,0.0,0.0,JC055,McGinley Square,22,2026-07-25,6,45,2026-07-25,-1.0,17,in_bounds
2026-07-25 07:00:00+00:00,2,0.0,-2.0,JC055,McGinley Square,22,2026-07-25,7,0,2026-07-25,-3.0,17,in_bounds
2026-07-25 07:15:00+00:00,1,0.0,-1.0,JC055,McGinley Square,22,2026-07-25,7,15,2026-07-25,-4.0,17,in_bounds
2026-07-25 07:30:00+00:00,0,0.0,0.0,JC055,McGinley Square,22,2026-07-25,7,30,2026-07-25,-4.0,17,in_bounds
2026-07-25 07:45:00+00:00,0,0.0,0.0,JC055,McGinley Square,22,2026-07-25,7,45,2026-07-25,-4.0,17,in_bounds
2026-07-25 08:00:00+00:00,0,1.0,1.0,JC055,McGinley Square,22,2026-07-25,8,0,2026-07-25,-3.0,17,in_bounds
2026-07-25 08:15:00+00:00,0,0.0,0.0,JC055,McGinley Square,22,2026-07-25,8,15,2026-07-25,-3.0,17,in_bounds
2026-07-25 08:30:00+00:00,1,0.0,-1.0,JC055,McGinley Square,22,2026-07-25,8,30,2026-07-25,-4.0,17,in_bounds
2026-07-25 08:45:00+00:00,0,0.0,0.0,JC055,McGinley Square,22,2026-07-25,8,45,2026-07-25,-4.0,17,in_bounds
2026-07-25 09:00:00+00:00,0,0.0,0.0,JC055,McGinley Square,22,2026-07-25,9,0,2026-07-25,-4.0,17,in_bounds
2026-07-25 09:15:00+00:00,0,0.0,0.0,JC055,McGinley Square,22,2026-07-25,9,15,2026-07-25,-4.0,17,in_bounds
2026-07-25 09:30:00+00:00,1,0.0,-1.0,JC055,McGinley Square,22,2026-07-25,9,30,2026-07-25,-5.0,17,in_bounds
2026-07-25 09:45:00+00:00,3,1.0,-2.0,JC055,McGinley Square,22,2026-07-25,9,45,2026-07-25,-7.0,17,in_bounds
2026-07-25 10:00:00+00:00,2,0.0,-2.0,JC055,McGinley Square,22,2026-07-25,10,0,2026-07-25,-9.0,17,in_bounds
2026-07-25 10:15:00+00:00,2,1.0,-1.0,JC055,McGinley Square,22,2026-07-25,10,15,2026-07-25,-10.0,17,in_bounds
2026-07-25 10:30:00+00:00,0,0.0,0.0,JC055,McGinley Square,22,2026-07-25,10,30,2026-07-25,-10.0,17,in_bounds
2026-07-25 10:45:00+00:00,0,0.0,0.0,JC055,McGinley Square,22,2026-07-25,10,45,2026-07-25,-10.0,17,in_bounds
2026-07-25 11:00:00+00:00,1,0.0,-1.0,JC055,McGinley Square,22,2026-07-25,11,0,2026-07-25,-11.0,17,in_bounds
2026-07-25 11:15:00+00:00,1,1.0,0.0,JC055,McGinley Square,22,2026-07-25,11,15,2026-07-25,-11.0,17,in_bounds
2026-07-25 11:30:00+00:00,0,2.0,2.0,JC055,McGinley Square,22,2026-07-25,11,30,2026-07-25,-9.0,17,in_bounds
2026-07-25 11:45:00+00:00,3,2.0,-1.0,JC055,McGinley Square,22,2026-07-25,11,45,2026-07-25,-10.0,17,in_bounds
2026-07-25 12:00:00+00:00,0,0.0,0.0,JC055,McGinley Square,22,2026-07-25,12,0,2026-07-25,-10.0,17,in_bounds
2026-07-25 12:15:00+00:00,0,0.0,0.0,JC055,McGinley Square,22,2026-07-25,12,15,2026-07-25,-10.0,17,in_bounds
2026-07-25 12:30:00+00:00,1,0.0,-1.0,JC055,McGinley Square,22,2026-07-25,12,30,2026-07-25,-11.0,17,in_bounds
2026-07-25 12:45:00+00:00,0,0.0,0.0,JC055,McGinley Square,22,2026-07-25,12,45,2026-07-25,-11.0,17,in_bounds
2026-07-25 13:00:00+00:00,0,0.0,0.0,JC055,McGinley Square,22,2026-07-25,13,0,2026-07-25,-11.0,17,in_bounds
2026-07-25 13:15:00+00:00,1,1.0,0.0,JC055,McGinley Square,22,2026-07-25,13,15,2026-07-25,-11.0,17,in_bounds
2026-07-25 13:30:00+00:00,0,0.0,0.0,JC055,McGinley Square,22,2026-07-25,13,30,2026-07-25,-11.0,17,in_bounds
2026-07-25 13:45:00+00:00,0,0.0,0.0,JC055,McGinley Square,22,2026-07-25,13,45,2026-07-25,-11.0,17,in_bounds
2026-07-25 14:00:00+00:00,0,0.0,0.0,JC055,McGinley Square,22,2026-07-25,14,0,2026-07-25,-11.0,17,in_bounds
2026-07-25 14:15:00+00:00,0,0.0,0.0,JC055,McGinley Square,22,2026-07-25,14,15,2026-07-25,-11.0,17,in_bounds
2026-07-25 14:30:00+00:00,0,4.0,4.0,JC055,McGinley Square,22,2026-07-25,14,30,2026-07-25,-7.0,17,in_bounds
2026-07-25 14:45:00+00:00,2,0.0,-2.0,JC055,McGinley Square,22,2026-07-25,14,45,2026-07-25,-9.0,17,in_bounds
2026-07-25 15:00:00+00:00,2,0.0,-2.0,JC055,McGinley Square,22,2026-07-25,15,0,2026-07-25,-11.0,17,in_bounds
2026-07-25 15:15:00+00:00,0,0.0,0.0,JC055,McGinley Square,22,2026-07-25,15,15,2026-07-25,-11.0,17,in_bounds
2026-07-25 15:30:00+00:00,0,1.0,1.0,JC055,McGinley Square,22,2026-07-25,15,30,2026-07-25,-10.0,17,in_bounds
2026-07-25 15:45:00+00:00,0,0.0,0.0,JC055,McGinley Square,22,2026-07-25,15,45,2026-07-25,-10.0,17,in_bounds
2026-07-25 16:00:00+00:00,0,0.0,0.0,JC055,McGinley Square,22,2026-07-25,16,0,2026-07-25,-10.0,17,in_bounds
2026-07-25 16:15:00+00:00,0,0.0,0.0,JC055,McGinley Square,22,2026-07-25,16,15,2026-07-25,-10.0,17,in_bounds
2026-07-25 16:30:00+00:00,0,1.0,1.0,JC055,McGinley Square,22,2026-07-25,16,30,2026-07-25,-9.0,17,in_bounds
2026-07-25 16:45:00+00:00,0,0.0,0.0,JC055,McGinley Square,22,2026-07-25,16,45,2026-07-25,-9.0,17,in_bounds
2026-07-25 17:00:00+00:00,2,0.0,-2.0,JC055,McGinley Square,22,2026-07-25,17,0,2026-07-25,-11.0,17,in_bounds
2026-07-25 17:15:00+00:00,0,2.0,2.0,JC055,McGinley Square,22,2026-07-25,17,15,2026-07-25,-9.0,17,in_bounds
2026-07-25 17:30:00+00:00,1,0.0,-1.0,JC055,McGinley Square,22,2026-07-25,17,30,2026-07-25,-10.0,17,in_bounds
2026-07-25 17:45:00+00:00,0,0.0,0.0,JC055,McGinley Square,22,2026-07-25,17,45,2026-07-25,-10.0,17,in_bounds
2026-07-25 18:00:00+00:00,0,0.0,0.0,JC055,McGinley Square,22,2026-07-25,18,0,2026-07-25,-10.0,17,in_bounds
2026-07-25 18:15:00+00:00,0,1.0,1.0,JC055,McGinley Square,22,2026-07-25,18,15,2026-07-25,-9.0,17,in_bounds
2026-07-25 18:30:00+00:00,1,1.0,0.0,JC055,McGinley Square,22,2026-07-25,18,30,2026-07-25,-9.0,17,in_bounds
2026-07-25 18:45:00+00:00,0,2.0,2.0,JC055,McGinley Square,22,2026-07-25,18,45,2026-07-25,-7.0,17,in_bounds
2026-07-25 19:00:00+00:00,0,1.0,1.0,JC055,McGinley Square,22,2026-07-25,19,0,2026-07-25,-6.0,17,in_bounds
2026-07-25 19:15:00+00:00,0,0.0,0.0,JC055,McGinley Square,22,2026-07-25,19,15,2026-07-25,-6.0,17,in_bounds
2026-07-25 19:30:00+00:00,3,3.0,0.0,JC055,McGinley Square,22,2026-07-25,19,30,2026-07-25,-6.0,17,in_bounds
2026-07-25 19:45:00+00:00,1,1.0,0.0,JC055,McGinley Square,22,2026-07-25,19,45,2026-07-25,-6.0,17,in_bounds
2026-07-25 20:00:00+00:00,1,1.0,0.0,JC055,McGinley Square,22,2026-07-25,20,0,2026-07-25,-6.0,17,in_bounds
2026-07-25 20:15:00+00:00,2,0.0,-2.0,JC055,McGinley Square,22,2026-07-25,20,15,2026-07-25,-8.0,17,in_bounds
2026-07-25 20:30:00+00:00,2,2.0,0.0,JC055,McGinley Square,22,2026-07-25,20,30,2026-07-25,-8.0,17,in_bounds
2026-07-25 20:45:00+00:00,2,1.0,-1.0,JC055,McGinley Square,22,2026-07-25,20,45,2026-07-25,-9.0,17,in_bounds
2026-07-25 21:00:00+00:00,0,1.0,1.0,JC055,McGinley Square,22,2026-07-25,21,0,2026-07-25,-8.0,17,in_bounds
2026-07-25 21:15:00+00:00,0,0.0,0.0,JC055,McGinley Square,22,2026-07-25,21,15,2026-07-25,-8.0,17,in_bounds
2026-07-25 21:30:00+00:00,0,0.0,0.0,JC055,McGinley Square,22,2026-07-25,21,30,2026-07-25,-8.0,17,in_bounds
2026-07-25 21:45:00+00:00,0,2.0,2.0,JC055,McGinley Square,22,2026-07-25,21,45,2026-07-25,-6.0,17,in_bounds
2026-07-25 22:00:00+00:00,0,0.0,0.0,JC055,McGinley Square,22,2026-07-25,22,0,2026-07-25,-6.0,17,in_bounds
2026-07-25 22:15:00+00:00,0,0.0,0.0,JC055,McGinley Square,22,2026-07-25,22,15,2026-07-25,-6.0,17,in_bounds
2026-07-25 22:30:00+00:00,1,0.0,-1.0,JC055,McGinley Square,22,2026-07-25,22,30,2026-07-25,-7.0,17,in_bounds
2026-07-25 22:45:00+00:00,1,1.0,0.0,JC055,McGinley Square,22,2026-07-25,22,45,2026-07-25,-7.0,17,in_bounds
2026-07-25 23:00:00+00:00,0,0.0,0.0,JC055,McGinley Square,22,2026-07-25,23,0,2026-07-25,-7.0,17,in_bounds
2026-07-25 23:15:00+00:00,0,0.0,0.0,JC055,McGinley Square,22,2026-07-25,23,15,2026-07-25,-7.0,17,in_bounds
2026-07-25 23:30:00+00:00,0,0.0,0.0,JC055,McGinley Square,22,2026-07-25,23,30,2026-07-25,-7.0,17,in_bounds
2026-07-25 23:45:00+00:00,0,0.0,0.0,JC055,McGinley Square,22,2026-07-25,23,45,2026-07-25,-7.0,17,in_bounds
2026-07-26 00:00:00+00:00,0,0.0,0.0,JC055,McGinley Square,22,2026-07-26,0,0,2026-07-25,-7.0,17,in_bounds
2026-07-26 00:15:00+00:00,0,0.0,0.0,JC055,McGinley Square,22,2026-07-26,0,15,2026-07-25,-7.0,17,in_bounds
2026-07-26 00:30:00+00:00,0,0.0,0.0,JC055,McGinley Square,22,2026-07-26,0,30,2026-07-25,-7.0,17,in_bounds
2026-07-26 00:45:00+00:00,0,1.0,1.0,JC055,McGinley Square,22,2026-07-26,0,45,2026-07-25,-6.0,17,in_bounds
2026-07-26 01:00:00+00:00,0,0.0,0.0,JC055,McGinley Square,22,2026-07-26,1,0,2026-07-25,-6.0,17,in_bounds
2026-07-26 01:15:00+00:00,0,0.0,0.0,JC055,McGinley Square,22,2026-07-26,1,15,2026-07-25,-6.0,17,in_bounds
2026-07-26 01:30:00+00:00,0,0.0,0.0,JC055,McGinley Square,22,2026-07-26,1,30,2026-07-25,-6.0,17,in_bounds
2026-07-26 01:45:00+00:00,1,1.0,0.0,JC055,McGinley Square,22,2026-07-26,1,45,2026-07-25,-6.0,17,in_bounds
2026-07-26 02:00:00+00:00,0,0.0,0.0,JC055,McGinley Square,22,2026-07-26,2,0,2026-07-25,-6.0,17,in_bounds
2026-07-26 02:15:00+00:00,0,0.0,0.0,JC055,McGinley Square,22,2026-07-26,2,15,2026-07-25,-6.0,17,in_bounds
2026-07-26 02:30:00+00:00,0,0.0,0.0,JC055,McGinley Square,22,2026-07-26,2,30,2026-07-25,-6.0,17,in_bounds
2026-07-26 02:45:00+00:00,0,0.0,0.0,JC055,McGinley Square,22,2026-07-26,2,45,2026-07-25,-6.0,17,in_bounds
2026-07-26 03:00:00+00:00,0,0.0,0.0,JC055,McGinley Square,22,2026-07-26,3,0,2026-07-25,-6.0,17,in_bounds
2026-07-26 03:15:00+00:00,0,0.0,0.0,JC055,McGinley Square,22,2026-07-26,3,15,2026-07-25,-6.0,17,in_bounds
2026-07-26 03:30:00+00:00,0,0.0,0.0,JC055,McGinley Square,22,2026-07-26,3,30,2026-07-25,-6.0,17,in_bounds
2026-07-26 03:45:00+00:00,0,0.0,0.0,JC055,McGinley Square,22,2026-07-26,3,45,2026-07-25,-6.0,17,in_bounds
2026-07-26 04:00:00+00:00,1,0.0,-1.0,JC055,McGinley Square,22,2026-07-26,4,0,2026-07-25,-7.0,17,in_bounds
2026-07-26 04:15:00+00:00,0,1.0,1.0,JC055,McGinley Square,22,2026-07-26,4,15,2026-07-25,-6.0,17,in_bounds
2026-07-26 04:30:00+00:00,0,0.0,0.0,JC055,McGinley Square,22,2026-07-26,4,30,2026-07-25,-6.0,17,in_bounds
2026-07-26 04:45:00+00:00,0,0.0,0.0,JC055,McGinley Square,22,2026-07-26,4,45,2026-07-25,-6.0,17,in_bounds
2026-07-26 05:00:00+00:00,0,0.0,0.0,JC055,McGinley Square,22,2026-07-26,5,0,2026-07-26,0.0,17,in_bounds
2026-07-26 05:15:00+00:00,0,0.0,0.0,JC055,McGinley Square,22,2026-07-26,5,15,2026-07-26,0.0,17,in_bounds
2026-07-26 05:30:00+00:00,0,0.0,0.0,JC055,McGinley Square,22,2026-07-26,5,30,2026-07-26,0.0,17,in_bounds
2026-07-26 05:45:00+00:00,0,0.0,0.0,JC055,McGinley Square,22,2026-07-26,5,45,2026-07-26,0.0,17,in_bounds
2026-07-26 06:00:00+00:00,0,0.0,0.0,JC055,McGinley Square,22,2026-07-26,6,0,2026-07-26,0.0,17,in_bounds
2026-07-26 06:15:00+00:00,0,0.0,0.0,JC055,McGinley Square,22,2026-07-26,6,15,2026-07-26,0.0,17,in_bounds
2026-07-26 06:30:00+00:00,0,0.0,0.0,JC055,McGinley Square,22,2026-07-26,6,30,2026-07-26,0.0,17,in_bounds
2026-07-26 06:45:00+00:00,0,0.0,0.0,JC055,McGinley Square,22,2026-07-26,6,45,2026-07-26,0.0,17,in_bounds
2026-07-26 07:00:00+00:00,1,0.0,-1.0,JC055,McGinley Square,22,2026-07-26,7,0,2026-07-26,-1.0,17,in_bounds
2026-07-26 07:15:00+00:00,0,0.0,0.0,JC055,McGinley Square,22,2026-07-26,7,15,2026-07-26,-1.0,17,in_bounds
2026-07-26 07:30:00+00:00,0,0.0,0.0,JC055,McGinley Square,22,2026-07-26,7,30,2026-07-26,-1.0,17,in_bounds
2026-07-26 07:45:00+00:00,1,1.0,0.0,JC055,McGinley Square,22,2026-07-26,7,45,2026-07-26,-1.0,17,in_bounds
2026-07-26 08:00:00+00:00,0,0.0,0.0,JC055,McGinley Square,22,2026-07-26,8,0,2026-07-26,-1.0,17,in_bounds
2026-07-26 08:15:00+00:00,0,0.0,0.0,JC055,McGinley Square,22,2026-07-26,8,15,2026-07-26,-1.0,17,in_bounds
2026-07-26 08:30:00+00:00,0,0.0,0.0,JC055,McGinley Square,22,2026-07-26,8,30,2026-07-26,-1.0,17,in_bounds
2026-07-26 08:45:00+00:00,0,0.0,0.0,JC055,McGinley Square,22,2026-07-26,8,45,2026-07-26,-1.0,17,in_bounds
2026-07-26 09:00:00+00:00,0,1.0,1.0,JC055,McGinley Square,22,2026-07-26,9,0,2026-07-26,0.0,17,in_bounds
2026-07-26 09:15:00+00:00,0,0.0,0.0,JC055,McGinley Square,22,2026-07-26,9,15,2026-07-26,0.0,17,in_bounds
2026-07-26 09:30:00+00:00,0,1.0,1.0,JC055,McGinley Square,22,2026-07-26,9,30,2026-07-26,1.0,17,in_bounds
2026-07-26 09:45:00+00:00,2,0.0,-2.0,JC055,McGinley Square,22,2026-07-26,9,45,2026-07-26,-1.0,17,in_bounds
2026-07-26 10:00:00+00:00,1,0.0,-1.0,JC055,McGinley Square,22,2026-07-26,10,0,2026-07-26,-2.0,17,in_bounds
2026-07-26 10:15:00+00:00,0,0.0,0.0,JC055,McGinley Square,22,2026-07-26,10,15,2026-07-26,-2.0,17,in_bounds
2026-07-26 10:30:00+00:00,0,0.0,0.0,JC055,McGinley Square,22,2026-07-26,10,30,2026-07-26,-2.0,17,in_bounds
2026-07-26 10:45:00+00:00,0,0.0,0.0,JC055,McGinley Square,22,2026-07-26,10,45,2026-07-26,-2.0,17,in_bounds
2026-07-26 11:00:00+00:00,0,0.0,0.0,JC055,McGinley Square,22,2026-07-26,11,0,2026-07-26,-2.0,17,in_bounds
2026-07-26 11:15:00+00:00,1,0.0,-1.0,JC055,McGinley Square,22,2026-07-26,11,15,2026-07-26,-3.0,17,in_bounds
2026-07-26 11:30:00+00:00,0,0.0,0.0,JC055,McGinley Square,22,2026-07-26,11,30,2026-07-26,-3.0,17,in_bounds
2026-07-26 11:45:00+00:00,0,2.0,2.0,JC055,McGinley Square,22,2026-07-26,11,45,2026-07-26,-1.0,17,in_bounds
2026-07-26 12:00:00+00:00,2,1.0,-1.0,JC055,McGinley Square,22,2026-07-26,12,0,2026-07-26,-2.0,17,in_bounds
2026-07-26 12:15:00+00:00,2,1.0,-1.0,JC055,McGinley Square,22,2026-07-26,12,15,2026-07-26,-3.0,17,in_bounds
2026-07-26 12:30:00+00:00,0,2.0,2.0,JC055,McGinley Square,22,2026-07-26,12,30,2026-07-26,-1.0,17,in_bounds
2026-07-26 12:45:00+00:00,0,0.0,0.0,JC055,McGinley Square,22,2026-07-26,12,45,2026-07-26,-1.0,17,in_bounds
2026-07-26 13:00:00+00:00,0,0.0,0.0,JC055,McGinley Square,22,2026-07-26,13,0,2026-07-26,-1.0,17,in_bounds
2026-07-26 13:15:00+00:00,0,1.0,1.0,JC055,McGinley Square,22,2026-07-26,13,15,2026-07-26,0.0,17,in_bounds
2026-07-26 13:30:00+00:00,1,0.0,-1.0,JC055,McGinley Square,22,2026-07-26,13,30,2026-07-26,-1.0,17,in_bounds
2026-07-26 13:45:00+00:00,2,2.0,0.0,JC055,McGinley Square,22,2026-07-26,13,45,2026-07-26,-1.0,17,in_bounds
2026-07-26 14:00:00+00:00,1,0.0,-1.0,JC055,McGinley Square,22,2026-07-26,14,0,2026-07-26,-2.0,17,in_bounds
2026-07-26 14:15:00+00:00,1,1.0,0.0,JC055,McGinley Square,22,2026-07-26,14,15,2026-07-26,-2.0,17,in_bounds
2026-07-26 14:30:00+00:00,1,0.0,-1.0,JC055,McGinley Square,22,2026-07-26,14,30,2026-07-26,-3.0,17,in_bounds
2026-07-26 14:45:00+00:00,1,2.0,1.0,JC055,McGinley Square,22,2026-07-26,14,45,2026-07-26,-2.0,17,in_bounds
2026-07-26 15:00:00+00:00,0,1.0,1.0,JC055,McGinley Square,22,2026-07-26,15,0,2026-07-26,-1.0,17,in_bounds
2026-07-26 15:15:00+00:00,0,0.0,0.0,JC055,McGinley Square,22,2026-07-26,15,15,2026-07-26,-1.0,17,in_bounds
2026-07-26 15:30:00+00:00,1,0.0,-1.0,JC055,McGinley Square,22,2026-07-26,15,30,2026-07-26,-2.0,17,in_bounds
2026-07-26 15:45:00+00:00,1,1.0,0.0,JC055,McGinley Square,22,2026-07-26,15,45,2026-07-26,-2.0,17,in_bounds
2026-07-26 16:00:00+00:00,1,0.0,-1.0,JC055,McGinley Square,22,2026-07-26,16,0,2026-07-26,-3.0,17,in_bounds
2026-07-26 16:15:00+00:00,0,0.0,0.0,JC055,McGinley Square,22,2026-07-26,16,15,2026-07-26,-3.0,17,in_bounds
2026-07-26 16:30:00+00:00,0,0.0,0.0,JC055,McGinley Square,22,2026-07-26,16,30,2026-07-26,-3.0,17,in_bounds
2026-07-26 16:45:00+00:00,0,0.0,0.0,JC055,McGinley Square,22,2026-07-26,16,45,2026-07-26,-3.0,17,in_bounds
2026-07-26 17:00:00+00:00,0,0.0,0.0,JC055,McGinley Square,22,2026-07-26,17,0,2026-07-26,-3.0,17,in_bounds
2026-07-26 17:15:00+00:00,1,2.0,1.0,JC055,McGinley Square,22,2026-07-26,17,15,2026-07-26,-2.0,17,in_bounds
2026-07-26 17:30:00+00:00,1,1.0,0.0,JC055,McGinley Square,22,2026-07-26,17,30,2026-07-26,-2.0,17,in_bounds
2026-07-26 17:45:00+00:00,2,1.0,-1.0,JC055,McGinley Square,22,2026-07-26,17,45,2026-07-26,-3.0,17,in_bounds
2026-07-26 18:00:00+00:00,1,3.0,2.0,JC055,McGinley Square,22,2026-07-26,18,0,2026-07-26,-1.0,17,in_bounds
2026-07-26 18:15:00+00:00,0,0.0,0.0,JC055,McGinley Square,22,2026-07-26,18,15,2026-07-26,-1.0,17,in_bounds
2026-07-26 18:30:00+00:00,0,0.0,0.0,JC055,McGinley Square,22,2026-07-26,18,30,2026-07-26,-1.0,17,in_bounds
2026-07-26 18:45:00+00:00,0,1.0,1.0,JC055,McGinley Square,22,2026-07-26,18,45,2026-07-26,0.0,17,in_bounds
2026-07-26 19:00:00+00:00,2,1.0,-1.0,JC055,McGinley Square,22,2026-07-26,19,0,2026-07-26,-1.0,17,in_bounds
2026-07-26 19:15:00+00:00,0,1.0,1.0,JC055,McGinley Square,22,2026-07-26,19,15,2026-07-26,0.0,17,in_bounds
2026-07-26 19:30:00+00:00,1,0.0,-1.0,JC055,McGinley Square,22,2026-07-26,19,30,2026-07-26,-1.0,17,in_bounds
2026-07-26 19:45:00+00:00,0,0.0,0.0,JC055,McGinley Square,22,2026-07-26,19,45,2026-07-26,-1.0,17,in_bounds
2026-07-26 20:00:00+00:00,1,0.0,-1.0,JC055,McGinley Square,22,2026-07-26,20,0,2026-07-26,-2.0,17,in_bounds
2026-07-26 20:15:00+00:00,0,0.0,0.0,JC055,McGinley Square,22,2026-07-26,20,15,2026-07-26,-2.0,17,in_bounds
2026-07-26 20:30:00+00:00,0,0.0,0.0,JC055,McGinley Square,22,2026-07-26,20,30,2026-07-26,-2.0,17,in_bounds
2026-07-26 20:45:00+00:00,1,0.0,-1.0,JC055,McGinley Square,22,2026-07-26,20,45,2026-07-26,-3.0,17,in_bounds
2026-07-26 21:00:00+00:00,0,0.0,0.0,JC055,McGinley Square,22,2026-07-26,21,0,2026-07-26,-3.0,17,in_bounds
2026-07-26 21:15:00+00:00,0,0.0,0.0,JC055,McGinley Square,22,2026-07-26,21,15,2026-07-26,-3.0,17,in_bounds
2026-07-26 21:30:00+00:00,0,0.0,0.0,JC055,McGinley Square,22,2026-07-26,21,30,2026-07-26,-3.0,17,in_bounds
2026-07-26 21:45:00+00:00,1,2.0,1.0,JC055,McGinley Square,22,2026-07-26,21,45,2026-07-26,-2.0,17,in_bounds
2026-07-26 22:00:00+00:00,0,0.0,0.0,JC055,McGinley Square,22,2026-07-26,22,0,2026-07-26,-2.0,17,in_bounds
2026-07-26 22:15:00+00:00,0,0.0,0.0,JC055,McGinley Square,22,2026-07-26,22,15,2026-07-26,-2.0,17,in_bounds
2026-07-26 22:30:00+00:00,1,1.0,0.0,JC055,McGinley Square,22,2026-07-26,22,30,2026-07-26,-2.0,17,in_bounds
2026-07-26 22:45:00+00:00,0,1.0,1.0,JC055,McGinley Square,22,2026-07-26,22,45,2026-07-26,-1.0,17,in_bounds
2026-07-26 23:00:00+00:00,0,0.0,0.0,JC055,McGinley Square,22,2026-07-26,23,0,2026-07-26,-1.0,17,in_bounds
2026-07-26 23:15:00+00:00,0,0.0,0.0,JC055,McGinley Square,22,2026-07-26,23,15,2026-07-26,-1.0,17,in_bounds
2026-07-26 23:30:00+00:00,0,0.0,0.0,JC055,McGinley Square,22,2026-07-26,23,30,2026-07-26,-1.0,17,in_bounds
2026-07-26 23:45:00+00:00,0,0.0,0.0,JC055,McGinley Square,22,2026-07-26,23,45,2026-07-26,-1.0,17,in_bounds
2026-07-27 00:00:00+00:00,0,1.0,1.0,JC055,McGinley Square,22,2026-07-27,0,0,2026-07-26,0.0,17,in_bounds
2026-07-27 00:15:00+00:00,0,0.0,0.0,JC055,McGinley Square,22,2026-07-27,0,15,2026-07-26,0.0,17,in_bounds
2026-07-27 00:30:00+00:00,0,0.0,0.0,JC055,McGinley Square,22,2026-07-27,0,30,2026-07-26,0.0,17,in_bounds
2026-07-27 00:45:00+00:00,1,1.0,0.0,JC055,McGinley Square,22,2026-07-27,0,45,2026-07-26,0.0,17,in_bounds
2026-07-27 01:00:00+00:00,1,0.0,-1.0,JC055,McGinley Square,22,2026-07-27,1,0,2026-07-26,-1.0,17,in_bounds
2026-07-27 01:15:00+00:00,1,1.0,0.0,JC055,McGinley Square,22,2026-07-27,1,15,2026-07-26,-1.0,17,in_bounds
2026-07-27 01:30:00+00:00,0,0.0,0.0,JC055,McGinley Square,22,2026-07-27,1,30,2026-07-26,-1.0,17,in_bounds
2026-07-27 01:45:00+00:00,0,0.0,0.0,JC055,McGinley Square,22,2026-07-27,1,45,2026-07-26,-1.0,17,in_bounds
2026-07-27 02:00:00+00:00,0,0.0,0.0,JC055,McGinley Square,22,2026-07-27,2,0,2026-07-26,-1.0,17,in_bounds
2026-07-27 02:15:00+00:00,0,0.0,0.0,JC055,McGinley Square,22,2026-07-27,2,15,2026-07-26,-1.0,17,in_bounds
2026-07-27 02:30:00+00:00,0,0.0,0.0,JC055,McGinley Square,22,2026-07-27,2,30,2026-07-26,-1.0,17,in_bounds
2026-07-27 02:45:00+00:00,1,0.0,-1.0,JC055,McGinley Square,22,2026-07-27,2,45,2026-07-26,-2.0,17,in_bounds
2026-07-27 03:00:00+00:00,0,0.0,0.0,JC055,McGinley Square,22,2026-07-27,3,0,2026-07-26,-2.0,17,in_bounds
2026-07-27 03:15:00+00:00,0,0.0,0.0,JC055,McGinley Square,22,2026-07-27,3,15,2026-07-26,-2.0,17,in_bounds
2026-07-27 03:30:00+00:00,0,0.0,0.0,JC055,McGinley Square,22,2026-07-27,3,30,2026-07-26,-2.0,17,in_bounds
2026-07-27 03:45:00+00:00,0,0.0,0.0,JC055,McGinley Square,22,2026-07-27,3,45,2026-07-26,-2.0,17,in_bounds
2026-07-27 04:00:00+00:00,0,0.0,0.0,JC055,McGinley Square,22,2026-07-27,4,0,2026-07-26,-2.0,17,in_bounds
2026-07-27 04:15:00+00:00,0,0.0,0.0,JC055,McGinley Square,22,2026-07-27,4,15,2026-07-26,-2.0,17,in_bounds
2026-07-27 04:30:00+00:00,0,0.0,0.0,JC055,McGinley Square,22,2026-07-27,4,30,2026-07-26,-2.0,17,in_bounds
2026-07-27 04:45:00+00:00,0,0.0,0.0,JC055,McGinley Square,22,2026-07-27,4,45,2026-07-26,-2.0,17,in_bounds
2026-07-27 05:00:00+00:00,0,0.0,0.0,JC055,McGinley Square,22,2026-07-27,5,0,2026-07-27,0.0,17,in_bounds
2026-07-27 05:15:00+00:00,0,0.0,0.0,JC055,McGinley Square,22,2026-07-27,5,15,2026-07-27,0.0,17,in_bounds
2026-07-27 05:30:00+00:00,0,0.0,0.0,JC055,McGinley Square,22,2026-07-27,5,30,2026-07-27,0.0,17,in_bounds
2026-07-27 05:45:00+00:00,0,0.0,0.0,JC055,McGinley Square,22,2026-07-27,5,45,2026-07-27,0.0,17,in_bounds
2026-07-27 06:00:00+00:00,0,0.0,0.0,JC055,McGinley Square,22,2026-07-27,6,0,2026-07-27,0.0,17,in_bounds
2026-07-27 06:15:00+00:00,0,0.0,0.0,JC055,McGinley Square,22,2026-07-27,6,15,2026-07-27,0.0,17,in_bounds
2026-07-27 06:30:00+00:00,0,0.0,0.0,JC055,McGinley Square,22,2026-07-27,6,30,2026-07-27,0.0,17,in_bounds
2026-07-27 06:45:00+00:00,0,0.0,0.0,JC055,McGinley Square,22,2026-07-27,6,45,2026-07-27,0.0,17,in_bounds
2026-07-27 07:00:00+00:00,0,0.0,0.0,JC055,McGinley Square,22,2026-07-27,7,0,2026-07-27,0.0,17,in_bounds
2026-07-27 07:15:00+00:00,1,0.0,-1.0,JC055,McGinley Square,22,2026-07-27,7,15,2026-07-27,-1.0,17,in_bounds
2026-07-27 07:30:00+00:00,0,0.0,0.0,JC055,McGinley Square,22,2026-07-27,7,30,2026-07-27,-1.0,17,in_bounds
2026-07-27 07:45:00+00:00,1,1.0,0.0,JC055,McGinley Square,22,2026-07-27,7,45,2026-07-27,-1.0,17,in_bounds
2026-07-27 08:00:00+00:00,0,0.0,0.0,JC055,McGinley Square,22,2026-07-27,8,0,2026-07-27,-1.0,17,in_bounds
2026-07-27 08:15:00+00:00,0,0.0,0.0,JC055,McGinley Square,22,2026-07-27,8,15,2026-07-27,-1.0,17,in_bounds
2026-07-27 08:30:00+00:00,0,0.0,0.0,JC055,McGinley Square,22,2026-07-27,8,30,2026-07-27,-1.0,17,in_bounds
2026-07-27 08:45:00+00:00,0,1.0,1.0,JC055,McGinley Square,22,2026-07-27,8,45,2026-07-27,0.0,17,in_bounds
2026-07-27 09:00:00+00:00,0,0.0,0.0,JC055,McGinley Square,22,2026-07-27,9,0,2026-07-27,0.0,17,in_bounds
2026-07-27 09:15:00+00:00,0,0.0,0.0,JC055,McGinley Square,22,2026-07-27,9,15,2026-07-27,0.0,17,in_bounds
2026-07-27 09:30:00+00:00,0,0.0,0.0,JC055,McGinley Square,22,2026-07-27,9,30,2026-07-27,0.0,17,in_bounds
2026-07-27 09:45:00+00:00,0,0.0,0.0,JC055,McGinley Square,22,2026-07-27,9,45,2026-07-27,0.0,17,in_bounds
2026-07-27 10:00:00+00:00,0,0.0,0.0,JC055,McGinley Square,22,2026-07-27,10,0,2026-07-27,0.0,17,in_bounds
2026-07-27 10:15:00+00:00,0,1.0,1.0,JC055,McGinley Square,22,2026-07-27,10,15,2026-07-27,1.0,17,in_bounds
2026-07-27 10:30:00+00:00,1,3.0,2.0,JC055,McGinley Square,22,2026-07-27,10,30,2026-07-27,3.0,17,in_bounds
2026-07-27 10:45:00+00:00,1,1.0,0.0,JC055,McGinley Square,22,2026-07-27,10,45,2026-07-27,3.0,17,in_bounds
2026-07-27 11:00:00+00:00,1,0.0,-1.0,JC055,McGinley Square,22,2026-07-27,11,0,2026-07-27,2.0,17,in_bounds
2026-07-27 11:15:00+00:00,1,0.0,-1.0,JC055,McGinley Square,22,2026-07-27,11,15,2026-07-27,1.0,17,in_bounds
2026-07-27 11:30:00+00:00,0,1.0,1.0,JC055,McGinley Square,22,2026-07-27,11,30,2026-07-27,2.0,17,in_bounds
2026-07-27 11:45:00+00:00,0,0.0,0.0,JC055,McGinley Square,22,2026-07-27,11,45,2026-07-27,2.0,17,in_bounds
2026-07-27 12:00:00+00:00,1,0.0,-1.0,JC055,McGinley Square,22,2026-07-27,12,0,2026-07-27,1.0,17,in_bounds
2026-07-27 12:15:00+00:00,1,0.0,-1.0,JC055,McGinley Square,22,2026-07-27,12,15,2026-07-27,0.0,17,in_bounds
2026-07-27 12:30:00+00:00,0,1.0,1.0,JC055,McGinley Square,22,2026-07-27,12,30,2026-07-27,1.0,17,in_bounds
2026-07-27 12:45:00+00:00,1,0.0,-1.0,JC055,McGinley Square,22,2026-07-27,12,45,2026-07-27,0.0,17,in_bounds
2026-07-27 13:00:00+00:00,0,0.0,0.0,JC055,McGinley Square,22,2026-07-27,13,0,2026-07-27,0.0,17,in_bounds
2026-07-27 13:15:00+00:00,0,0.0,0.0,JC055,McGinley Square,22,2026-07-27,13,15,2026-07-27,0.0,17,in_bounds
2026-07-27 13:30:00+00:00,0,0.0,0.0,JC055,McGinley Square,22,2026-07-27,13,30,2026-07-27,0.0,17,in_bounds
2026-07-27 13:45:00+00:00,0,0.0,0.0,JC055,McGinley Square,22,2026-07-27,13,45,2026-07-27,0.0,17,in_bounds
2026-07-27 14:00:00+00:00,3,0.0,-3.0,JC055,McGinley Square,22,2026-07-27,14,0,2026-07-27,-3.0,17,in_bounds
2026-07-27 14:15:00+00:00,0,1.0,1.0,JC055,McGinley Square,22,2026-07-27,14,15,2026-07-27,-2.0,17,in_bounds
2026-07-27 14:30:00+00:00,0,0.0,0.0,JC055,McGinley Square,22,2026-07-27,14,30,2026-07-27,-2.0,17,in_bounds
2026-07-27 14:45:00+00:00,1,0.0,-1.0,JC055,McGinley Square,22,2026-07-27,14,45,2026-07-27,-3.0,17,in_bounds
2026-07-27 15:00:00+00:00,0,0.0,0.0,JC055,McGinley Square,22,2026-07-27,15,0,2026-07-27,-3.0,17,in_bounds
2026-07-27 15:15:00+00:00,1,1.0,0.0,JC055,McGinley Square,22,2026-07-27,15,15,2026-07-27,-3.0,17,in_bounds
2026-07-27 15:30:00+00:00,0,1.0,1.0,JC055,McGinley Square,22,2026-07-27,15,30,2026-07-27,-2.0,17,in_bounds
2026-07-27 15:45:00+00:00,3,0.0,-3.0,JC055,McGinley Square,22,2026-07-27,15,45,2026-07-27,-5.0,17,in_bounds
2026-07-27 16:00:00+00:00,1,2.0,1.0,JC055,McGinley Square,22,2026-07-27,16,0,2026-07-27,-4.0,17,in_bounds
2026-07-27 16:15:00+00:00,0,0.0,0.0,JC055,McGinley Square,22,2026-07-27,16,15,2026-07-27,-4.0,17,in_bounds
2026-07-27 16:30:00+00:00,0,1.0,1.0,JC055,McGinley Square,22,2026-07-27,16,30,2026-07-27,-3.0,17,in_bounds
2026-07-27 16:45:00+00:00,1,0.0,-1.0,JC055,McGinley Square,22,2026-07-27,16,45,2026-07-27,-4.0,17,in_bounds
2026-07-27 17:00:00+00:00,4,1.0,-3.0,JC055,McGinley Square,22,2026-07-27,17,0,2026-07-27,-7.0,17,in_bounds
2026-07-27 17:15:00+00:00,1,1.0,0.0,JC055,McGinley Square,22,2026-07-27,17,15,2026-07-27,-7.0,17,in_bounds
2026-07-27 17:30:00+00:00,0,0.0,0.0,JC055,McGinley Square,22,2026-07-27,17,30,2026-07-27,-7.0,17,in_bounds
2026-07-27 17:45:00+00:00,2,1.0,-1.0,JC055,McGinley Square,22,2026-07-27,17,45,2026-07-27,-8.0,17,in_bounds
2026-07-27 18:00:00+00:00,1,1.0,0.0,JC055,McGinley Square,22,2026-07-27,18,0,2026-07-27,-8.0,17,in_bounds
2026-07-27 18:15:00+00:00,0,1.0,1.0,JC055,McGinley Square,22,2026-07-27,18,15,2026-07-27,-7.0,17,in_bounds
2026-07-27 18:30:00+00:00,4,1.0,-3.0,JC055,McGinley Square,22,2026-07-27,18,30,2026-07-27,-10.0,17,in_bounds
2026-07-27 18:45:00+00:00,1,0.0,-1.0,JC055,McGinley Square,22,2026-07-27,18,45,2026-07-27,-11.0,17,in_bounds
2026-07-27 19:00:00+00:00,1,1.0,0.0,JC055,McGinley Square,22,2026-07-27,19,0,2026-07-27,-11.0,17,in_bounds
2026-07-27 19:15:00+00:00,0,0.0,0.0,JC055,McGinley Square,22,2026-07-27,19,15,2026-07-27,-11.0,17,in_bounds
2026-07-27 19:30:00+00:00,0,1.0,1.0,JC055,McGinley Square,22,2026-07-27,19,30,2026-07-27,-10.0,17,in_bounds
2026-07-27 19:45:00+00:00,1,1.0,0.0,JC055,McGinley Square,22,2026-07-27,19,45,2026-07-27,-10.0,17,in_bounds
2026-07-27 20:00:00+00:00,0,0.0,0.0,JC055,McGinley Square,22,2026-07-27,20,0,2026-07-27,-10.0,17,in_bounds
2026-07-27 20:15:00+00:00,0,0.0,0.0,JC055,McGinley Square,22,2026-07-27,20,15,2026-07-27,-10.0,17,in_bounds
2026-07-27 20:30:00+00:00,1,1.0,0.0,JC055,McGinley Square,22,2026-07-27,20,30,2026-07-27,-10.0,17,in_bounds
2026-07-27 20:45:00+00:00,0,2.0,2.0,JC055,McGinley Square,22,2026-07-27,20,45,2026-07-27,-8.0,17,in_bounds
2026-07-27 21:00:00+00:00,0,0.0,0.0,JC055,McGinley Square,22,2026-07-27,21,0,2026-07-27,-8.0,17,in_bounds
2026-07-27 21:15:00+00:00,0,0.0,0.0,JC055,McGinley Square,22,2026-07-27,21,15,2026-07-27,-8.0,17,in_bounds
2026-07-27 21:30:00+00:00,0,1.0,1.0,JC055,McGinley Square,22,2026-07-27,21,30,2026-07-27,-7.0,17,in_bounds
2026-07-27 21:45:00+00:00,0,0.0,0.0,JC055,McGinley Square,22,2026-07-27,21,45,2026-07-27,-7.0,17,in_bounds
2026-07-27 22:00:00+00:00,0,0.0,0.0,JC055,McGinley Square,22,2026-07-27,22,0,2026-07-27,-7.0,17,in_bounds
2026-07-27 22:15:00+00:00,1,0.0,-1.0,JC055,McGinley Square,22,2026-07-27,22,15,2026-07-27,-8.0,17,in_bounds
2026-07-27 22:30:00+00:00,0,0.0,0.0,JC055,McGinley Square,22,2026-07-27,22,30,2026-07-27,-8.0,17,in_bounds
2026-07-27 22:45:00+00:00,0,0.0,0.0,JC055,McGinley Square,22,2026-07-27,22,45,2026-07-27,-8.0,17,in_bounds
2026-07-27 23:00:00+00:00,2,0.0,-2.0,JC055,McGinley Square,22,2026-07-27,23,0,2026-07-27,-10.0,17,in_bounds
2026-07-27 23:15:00+00:00,4,3.0,-1.0,JC055,McGinley Square,22,2026-07-27,23,15,2026-07-27,-11.0,17,in_bounds
2026-07-27 23:30:00+00:00,2,0.0,-2.0,JC055,McGinley Square,22,2026-07-27,23,30,2026-07-27,-13.0,17,in_bounds
2026-07-27 23:45:00+00:00,0,0.0,0.0,JC055,McGinley Square,22,2026-07-27,23,45,2026-07-27,-13.0,17,in_bounds
2026-07-28 00:00:00+00:00,0,0.0,0.0,JC055,McGinley Square,22,2026-07-28,0,0,2026-07-27,-13.0,17,in_bounds
2026-07-28 00:15:00+00:00,2,2.0,0.0,JC055,McGinley Square,22,2026-07-28,0,15,2026-07-27,-13.0,17,in_bounds
2026-07-28 00:30:00+00:00,0,0.0,0.0,JC055,McGinley Square,22,2026-07-28,0,30,2026-07-27,-13.0,17,in_bounds
2026-07-28 00:45:00+00:00,0,1.0,1.0,JC055,McGinley Square,22,2026-07-28,0,45,2026-07-27,-12.0,17,in_bounds
2026-07-28 01:00:00+00:00,0,0.0,0.0,JC055,McGinley Square,22,2026-07-28,1,0,2026-07-27,-12.0,17,in_bounds
2026-07-28 01:15:00+00:00,0,0.0,0.0,JC055,McGinley Square,22,2026-07-28,1,15,2026-07-27,-12.0,17,in_bounds
2026-07-28 01:30:00+00:00,0,0.0,0.0,JC055,McGinley Square,22,2026-07-28,1,30,2026-07-27,-12.0,17,in_bounds
2026-07-28 01:45:00+00:00,1,0.0,-1.0,JC055,McGinley Square,22,2026-07-28,1,45,2026-07-27,-13.0,17,in_bounds
2026-07-28 02:00:00+00:00,0,0.0,0.0,JC055,McGinley Square,22,2026-07-28,2,0,2026-07-27,-13.0,17,in_bounds
2026-07-28 02:15:00+00:00,0,0.0,0.0,JC055,McGinley Square,22,2026-07-28,2,15,2026-07-27,-13.0,17,in_bounds
2026-07-28 02:30:00+00:00,0,0.0,0.0,JC055,McGinley Square,22,2026-07-28,2,30,2026-07-27,-13.0,17,in_bounds
2026-07-28 02:45:00+00:00,0,0.0,0.0,JC055,McGinley Square,22,2026-07-28,2,45,2026-07-27,-13.0,17,in_bounds
2026-07-28 03:00:00+00:00,0,0.0,0.0,JC055,McGinley Square,22,2026-07-28,3,0,2026-07-27,-13.0,17,in_bounds
2026-07-28 03:15:00+00:00,0,0.0,0.0,JC055,McGinley Square,22,2026-07-28,3,15,2026-07-27,-13.0,17,in_bounds
2026-07-28 03:30:00+00:00,0,0.0,0.0,JC055,McGinley Square,22,2026-07-28,3,30,2026-07-27,-13.0,17,in_bounds
2026-07-28 03:45:00+00:00,0,0.0,0.0,JC055,McGinley Square,22,2026-07-28,3,45,2026-07-27,-13.0,17,in_bounds
2026-07-28 04:00:00+00:00,0,0.0,0.0,JC055,McGinley Square,22,2026-07-28,4,0,2026-07-27,-13.0,17,in_bounds
2026-07-28 04:15:00+00:00,0,0.0,0.0,JC055,McGinley Square,22,2026-07-28,4,15,2026-07-27,-13.0,17,in_bounds
2026-07-28 04:30:00+00:00,0,0.0,0.0,JC055,McGinley Square,22,2026-07-28,4,30,2026-07-27,-13.0,17,in_bounds
2026-07-28 04:45:00+00:00,0,0.0,0.0,JC055,McGinley Square,22,2026-07-28,4,45,2026-07-27,-13.0,17,in_bounds
2026-07-28 05:00:00+00:00,0,0.0,0.0,JC055,McGinley Square,22,2026-07-28,5,0,2026-07-28,0.0,17,in_bounds
2026-07-28 05:15:00+00:00,0,0.0,0.0,JC055,McGinley Square,22,2026-07-28,5,15,2026-07-28,0.0,17,in_bounds
2026-07-28 05:30:00+00:00,0,0.0,0.0,JC055,McGinley Square,22,2026-07-28,5,30,2026-07-28,0.0,17,in_bounds
2026-07-28 05:45:00+00:00,0,0.0,0.0,JC055,McGinley Square,22,2026-07-28,5,45,2026-07-28,0.0,17,in_bounds
2026-07-28 06:00:00+00:00,0,0.0,0.0,JC055,McGinley Square,22,2026-07-28,6,0,2026-07-28,0.0,17,in_bounds
2026-07-28 06:15:00+00:00,0,0.0,0.0,JC055,McGinley Square,22,2026-07-28,6,15,2026-07-28,0.0,17,in_bounds
2026-07-28 06:30:00+00:00,0,0.0,0.0,JC055,McGinley Square,22,2026-07-28,6,30,2026-07-28,0.0,17,in_bounds
2026-07-28 06:45:00+00:00,0,0.0,0.0,JC055,McGinley Square,22,2026-07-28,6,45,2026-07-28,0.0,17,in_bounds
2026-07-28 07:00:00+00:00,1,0.0,-1.0,JC055,McGinley Square,22,2026-07-28,7,0,2026-07-28,-1.0,17,in_bounds
2026-07-28 07:15:00+00:00,4,0.0,-4.0,JC055,McGinley Square,22,2026-07-28,7,15,2026-07-28,-5.0,17,in_bounds
2026-07-28 07:30:00+00:00,1,1.0,0.0,JC055,McGinley Square,22,2026-07-28,7,30,2026-07-28,-5.0,17,in_bounds
2026-07-28 07:45:00+00:00,1,0.0,-1.0,JC055,McGinley Square,22,2026-07-28,7,45,2026-07-28,-6.0,17,in_bounds
2026-07-28 08:00:00+00:00,0,0.0,0.0,JC055,McGinley Square,22,2026-07-28,8,0,2026-07-28,-6.0,17,in_bounds
2026-07-28 08:15:00+00:00,0,1.0,1.0,JC055,McGinley Square,22,2026-07-28,8,15,2026-07-28,-5.0,17,in_bounds
2026-07-28 08:30:00+00:00,1,1.0,0.0,JC055,McGinley Square,22,2026-07-28,8,30,2026-07-28,-5.0,17,in_bounds
2026-07-28 08:45:00+00:00,1,0.0,-1.0,JC055,McGinley Square,22,2026-07-28,8,45,2026-07-28,-6.0,17,in_bounds
2026-07-28 09:00:00+00:00,0,0.0,0.0,JC055,McGinley Square,22,2026-07-28,9,0,2026-07-28,-6.0,17,in_bounds
2026-07-28 09:15:00+00:00,0,0.0,0.0,JC055,McGinley Square,22,2026-07-28,9,15,2026-07-28,-6.0,17,in_bounds
2026-07-28 09:30:00+00:00,0,0.0,0.0,JC055,McGinley Square,22,2026-07-28,9,30,2026-07-28,-6.0,17,in_bounds
2026-07-28 09:45:00+00:00,0,0.0,0.0,JC055,McGinley Square,22,2026-07-28,9,45,2026-07-28,-6.0,17,in_bounds
2026-07-28 10:00:00+00:00,0,0.0,0.0,JC055,McGinley Square,22,2026-07-28,10,0,2026-07-28,-6.0,17,in_bounds
2026-07-28 10:15:00+00:00,0,0.0,0.0,JC055,McGinley Square,22,2026-07-28,10,15,2026-07-28,-6.0,17,in_bounds
2026-07-28 10:30:00+00:00,0,0.0,0.0,JC055,McGinley Square,22,2026-07-28,10,30,2026-07-28,-6.0,17,in_bounds
2026-07-28 10:45:00+00:00,0,0.0,0.0,JC055,McGinley Square,22,2026-07-28,10,45,2026-07-28,-6.0,17,in_bounds
2026-07-28 11:00:00+00:00,0,0.0,0.0,JC055,McGinley Square,22,2026-07-28,11,0,2026-07-28,-6.0,17,in_bounds
2026-07-28 11:15:00+00:00,0,0.0,0.0,JC055,McGinley Square,22,2026-07-28,11,15,2026-07-28,-6.0,17,in_bounds
2026-07-28 11:30:00+00:00,0,0.0,0.0,JC055,McGinley Square,22,2026-07-28,11,30,2026-07-28,-6.0,17,in_bounds
2026-07-28 11:45:00+00:00,0,0.0,0.0,JC055,McGinley Square,22,2026-07-28,11,45,2026-07-28,-6.0,17,in_bounds
2026-07-28 12:00:00+00:00,0,1.0,1.0,JC055,McGinley Square,22,2026-07-28,12,0,2026-07-28,-5.0,17,in_bounds
2026-07-28 12:15:00+00:00,1,0.0,-1.0,JC055,McGinley Square,22,2026-07-28,12,15,2026-07-28,-6.0,17,in_bounds
2026-07-28 12:30:00+00:00,0,0.0,0.0,JC055,McGinley Square,22,2026-07-28,12,30,2026-07-28,-6.0,17,in_bounds
2026-07-28 12:45:00+00:00,0,1.0,1.0,JC055,McGinley Square,22,2026-07-28,12,45,2026-07-28,-5.0,17,in_bounds
2026-07-28 13:00:00+00:00,0,1.0,1.0,JC055,McGinley Square,22,2026-07-28,13,0,2026-07-28,-4.0,17,in_bounds
2026-07-28 13:15:00+00:00,1,0.0,-1.0,JC055,McGinley Square,22,2026-07-28,13,15,2026-07-28,-5.0,17,in_bounds
2026-07-28 13:30:00+00:00,1,0.0,-1.0,JC055,McGinley Square,22,2026-07-28,13,30,2026-07-28,-6.0,17,in_bounds
2026-07-28 13:45:00+00:00,0,2.0,2.0,JC055,McGinley Square,22,2026-07-28,13,45,2026-07-28,-4.0,17,in_bounds
2026-07-28 14:00:00+00:00,0,0.0,0.0,JC055,McGinley Square,22,2026-07-28,14,0,2026-07-28,-4.0,17,in_bounds
2026-07-28 14:15:00+00:00,0,0.0,0.0,JC055,McGinley Square,22,2026-07-28,14,15,2026-07-28,-4.0,17,in_bounds
2026-07-28 14:30:00+00:00,2,0.0,-2.0,JC055,McGinley Square,22,2026-07-28,14,30,2026-07-28,-6.0,17,in_bounds
2026-07-28 14:45:00+00:00,0,1.0,1.0,JC055,McGinley Square,22,2026-07-28,14,45,2026-07-28,-5.0,17,in_bounds
2026-07-28 15:00:00+00:00,0,0.0,0.0,JC055,McGinley Square,22,2026-07-28,15,0,2026-07-28,-5.0,17,in_bounds
2026-07-28 15:15:00+00:00,0,1.0,1.0,JC055,McGinley Square,22,2026-07-28,15,15,2026-07-28,-4.0,17,in_bounds
2026-07-28 15:30:00+00:00,0,1.0,1.0,JC055,McGinley Square,22,2026-07-28,15,30,2026-07-28,-3.0,17,in_bounds
2026-07-28 15:45:00+00:00,0,0.0,0.0,JC055,McGinley Square,22,2026-07-28,15,45,2026-07-28,-3.0,17,in_bounds
2026-07-28 16:00:00+00:00,0,0.0,0.0,JC055,McGinley Square,22,2026-07-28,16,0,2026-07-28,-3.0,17,in_bounds
2026-07-28 16:15:00+00:00,1,0.0,-1.0,JC055,McGinley Square,22,2026-07-28,16,15,2026-07-28,-4.0,17,in_bounds
2026-07-28 16:30:00+00:00,0,0.0,0.0,JC055,McGinley Square,22,2026-07-28,16,30,2026-07-28,-4.0,17,in_bounds
2026-07-28 16:45:00+00:00,1,1.0,0.0,JC055,McGinley Square,22,2026-07-28,16,45,2026-07-28,-4.0,17,in_bounds
2026-07-28 17:00:00+00:00,0,0.0,0.0,JC055,McGinley Square,22,2026-07-28,17,0,2026-07-28,-4.0,17,in_bounds
2026-07-28 17:15:00+00:00,0,0.0,0.0,JC055,McGinley Square,22,2026-07-28,17,15,2026-07-28,-4.0,17,in_bounds
2026-07-28 17:30:00+00:00,0,1.0,1.0,JC055,McGinley Square,22,2026-07-28,17,30,2026-07-28,-3.0,17,in_bounds
2026-07-28 17:45:00+00:00,0,1.0,1.0,JC055,McGinley Square,22,2026-07-28,17,45,2026-07-28,-2.0,17,in_bounds
2026-07-28 18:00:00+00:00,1,3.0,2.0,JC055,McGinley Square,22,2026-07-28,18,0,2026-07-28,0.0,17,in_bounds
2026-07-28 18:15:00+00:00,0,2.0,2.0,JC055,McGinley Square,22,2026-07-28,18,15,2026-07-28,2.0,17,in_bounds
2026-07-28 18:30:00+00:00,1,0.0,-1.0,JC055,McGinley Square,22,2026-07-28,18,30,2026-07-28,1.0,17,in_bounds
2026-07-28 18:45:00+00:00,0,1.0,1.0,JC055,McGinley Square,22,2026-07-28,18,45,2026-07-28,2.0,17,in_bounds
2026-07-28 19:00:00+00:00,0,0.0,0.0,JC055,McGinley Square,22,2026-07-28,19,0,2026-07-28,2.0,17,in_bounds
2026-07-28 19:15:00+00:00,0,0.0,0.0,JC055,McGinley Square,22,2026-07-28,19,15,2026-07-28,2.0,17,in_bounds
2026-07-28 19:30:00+00:00,1,0.0,-1.0,JC055,McGinley Square,22,2026-07-28,19,30,2026-07-28,1.0,17,in_bounds
2026-07-28 19:45:00+00:00,2,0.0,-2.0,JC055,McGinley Square,22,2026-07-28,19,45,2026-07-28,-1.0,17,in_bounds
2026-07-28 20:00:00+00:00,0,1.0,1.0,JC055,McGinley Square,22,2026-07-28,20,0,2026-07-28,0.0,17,in_bounds
2026-07-28 20:15:00+00:00,0,0.0,0.0,JC055,McGinley Square,22,2026-07-28,20,15,2026-07-28,0.0,17,in_bounds
2026-07-28 20:30:00+00:00,1,0.0,-1.0,JC055,McGinley Square,22,2026-07-28,20,30,2026-07-28,-1.0,17,in_bounds
2026-07-28 20:45:00+00:00,0,0.0,0.0,JC055,McGinley Square,22,2026-07-28,20,45,2026-07-28,-1.0,17,in_bounds
2026-07-28 21:00:00+00:00,0,0.0,0.0,JC055,McGinley Square,22,2026-07-28,21,0,2026-07-28,-1.0,17,in_bounds
2026-07-28 21:15:00+00:00,0,0.0,0.0,JC055,McGinley Square,22,2026-07-28,21,15,2026-07-28,-1.0,17,in_bounds
2026-07-28 21:30:00+00:00,0,1.0,1.0,JC055,McGinley Square,22,2026-07-28,21,30,2026-07-28,0.0,17,in_bounds
2026-07-28 21:45:00+00:00,0,0.0,0.0,JC055,McGinley Square,22,2026-07-28,21,45,2026-07-28,0.0,17,in_bounds
2026-07-28 22:00:00+00:00,0,0.0,0.0,JC055,McGinley Square,22,2026-07-28,22,0,2026-07-28,0.0,17,in_bounds
2026-07-28 22:15:00+00:00,1,0.0,-1.0,JC055,McGinley Square,22,2026-07-28,22,15,2026-07-28,-1.0,17,in_bounds
2026-07-28 22:30:00+00:00,0,0.0,0.0,JC055,McGinley Square,22,2026-07-28,22,30,2026-07-28,-1.0,17,in_bounds
2026-07-28 22:45:00+00:00,0,0.0,0.0,JC055,McGinley Square,22,2026-07-28,22,45,2026-07-28,-1.0,17,in_bounds
2026-07-28 23:00:00+00:00,0,0.0,0.0,JC055,McGinley Square,22,2026-07-28,23,0,2026-07-28,-1.0,17,in_bounds
2026-07-28 23:15:00+00:00,0,0.0,0.0,JC055,McGinley Square,22,2026-07-28,23,15,2026-07-28,-1.0,17,in_bounds
2026-07-28 23:30:00+00:00,0,0.0,0.0,JC055,McGinley Square,22,2026-07-28,23,30,2026-07-28,-1.0,17,in_bounds
2026-07-28 23:45:00+00:00,0,0.0,0.0,JC055,McGinley Square,22,2026-07-28,23,45,2026-07-28,-1.0,17,in_bounds
2026-07-29 00:00:00+00:00,0,0.0,0.0,JC055,McGinley Square,22,2026-07-29,0,0,2026-07-28,-1.0,17,in_bounds
2026-07-29 00:15:00+00:00,0,0.0,0.0,JC055,McGinley Square,22,2026-07-29,0,15,2026-07-28,-1.0,17,in_bounds
2026-07-29 00:30:00+00:00,0,0.0,0.0,JC055,McGinley Square,22,2026-07-29,0,30,2026-07-28,-1.0,17,in_bounds
2026-07-29 00:45:00+00:00,0,0.0,0.0,JC055,McGinley Square,22,2026-07-29,0,45,2026-07-28,-1.0,17,in_bounds
2026-07-29 01:00:00+00:00,0,0.0,0.0,JC055,McGinley Square,22,2026-07-29,1,0,2026-07-28,-1.0,17,in_bounds
2026-07-29 01:15:00+00:00,0,0.0,0.0,JC055,McGinley Square,22,2026-07-29,1,15,2026-07-28,-1.0,17,in_bounds
2026-07-29 01:30:00+00:00,0,0.0,0.0,JC055,McGinley Square,22,2026-07-29,1,30,2026-07-28,-1.0,17,in_bounds
2026-07-29 01:45:00+00:00,0,0.0,0.0,JC055,McGinley Square,22,2026-07-29,1,45,2026-07-28,-1.0,17,in_bounds
2026-07-29 02:00:00+00:00,0,0.0,0.0,JC055,McGinley Square,22,2026-07-29,2,0,2026-07-28,-1.0,17,in_bounds
2026-07-29 02:15:00+00:00,0,0.0,0.0,JC055,McGinley Square,22,2026-07-29,2,15,2026-07-28,-1.0,17,in_bounds
2026-07-29 02:30:00+00:00,0,0.0,0.0,JC055,McGinley Square,22,2026-07-29,2,30,2026-07-28,-1.0,17,in_bounds
2026-07-29 02:45:00+00:00,0,0.0,0.0,JC055,McGinley Square,22,2026-07-29,2,45,2026-07-28,-1.0,17,in_bounds
2026-07-29 03:00:00+00:00,0,0.0,0.0,JC055,McGinley Square,22,2026-07-29,3,0,2026-07-28,-1.0,17,in_bounds
2026-07-29 03:15:00+00:00,0,0.0,0.0,JC055,McGinley Square,22,2026-07-29,3,15,2026-07-28,-1.0,17,in_bounds
2026-07-29 03:30:00+00:00,0,0.0,0.0,JC055,McGinley Square,22,2026-07-29,3,30,2026-07-28,-1.0,17,in_bounds
2026-07-29 03:45:00+00:00,0,0.0,0.0,JC055,McGinley Square,22,2026-07-29,3,45,2026-07-28,-1.0,17,in_bounds
2026-07-29 04:00:00+00:00,0,0.0,0.0,JC055,McGinley Square,22,2026-07-29,4,0,2026-07-28,-1.0,17,in_bounds
2026-07-29 04:15:00+00:00,0,0.0,0.0,JC055,McGinley Square,22,2026-07-29,4,15,2026-07-28,-1.0,17,in_bounds
2026-07-29 04:30:00+00:00,0,0.0,0.0,JC055,McGinley Square,22,2026-07-29,4,30,2026-07-28,-1.0,17,in_bounds
2026-07-29 04:45:00+00:00,0,0.0,0.0,JC055,McGinley Square,22,2026-07-29,4,45,2026-07-28,-1.0,17,in_bounds
2026-07-29 05:00:00+00:00,0,0.0,0.0,JC055,McGinley Square,22,2026-07-29,5,0,2026-07-29,0.0,17,in_bounds
2026-07-29 05:15:00+00:00,0,0.0,0.0,JC055,McGinley Square,22,2026-07-29,5,15,2026-07-29,0.0,17,in_bounds
2026-07-29 05:30:00+00:00,0,0.0,0.0,JC055,McGinley Square,22,2026-07-29,5,30,2026-07-29,0.0,17,in_bounds
2026-07-29 05:45:00+00:00,0,0.0,0.0,JC055,McGinley Square,22,2026-07-29,5,45,2026-07-29,0.0,17,in_bounds
2026-07-29 06:00:00+00:00,0,0.0,0.0,JC055,McGinley Square,22,2026-07-29,6,0,2026-07-29,0.0,17,in_bounds
2026-07-29 06:15:00+00:00,0,0.0,0.0,JC055,McGinley Square,22,2026-07-29,6,15,2026-07-29,0.0,17,in_bounds
2026-07-29 06:30:00+00:00,0,0.0,0.0,JC055,McGinley Square,22,2026-07-29,6,30,2026-07-29,0.0,17,in_bounds
2026-07-29 06:45:00+00:00,0,0.0,0.0,JC055,McGinley Square,22,2026-07-29,6,45,2026-07-29,0.0,17,in_bounds
2026-07-29 07:00:00+00:00,1,0.0,-1.0,JC055,McGinley Square,22,2026-07-29,7,0,2026-07-29,-1.0,17,in_bounds
2026-07-29 07:15:00+00:00,2,0.0,-2.0,JC055,McGinley Square,22,2026-07-29,7,15,2026-07-29,-3.0,17,in_bounds
2026-07-29 07:30:00+00:00,1,0.0,-1.0,JC055,McGinley Square,22,2026-07-29,7,30,2026-07-29,-4.0,17,in_bounds
2026-07-29 07:45:00+00:00,3,0.0,-3.0,JC055,McGinley Square,22,2026-07-29,7,45,2026-07-29,-7.0,17,in_bounds
2026-07-29 08:00:00+00:00,5,0.0,-5.0,JC055,McGinley Square,22,2026-07-29,8,0,2026-07-29,-12.0,17,in_bounds
2026-07-29 08:15:00+00:00,1,0.0,-1.0,JC055,McGinley Square,22,2026-07-29,8,15,2026-07-29,-13.0,17,in_bounds
2026-07-29 08:30:00+00:00,1,1.0,0.0,JC055,McGinley Square,22,2026-07-29,8,30,2026-07-29,-13.0,17,in_bounds
2026-07-29 08:45:00+00:00,0,0.0,0.0,JC055,McGinley Square,22,2026-07-29,8,45,2026-07-29,-13.0,17,in_bounds
2026-07-29 09:00:00+00:00,0,0.0,0.0,JC055,McGinley Square,22,2026-07-29,9,0,2026-07-29,-13.0,17,in_bounds
2026-07-29 09:15:00+00:00,0,0.0,0.0,JC055,McGinley Square,22,2026-07-29,9,15,2026-07-29,-13.0,17,in_bounds
2026-07-29 09:30:00+00:00,0,0.0,0.0,JC055,McGinley Square,22,2026-07-29,9,30,2026-07-29,-13.0,17,in_bounds
2026-07-29 09:45:00+00:00,0,0.0,0.0,JC055,McGinley Square,22,2026-07-29,9,45,2026-07-29,-13.0,17,in_bounds
2026-07-29 10:00:00+00:00,0,0.0,0.0,JC055,McGinley Square,22,2026-07-29,10,0,2026-07-29,-13.0,17,in_bounds
2026-07-29 10:15:00+00:00,1,0.0,-1.0,JC055,McGinley Square,22,2026-07-29,10,15,2026-07-29,-14.0,17,in_bounds
2026-07-29 10:30:00+00:00,0,0.0,0.0,JC055,McGinley Square,22,2026-07-29,10,30,2026-07-29,-14.0,17,in_bounds
2026-07-29 10:45:00+00:00,0,0.0,0.0,JC055,McGinley Square,22,2026-07-29,10,45,2026-07-29,-14.0,17,in_bounds
2026-07-29 11:00:00+00:00,0,0.0,0.0,JC055,McGinley Square,22,2026-07-29,11,0,2026-07-29,-14.0,17,in_bounds
2026-07-29 11:15:00+00:00,0,0.0,0.0,JC055,McGinley Square,22,2026-07-29,11,15,2026-07-29,-14.0,17,in_bounds
2026-07-29 11:30:00+00:00,0,1.0,1.0,JC055,McGinley Square,22,2026-07-29,11,30,2026-07-29,-13.0,17,in_bounds
2026-07-29 11:45:00+00:00,1,0.0,-1.0,JC055,McGinley Square,22,2026-07-29,11,45,2026-07-29,-14.0,17,in_bounds
2026-07-29 12:00:00+00:00,0,0.0,0.0,JC055,McGinley Square,22,2026-07-29,12,0,2026-07-29,-14.0,17,in_bounds
2026-07-29 12:15:00+00:00,1,0.0,-1.0,JC055,McGinley Square,22,2026-07-29,12,15,2026-07-29,-15.0,17,in_bounds
2026-07-29 12:30:00+00:00,0,0.0,0.0,JC055,McGinley Square,22,2026-07-29,12,30,2026-07-29,-15.0,17,in_bounds
2026-07-29 12:45:00+00:00,0,1.0,1.0,JC055,McGinley Square,22,2026-07-29,12,45,2026-07-29,-14.0,17,in_bounds
2026-07-29 13:00:00+00:00,1,1.0,0.0,JC055,McGinley Square,22,2026-07-29,13,0,2026-07-29,-14.0,17,in_bounds
2026-07-29 13:15:00+00:00,0,1.0,1.0,JC055,McGinley Square,22,2026-07-29,13,15,2026-07-29,-13.0,17,in_bounds
2026-07-29 13:30:00+00:00,0,0.0,0.0,JC055,McGinley Square,22,2026-07-29,13,30,2026-07-29,-13.0,17,in_bounds
2026-07-29 13:45:00+00:00,0,0.0,0.0,JC055,McGinley Square,22,2026-07-29,13,45,2026-07-29,-13.0,17,in_bounds
2026-07-29 14:00:00+00:00,1,1.0,0.0,JC055,McGinley Square,22,2026-07-29,14,0,2026-07-29,-13.0,17,in_bounds
2026-07-29 14:15:00+00:00,0,3.0,3.0,JC055,McGinley Square,22,2026-07-29,14,15,2026-07-29,-10.0,17,in_bounds
2026-07-29 14:30:00+00:00,0,0.0,0.0,JC055,McGinley Square,22,2026-07-29,14,30,2026-07-29,-10.0,17,in_bounds
2026-07-29 14:45:00+00:00,2,0.0,-2.0,JC055,McGinley Square,22,2026-07-29,14,45,2026-07-29,-12.0,17,in_bounds
2026-07-29 15:00:00+00:00,0,0.0,0.0,JC055,McGinley Square,22,2026-07-29,15,0,2026-07-29,-12.0,17,in_bounds
2026-07-29 15:15:00+00:00,2,1.0,-1.0,JC055,McGinley Square,22,2026-07-29,15,15,2026-07-29,-13.0,17,in_bounds
2026-07-29 15:30:00+00:00,0,1.0,1.0,JC055,McGinley Square,22,2026-07-29,15,30,2026-07-29,-12.0,17,in_bounds
2026-07-29 15:45:00+00:00,0,1.0,1.0,JC055,McGinley Square,22,2026-07-29,15,45,2026-07-29,-11.0,17,in_bounds
2026-07-29 16:00:00+00:00,0,1.0,1.0,JC055,McGinley Square,22,2026-07-29,16,0,2026-07-29,-10.0,17,in_bounds
2026-07-29 16:15:00+00:00,1,0.0,-1.0,JC055,McGinley Square,22,2026-07-29,16,15,2026-07-29,-11.0,17,in_bounds
2026-07-29 16:30:00+00:00,0,0.0,0.0,JC055,McGinley Square,22,2026-07-29,16,30,2026-07-29,-11.0,17,in_bounds
2026-07-29 16:45:00+00:00,1,0.0,-1.0,JC055,McGinley Square,22,2026-07-29,16,45,2026-07-29,-12.0,17,in_bounds
2026-07-29 17:00:00+00:00,0,1.0,1.0,JC055,McGinley Square,22,2026-07-29,17,0,2026-07-29,-11.0,17,in_bounds
2026-07-29 17:15:00+00:00,0,0.0,0.0,JC055,McGinley Square,22,2026-07-29,17,15,2026-07-29,-11.0,17,in_bounds
2026-07-29 17:30:00+00:00,0,1.0,1.0,JC055,McGinley Square,22,2026-07-29,17,30,2026-07-29,-10.0,17,in_bounds
2026-07-29 17:45:00+00:00,1,1.0,0.0,JC055,McGinley Square,22,2026-07-29,17,45,2026-07-29,-10.0,17,in_bounds
2026-07-29 18:00:00+00:00,0,1.0,1.0,JC055,McGinley Square,22,2026-07-29,18,0,2026-07-29,-9.0,17,in_bounds
2026-07-29 18:15:00+00:00,1,0.0,-1.0,JC055,McGinley Square,22,2026-07-29,18,15,2026-07-29,-10.0,17,in_bounds
2026-07-29 18:30:00+00:00,0,1.0,1.0,JC055,McGinley Square,22,2026-07-29,18,30,2026-07-29,-9.0,17,in_bounds
2026-07-29 18:45:00+00:00,1,2.0,1.0,JC055,McGinley Square,22,2026-07-29,18,45,2026-07-29,-8.0,17,in_bounds
2026-07-29 19:00:00+00:00,1,1.0,0.0,JC055,McGinley Square,22,2026-07-29,19,0,2026-07-29,-8.0,17,in_bounds
2026-07-29 19:15:00+00:00,2,4.0,2.0,JC055,McGinley Square,22,2026-07-29,19,15,2026-07-29,-6.0,17,in_bounds
2026-07-29 19:30:00+00:00,0,0.0,0.0,JC055,McGinley Square,22,2026-07-29,19,30,2026-07-29,-6.0,17,in_bounds
2026-07-29 19:45:00+00:00,0,2.0,2.0,JC055,McGinley Square,22,2026-07-29,19,45,2026-07-29,-4.0,17,in_bounds
2026-07-29 20:00:00+00:00,1,1.0,0.0,JC055,McGinley Square,22,2026-07-29,20,0,2026-07-29,-4.0,17,in_bounds
2026-07-29 20:15:00+00:00,0,1.0,1.0,JC055,McGinley Square,22,2026-07-29,20,15,2026-07-29,-3.0,17,in_bounds
2026-07-29 20:30:00+00:00,1,1.0,0.0,JC055,McGinley Square,22,2026-07-29,20,30,2026-07-29,-3.0,17,in_bounds
2026-07-29 20:45:00+00:00,0,1.0,1.0,JC055,McGinley Square,22,2026-07-29,20,45,2026-07-29,-2.0,17,in_bounds
2026-07-29 21:00:00+00:00,0,0.0,0.0,JC055,McGinley Square,22,2026-07-29,21,0,2026-07-29,-2.0,17,in_bounds
2026-07-29 21:15:00+00:00,0,1.0,1.0,JC055,McGinley Square,22,2026-07-29,21,15,2026-07-29,-1.0,17,in_bounds
2026-07-29 21:30:00+00:00,0,1.0,1.0,JC055,McGinley Square,22,2026-07-29,21,30,2026-07-29,0.0,17,in_bounds
2026-07-29 21:45:00+00:00,0,0.0,0.0,JC055,McGinley Square,22,2026-07-29,21,45,2026-07-29,0.0,17,in_bounds
2026-07-29 22:00:00+00:00,0,0.0,0.0,JC055,McGinley Square,22,2026-07-29,22,0,2026-07-29,0.0,17,in_bounds
2026-07-29 22:15:00+00:00,2,0.0,-2.0,JC055,McGinley Square,22,2026-07-29,22,15,2026-07-29,-2.0,17,in_bounds
2026-07-29 22:30:00+00:00,0,1.0,1.0,JC055,McGinley Square,22,2026-07-29,22,30,2026-07-29,-1.0,17,in_bounds
2026-07-29 22:45:00+00:00,0,0.0,0.0,JC055,McGinley Square,22,2026-07-29,22,45,2026-07-29,-1.0,17,in_bounds
2026-07-29 23:00:00+00:00,0,0.0,0.0,JC055,McGinley Square,22,2026-07-29,23,0,2026-07-29,-1.0,17,in_bounds
2026-07-29 23:15:00+00:00,0,0.0,0.0,JC055,McGinley Square,22,2026-07-29,23,15,2026-07-29,-1.0,17,in_bounds
2026-07-29 23:30:00+00:00,0,0.0,0.0,JC055,McGinley Square,22,2026-07-29,23,30,2026-07-29,-1.0,17,in_bounds
2026-07-29 23:45:00+00:00,0,2.0,2.0,JC055,McGinley Square,22,2026-07-29,23,45,2026-07-29,1.0,17,in_bounds
2026-07-30 00:00:00+00:00,0,0.0,0.0,JC055,McGinley Square,22,2026-07-30,0,0,2026-07-29,1.0,17,in_bounds
2026-07-30 00:15:00+00:00,1,0.0,-1.0,JC055,McGinley Square,22,2026-07-30,0,15,2026-07-29,0.0,17,in_bounds
2026-07-30 00:30:00+00:00,0,0.0,0.0,JC055,McGinley Square,22,2026-07-30,0,30,2026-07-29,0.0,17,in_bounds
2026-07-30 00:45:00+00:00,0,0.0,0.0,JC055,McGinley Square,22,2026-07-30,0,45,2026-07-29,0.0,17,in_bounds
2026-07-30 01:00:00+00:00,0,0.0,0.0,JC055,McGinley Square,22,2026-07-30,1,0,2026-07-29,0.0,17,in_bounds
2026-07-30 01:15:00+00:00,0,0.0,0.0,JC055,McGinley Square,22,2026-07-30,1,15,2026-07-29,0.0,17,in_bounds
2026-07-30 01:30:00+00:00,1,0.0,-1.0,JC055,McGinley Square,22,2026-07-30,1,30,2026-07-29,-1.0,17,in_bounds
2026-07-30 01:45:00+00:00,0,0.0,0.0,JC055,McGinley Square,22,2026-07-30,1,45,2026-07-29,-1.0,17,in_bounds
2026-07-30 02:00:00+00:00,0,0.0,0.0,JC055,McGinley Square,22,2026-07-30,2,0,2026-07-29,-1.0,17,in_bounds
2026-07-30 02:15:00+00:00,0,0.0,0.0,JC055,McGinley Square,22,2026-07-30,2,15,2026-07-29,-1.0,17,in_bounds
2026-07-30 02:30:00+00:00,0,0.0,0.0,JC055,McGinley Square,22,2026-07-30,2,30,2026-07-29,-1.0,17,in_bounds
2026-07-30 02:45:00+00:00,0,0.0,0.0,JC055,McGinley Square,22,2026-07-30,2,45,2026-07-29,-1.0,17,in_bounds
2026-07-30 03:00:00+00:00,0,0.0,0.0,JC055,McGinley Square,22,2026-07-30,3,0,2026-07-29,-1.0,17,in_bounds
2026-07-30 03:15:00+00:00,0,0.0,0.0,JC055,McGinley Square,22,2026-07-30,3,15,2026-07-29,-1.0,17,in_bounds
2026-07-30 03:30:00+00:00,0,0.0,0.0,JC055,McGinley Square,22,2026-07-30,3,30,2026-07-29,-1.0,17,in_bounds
2026-07-30 03:45:00+00:00,0,0.0,0.0,JC055,McGinley Square,22,2026-07-30,3,45,2026-07-29,-1.0,17,in_bounds
2026-07-30 04:00:00+00:00,0,0.0,0.0,JC055,McGinley Square,22,2026-07-30,4,0,2026-07-29,-1.0,17,in_bounds
2026-07-30 04:15:00+00:00,0,0.0,0.0,JC055,McGinley Square,22,2026-07-30,4,15,2026-07-29,-1.0,17,in_bounds
2026-07-30 04:30:00+00:00,1,0.0,-1.0,JC055,McGinley Square,22,2026-07-30,4,30,2026-07-29,-2.0,17,in_bounds
2026-07-30 04:45:00+00:00,0,0.0,0.0,JC055,McGinley Square,22,2026-07-30,4,45,2026-07-29,-2.0,17,in_bounds
2026-07-30 05:00:00+00:00,0,0.0,0.0,JC055,McGinley Square,22,2026-07-30,5,0,2026-07-30,0.0,17,in_bounds
2026-07-30 05:15:00+00:00,0,0.0,0.0,JC055,McGinley Square,22,2026-07-30,5,15,2026-07-30,0.0,17,in_bounds
2026-07-30 05:30:00+00:00,0,0.0,0.0,JC055,McGinley Square,22,2026-07-30,5,30,2026-07-30,0.0,17,in_bounds
2026-07-30 05:45:00+00:00,0,0.0,0.0,JC055,McGinley Square,22,2026-07-30,5,45,2026-07-30,0.0,17,in_bounds
2026-07-30 06:00:00+00:00,0,0.0,0.0,JC055,McGinley Square,22,2026-07-30,6,0,2026-07-30,0.0,17,in_bounds
2026-07-30 06:15:00+00:00,1,0.0,-1.0,JC055,McGinley Square,22,2026-07-30,6,15,2026-07-30,-1.0,17,in_bounds
2026-07-30 06:30:00+00:00,0,0.0,0.0,JC055,McGinley Square,22,2026-07-30,6,30,2026-07-30,-1.0,17,in_bounds
2026-07-30 06:45:00+00:00,0,0.0,0.0,JC055,McGinley Square,22,2026-07-30,6,45,2026-07-30,-1.0,17,in_bounds
2026-07-30 07:00:00+00:00,1,0.0,-1.0,JC055,McGinley Square,22,2026-07-30,7,0,2026-07-30,-2.0,17,in_bounds
2026-07-30 07:15:00+00:00,3,0.0,-3.0,JC055,McGinley Square,22,2026-07-30,7,15,2026-07-30,-5.0,17,in_bounds
2026-07-30 07:30:00+00:00,0,0.0,0.0,JC055,McGinley Square,22,2026-07-30,7,30,2026-07-30,-5.0,17,in_bounds
2026-07-30 07:45:00+00:00,3,0.0,-3.0,JC055,McGinley Square,22,2026-07-30,7,45,2026-07-30,-8.0,17,in_bounds
2026-07-30 08:00:00+00:00,4,0.0,-4.0,JC055,McGinley Square,22,2026-07-30,8,0,2026-07-30,-12.0,17,in_bounds
2026-07-30 08:15:00+00:00,1,0.0,-1.0,JC055,McGinley Square,22,2026-07-30,8,15,2026-07-30,-13.0,17,in_bounds
2026-07-30 08:30:00+00:00,0,1.0,1.0,JC055,McGinley Square,22,2026-07-30,8,30,2026-07-30,-12.0,17,in_bounds
2026-07-30 08:45:00+00:00,0,1.0,1.0,JC055,McGinley Square,22,2026-07-30,8,45,2026-07-30,-11.0,17,in_bounds
2026-07-30 09:00:00+00:00,0,0.0,0.0,JC055,McGinley Square,22,2026-07-30,9,0,2026-07-30,-11.0,17,in_bounds
2026-07-30 09:15:00+00:00,1,0.0,-1.0,JC055,McGinley Square,22,2026-07-30,9,15,2026-07-30,-12.0,17,in_bounds
2026-07-30 09:30:00+00:00,1,0.0,-1.0,JC055,McGinley Square,22,2026-07-30,9,30,2026-07-30,-13.0,17,in_bounds
2026-07-30 09:45:00+00:00,0,0.0,0.0,JC055,McGinley Square,22,2026-07-30,9,45,2026-07-30,-13.0,17,in_bounds
2026-07-30 10:00:00+00:00,0,0.0,0.0,JC055,McGinley Square,22,2026-07-30,10,0,2026-07-30,-13.0,17,in_bounds
2026-07-30 10:15:00+00:00,0,0.0,0.0,JC055,McGinley Square,22,2026-07-30,10,15,2026-07-30,-13.0,17,in_bounds
2026-07-30 10:30:00+00:00,0,0.0,0.0,JC055,McGinley Square,22,2026-07-30,10,30,2026-07-30,-13.0,17,in_bounds
2026-07-30 10:45:00+00:00,0,0.0,0.0,JC055,McGinley Square,22,2026-07-30,10,45,2026-07-30,-13.0,17,in_bounds
2026-07-30 11:00:00+00:00,0,0.0,0.0,JC055,McGinley Square,22,2026-07-30,11,0,2026-07-30,-13.0,17,in_bounds
2026-07-30 11:15:00+00:00,0,0.0,0.0,JC055,McGinley Square,22,2026-07-30,11,15,2026-07-30,-13.0,17,in_bounds
2026-07-30 11:30:00+00:00,1,0.0,-1.0,JC055,McGinley Square,22,2026-07-30,11,30,2026-07-30,-14.0,17,in_bounds
2026-07-30 11:45:00+00:00,0,0.0,0.0,JC055,McGinley Square,22,2026-07-30,11,45,2026-07-30,-14.0,17,in_bounds
2026-07-30 12:00:00+00:00,0,0.0,0.0,JC055,McGinley Square,22,2026-07-30,12,0,2026-07-30,-14.0,17,in_bounds
2026-07-30 12:15:00+00:00,0,0.0,0.0,JC055,McGinley Square,22,2026-07-30,12,15,2026-07-30,-14.0,17,in_bounds
2026-07-30 12:30:00+00:00,0,0.0,0.0,JC055,McGinley Square,22,2026-07-30,12,30,2026-07-30,-14.0,17,in_bounds
2026-07-30 12:45:00+00:00,0,1.0,1.0,JC055,McGinley Square,22,2026-07-30,12,45,2026-07-30,-13.0,17,in_bounds
2026-07-30 13:00:00+00:00,1,0.0,-1.0,JC055,McGinley Square,22,2026-07-30,13,0,2026-07-30,-14.0,17,in_bounds
2026-07-30 13:15:00+00:00,0,0.0,0.0,JC055,McGinley Square,22,2026-07-30,13,15,2026-07-30,-14.0,17,in_bounds
2026-07-30 13:30:00+00:00,0,0.0,0.0,JC055,McGinley Square,22,2026-07-30,13,30,2026-07-30,-14.0,17,in_bounds
2026-07-30 13:45:00+00:00,0,0.0,0.0,JC055,McGinley Square,22,2026-07-30,13,45,2026-07-30,-14.0,17,in_bounds
2026-07-30 14:00:00+00:00,0,0.0,0.0,JC055,McGinley Square,22,2026-07-30,14,0,2026-07-30,-14.0,17,in_bounds
2026-07-30 14:15:00+00:00,0,0.0,0.0,JC055,McGinley Square,22,2026-07-30,14,15,2026-07-30,-14.0,17,in_bounds
2026-07-30 14:30:00+00:00,0,3.0,3.0,JC055,McGinley Square,22,2026-07-30,14,30,2026-07-30,-11.0,17,in_bounds
2026-07-30 14:45:00+00:00,1,0.0,-1.0,JC055,McGinley Square,22,2026-07-30,14,45,2026-07-30,-12.0,17,in_bounds
2026-07-30 15:00:00+00:00,0,0.0,0.0,JC055,McGinley Square,22,2026-07-30,15,0,2026-07-30,-12.0,17,in_bounds
2026-07-30 15:15:00+00:00,0,0.0,0.0,JC055,McGinley Square,22,2026-07-30,15,15,2026-07-30,-12.0,17,in_bounds
2026-07-30 15:30:00+00:00,0,1.0,1.0,JC055,McGinley Square,22,2026-07-30,15,30,2026-07-30,-11.0,17,in_bounds
2026-07-30 15:45:00+00:00,0,1.0,1.0,JC055,McGinley Square,22,2026-07-30,15,45,2026-07-30,-10.0,17,in_bounds
2026-07-30 16:00:00+00:00,0,0.0,0.0,JC055,McGinley Square,22,2026-07-30,16,0,2026-07-30,-10.0,17,in_bounds
2026-07-30 16:15:00+00:00,0,0.0,0.0,JC055,McGinley Square,22,2026-07-30,16,15,2026-07-30,-10.0,17,in_bounds
2026-07-30 16:30:00+00:00,1,1.0,0.0,JC055,McGinley Square,22,2026-07-30,16,30,2026-07-30,-10.0,17,in_bounds
2026-07-30 16:45:00+00:00,1,3.0,2.0,JC055,McGinley Square,22,2026-07-30,16,45,2026-07-30,-8.0,17,in_bounds
2026-07-30 17:00:00+00:00,1,0.0,-1.0,JC055,McGinley Square,22,2026-07-30,17,0,2026-07-30,-9.0,17,in_bounds
2026-07-30 17:15:00+00:00,1,0.0,-1.0,JC055,McGinley Square,22,2026-07-30,17,15,2026-07-30,-10.0,17,in_bounds
2026-07-30 17:30:00+00:00,0,2.0,2.0,JC055,McGinley Square,22,2026-07-30,17,30,2026-07-30,-8.0,17,in_bounds
2026-07-30 17:45:00+00:00,1,1.0,0.0,JC055,McGinley Square,22,2026-07-30,17,45,2026-07-30,-8.0,17,in_bounds
2026-07-30 18:00:00+00:00,0,1.0,1.0,JC055,McGinley Square,22,2026-07-30,18,0,2026-07-30,-7.0,17,in_bounds
2026-07-30 18:15:00+00:00,1,4.0,3.0,JC055,McGinley Square,22,2026-07-30,18,15,2026-07-30,-4.0,17,in_bounds
2026-07-30 18:30:00+00:00,0,0.0,0.0,JC055,McGinley Square,22,2026-07-30,18,30,2026-07-30,-4.0,17,in_bounds
2026-07-30 18:45:00+00:00,1,0.0,-1.0,JC055,McGinley Square,22,2026-07-30,18,45,2026-07-30,-5.0,17,in_bounds
2026-07-30 19:00:00+00:00,0,0.0,0.0,JC055,McGinley Square,22,2026-07-30,19,0,2026-07-30,-5.0,17,in_bounds
2026-07-30 19:15:00+00:00,0,0.0,0.0,JC055,McGinley Square,22,2026-07-30,19,15,2026-07-30,-5.0,17,in_bounds
2026-07-30 19:30:00+00:00,1,0.0,-1.0,JC055,McGinley Square,22,2026-07-30,19,30,2026-07-30,-6.0,17,in_bounds
2026-07-30 19:45:00+00:00,2,1.0,-1.0,JC055,McGinley Square,22,2026-07-30,19,45,2026-07-30,-7.0,17,in_bounds
2026-07-30 20:00:00+00:00,0,0.0,0.0,JC055,McGinley Square,22,2026-07-30,20,0,2026-07-30,-7.0,17,in_bounds
2026-07-30 20:15:00+00:00,0,0.0,0.0,JC055,McGinley Square,22,2026-07-30,20,15,2026-07-30,-7.0,17,in_bounds
2026-07-30 20:30:00+00:00,1,0.0,-1.0,JC055,McGinley Square,22,2026-07-30,20,30,2026-07-30,-8.0,17,in_bounds
2026-07-30 20:45:00+00:00,1,0.0,-1.0,JC055,McGinley Square,22,2026-07-30,20,45,2026-07-30,-9.0,17,in_bounds
2026-07-30 21:00:00+00:00,0,0.0,0.0,JC055,McGinley Square,22,2026-07-30,21,0,2026-07-30,-9.0,17,in_bounds
2026-07-30 21:15:00+00:00,2,0.0,-2.0,JC055,McGinley Square,22,2026-07-30,21,15,2026-07-30,-11.0,17,in_bounds
2026-07-30 21:30:00+00:00,0,1.0,1.0,JC055,McGinley Square,22,2026-07-30,21,30,2026-07-30,-10.0,17,in_bounds
2026-07-30 21:45:00+00:00,0,0.0,0.0,JC055,McGinley Square,22,2026-07-30,21,45,2026-07-30,-10.0,17,in_bounds
2026-07-30 22:00:00+00:00,1,0.0,-1.0,JC055,McGinley Square,22,2026-07-30,22,0,2026-07-30,-11.0,17,in_bounds
2026-07-30 22:15:00+00:00,0,0.0,0.0,JC055,McGinley Square,22,2026-07-30,22,15,2026-07-30,-11.0,17,in_bounds
2026-07-30 22:30:00+00:00,1,0.0,-1.0,JC055,McGinley Square,22,2026-07-30,22,30,2026-07-30,-12.0,17,in_bounds
2026-07-30 22:45:00+00:00,0,1.0,1.0,JC055,McGinley Square,22,2026-07-30,22,45,2026-07-30,-11.0,17,in_bounds
2026-07-30 23:00:00+00:00,0,0.0,0.0,JC055,McGinley Square,22,2026-07-30,23,0,2026-07-30,-11.0,17,in_bounds
2026-07-30 23:15:00+00:00,0,0.0,0.0,JC055,McGinley Square,22,2026-07-30,23,15,2026-07-30,-11.0,17,in_bounds
2026-07-30 23:30:00+00:00,0,0.0,0.0,JC055,McGinley Square,22,2026-07-30,23,30,2026-07-30,-11.0,17,in_bounds
2026-07-30 23:45:00+00:00,0,3.0,3.0,JC055,McGinley Square,22,2026-07-30,23,45,2026-07-30,-8.0,17,in_bounds
2026-07-31 00:00:00+00:00,0,0.0,0.0,JC055,McGinley Square,22,2026-07-31,0,0,2026-07-30,-8.0,17,in_bounds
2026-07-31 00:15:00+00:00,0,0.0,0.0,JC055,McGinley Square,22,2026-07-31,0,15,2026-07-30,-8.0,17,in_bounds
2026-07-31 00:30:00+00:00,0,0.0,0.0,JC055,McGinley Square,22,2026-07-31,0,30,2026-07-30,-8.0,17,in_bounds
2026-07-31 00:45:00+00:00,0,0.0,0.0,JC055,McGinley Square,22,2026-07-31,0,45,2026-07-30,-8.0,17,in_bounds
2026-07-31 01:00:00+00:00,0,0.0,0.0,JC055,McGinley Square,22,2026-07-31,1,0,2026-07-30,-8.0,17,in_bounds
2026-07-31 01:15:00+00:00,0,0.0,0.0,JC055,McGinley Square,22,2026-07-31,1,15,2026-07-30,-8.0,17,in_bounds
2026-07-31 01:30:00+00:00,0,0.0,0.0,JC055,McGinley Square,22,2026-07-31,1,30,2026-07-30,-8.0,17,in_bounds
2026-07-31 01:45:00+00:00,0,0.0,0.0,JC055,McGinley Square,22,2026-07-31,1,45,2026-07-30,-8.0,17,in_bounds
2026-07-31 02:00:00+00:00,0,0.0,0.0,JC055,McGinley Square,22,2026-07-31,2,0,2026-07-30,-8.0,17,in_bounds
2026-07-31 02:15:00+00:00,0,0.0,0.0,JC055,McGinley Square,22,2026-07-31,2,15,2026-07-30,-8.0,17,in_bounds
2026-07-31 02:30:00+00:00,0,0.0,0.0,JC055,McGinley Square,22,2026-07-31,2,30,2026-07-30,-8.0,17,in_bounds
2026-07-31 02:45:00+00:00,0,0.0,0.0,JC055,McGinley Square,22,2026-07-31,2,45,2026-07-30,-8.0,17,in_bounds
2026-07-31 03:00:00+00:00,1,0.0,-1.0,JC055,McGinley Square,22,2026-07-31,3,0,2026-07-30,-9.0,17,in_bounds
2026-07-31 03:15:00+00:00,0,0.0,0.0,JC055,McGinley Square,22,2026-07-31,3,15,2026-07-30,-9.0,17,in_bounds
2026-07-31 03:30:00+00:00,0,0.0,0.0,JC055,McGinley Square,22,2026-07-31,3,30,2026-07-30,-9.0,17,in_bounds
2026-07-31 03:45:00+00:00,0,0.0,0.0,JC055,McGinley Square,22,2026-07-31,3,45,2026-07-30,-9.0,17,in_bounds
2026-07-31 04:00:00+00:00,0,0.0,0.0,JC055,McGinley Square,22,2026-07-31,4,0,2026-07-30,-9.0,17,in_bounds
2026-07-31 04:15:00+00:00,0,0.0,0.0,JC055,McGinley Square,22,2026-07-31,4,15,2026-07-30,-9.0,17,in_bounds
2026-07-31 04:30:00+00:00,0,0.0,0.0,JC055,McGinley Square,22,2026-07-31,4,30,2026-07-30,-9.0,17,in_bounds
2026-07-31 04:45:00+00:00,0,0.0,0.0,JC055,McGinley Square,22,2026-07-31,4,45,2026-07-30,-9.0,17,in_bounds
2026-07-31 05:00:00+00:00,0,0.0,0.0,JC055,McGinley Square,22,2026-07-31,5,0,2026-07-31,0.0,17,in_bounds
2026-07-31 05:15:00+00:00,0,0.0,0.0,JC055,McGinley Square,22,2026-07-31,5,15,2026-07-31,0.0,17,in_bounds
2026-07-31 05:30:00+00:00,0,0.0,0.0,JC055,McGinley Square,22,2026-07-31,5,30,2026-07-31,0.0,17,in_bounds
2026-07-31 05:45:00+00:00,0,0.0,0.0,JC055,McGinley Square,22,2026-07-31,5,45,2026-07-31,0.0,17,in_bounds
2026-07-31 06:00:00+00:00,0,0.0,0.0,JC055,McGinley Square,22,2026-07-31,6,0,2026-07-31,0.0,17,in_bounds
2026-07-31 06:15:00+00:00,0,0.0,0.0,JC055,McGinley Square,22,2026-07-31,6,15,2026-07-31,0.0,17,in_bounds
2026-07-31 06:30:00+00:00,0,0.0,0.0,JC055,McGinley Square,22,2026-07-31,6,30,2026-07-31,0.0,17,in_bounds
2026-07-31 06:45:00+00:00,0,0.0,0.0,JC055,McGinley Square,22,2026-07-31,6,45,2026-07-31,0.0,17,in_bounds
2026-07-31 07:00:00+00:00,0,0.0,0.0,JC055,McGinley Square,22,2026-07-31,7,0,2026-07-31,0.0,17,in_bounds
2026-07-31 07:15:00+00:00,0,0.0,0.0,JC055,McGinley Square,22,2026-07-31,7,15,2026-07-31,0.0,17,in_bounds
2026-07-31 07:30:00+00:00,1,0.0,-1.0,JC055,McGinley Square,22,2026-07-31,7,30,2026-07-31,-1.0,17,in_bounds
2026-07-31 07:45:00+00:00,2,0.0,-2.0,JC055,McGinley Square,22,2026-07-31,7,45,2026-07-31,-3.0,17,in_bounds
2026-07-31 08:00:00+00:00,0,0.0,0.0,JC055,McGinley Square,22,2026-07-31,8,0,2026-07-31,-3.0,17,in_bounds
2026-07-31 08:15:00+00:00,0,0.0,0.0,JC055,McGinley Square,22,2026-07-31,8,15,2026-07-31,-3.0,17,in_bounds
2026-07-31 08:30:00+00:00,1,1.0,0.0,JC055,McGinley Square,22,2026-07-31,8,30,2026-07-31,-3.0,17,in_bounds
2026-07-31 08:45:00+00:00,1,0.0,-1.0,JC055,McGinley Square,22,2026-07-31,8,45,2026-07-31,-4.0,17,in_bounds
2026-07-31 09:00:00+00:00,0,1.0,1.0,JC055,McGinley Square,22,2026-07-31,9,0,2026-07-31,-3.0,17,in_bounds
2026-07-31 09:15:00+00:00,1,0.0,-1.0,JC055,McGinley Square,22,2026-07-31,9,15,2026-07-31,-4.0,17,in_bounds
2026-07-31 09:30:00+00:00,1,1.0,0.0,JC055,McGinley Square,22,2026-07-31,9,30,2026-07-31,-4.0,17,in_bounds
2026-07-31 09:45:00+00:00,5,0.0,-5.0,JC055,McGinley Square,22,2026-07-31,9,45,2026-07-31,-9.0,17,in_bounds
2026-07-31 10:00:00+00:00,2,0.0,-2.0,JC055,McGinley Square,22,2026-07-31,10,0,2026-07-31,-11.0,17,in_bounds
2026-07-31 10:15:00+00:00,1,0.0,-1.0,JC055,McGinley Square,22,2026-07-31,10,15,2026-07-31,-12.0,17,in_bounds
2026-07-31 10:30:00+00:00,1,0.0,-1.0,JC055,McGinley Square,22,2026-07-31,10,30,2026-07-31,-13.0,17,in_bounds
2026-07-31 10:45:00+00:00,0,0.0,0.0,JC055,McGinley Square,22,2026-07-31,10,45,2026-07-31,-13.0,17,in_bounds
2026-07-31 11:00:00+00:00,0,0.0,0.0,JC055,McGinley Square,22,2026-07-31,11,0,2026-07-31,-13.0,17,in_bounds
2026-07-31 11:15:00+00:00,0,0.0,0.0,JC055,McGinley Square,22,2026-07-31,11,15,2026-07-31,-13.0,17,in_bounds
2026-07-31 11:30:00+00:00,0,1.0,1.0,JC055,McGinley Square,22,2026-07-31,11,30,2026-07-31,-12.0,17,in_bounds
2026-07-31 11:45:00+00:00,3,0.0,-3.0,JC055,McGinley Square,22,2026-07-31,11,45,2026-07-31,-15.0,17,in_bounds
2026-07-31 12:00:00+00:00,0,0.0,0.0,JC055,McGinley Square,22,2026-07-31,12,0,2026-07-31,-15.0,17,in_bounds
2026-07-31 12:15:00+00:00,0,1.0,1.0,JC055,McGinley Square,22,2026-07-31,12,15,2026-07-31,-14.0,17,in_bounds
2026-07-31 12:30:00+00:00,0,0.0,0.0,JC055,McGinley Square,22,2026-07-31,12,30,2026-07-31,-14.0,17,in_bounds
2026-07-31 12:45:00+00:00,1,0.0,-1.0,JC055,McGinley Square,22,2026-07-31,12,45,2026-07-31,-15.0,17,in_bounds
2026-07-31 13:00:00+00:00,1,0.0,-1.0,JC055,McGinley Square,22,2026-07-31,13,0,2026-07-31,-16.0,17,in_bounds
2026-07-31 13:15:00+00:00,1,2.0,1.0,JC055,McGinley Square,22,2026-07-31,13,15,2026-07-31,-15.0,17,in_bounds
2026-07-31 13:30:00+00:00,0,0.0,0.0,JC055,McGinley Square,22,2026-07-31,13,30,2026-07-31,-15.0,17,in_bounds
2026-07-31 13:45:00+00:00,0,0.0,0.0,JC055,McGinley Square,22,2026-07-31,13,45,2026-07-31,-15.0,17,in_bounds
2026-07-31 14:00:00+00:00,0,0.0,0.0,JC055,McGinley Square,22,2026-07-31,14,0,2026-07-31,-15.0,17,in_bounds
2026-07-31 14:15:00+00:00,0,1.0,1.0,JC055,McGinley Square,22,2026-07-31,14,15,2026-07-31,-14.0,17,in_bounds
2026-07-31 14:30:00+00:00,1,0.0,-1.0,JC055,McGinley Square,22,2026-07-31,14,30,2026-07-31,-15.0,17,in_bounds
2026-07-31 14:45:00+00:00,0,0.0,0.0,JC055,McGinley Square,22,2026-07-31,14,45,2026-07-31,-15.0,17,in_bounds
2026-07-31 15:00:00+00:00,0,0.0,0.0,JC055,McGinley Square,22,2026-07-31,15,0,2026-07-31,-15.0,17,in_bounds
2026-07-31 15:15:00+00:00,1,0.0,-1.0,JC055,McGinley Square,22,2026-07-31,15,15,2026-07-31,-16.0,17,in_bounds
2026-07-31 15:30:00+00:00,0,0.0,0.0,JC055,McGinley Square,22,2026-07-31,15,30,2026-07-31,-16.0,17,in_bounds
2026-07-31 15:45:00+00:00,2,1.0,-1.0,JC055,McGinley Square,22,2026-07-31,15,45,2026-07-31,-17.0,17,in_bounds
2026-07-31 16:00:00+00:00,0,1.0,1.0,JC055,McGinley Square,22,2026-07-31,16,0,2026-07-31,-16.0,17,in_bounds
2026-07-31 16:15:00+00:00,0,2.0,2.0,JC055,McGinley Square,22,2026-07-31,16,15,2026-07-31,-14.0,17,in_bounds
2026-07-31 16:30:00+00:00,1,1.0,0.0,JC055,McGinley Square,22,2026-07-31,16,30,2026-07-31,-14.0,17,in_bounds
2026-07-31 16:45:00+00:00,2,0.0,-2.0,JC055,McGinley Square,22,2026-07-31,16,45,2026-07-31,-16.0,17,in_bounds
2026-07-31 17:00:00+00:00,1,0.0,-1.0,JC055,McGinley Square,22,2026-07-31,17,0,2026-07-31,-17.0,17,in_bounds
2026-07-31 17:15:00+00:00,2,0.0,-2.0,JC055,McGinley Square,22,2026-07-31,17,15,2026-07-31,-19.0,17,below_zero
2026-07-31 17:30:00+00:00,2,2.0,0.0,JC055,McGinley Square,22,2026-07-31,17,30,2026-07-31,-19.0,17,below_zero
2026-07-31 17:45:00+00:00,0,2.0,2.0,JC055,McGinley Square,22,2026-07-31,17,45,2026-07-31,-17.0,17,in_bounds
2026-07-31 18:00:00+00:00,0,0.0,0.0,JC055,McGinley Square,22,2026-07-31,18,0,2026-07-31,-17.0,17,in_bounds
2026-07-31 18:15:00+00:00,1,2.0,1.0,JC055,McGinley Square,22,2026-07-31,18,15,2026-07-31,-16.0,17,in_bounds
2026-07-31 18:30:00+00:00,2,0.0,-2.0,JC055,McGinley Square,22,2026-07-31,18,30,2026-07-31,-18.0,17,below_zero
2026-07-31 18:45:00+00:00,1,0.0,-1.0,JC055,McGinley Square,22,2026-07-31,18,45,2026-07-31,-19.0,17,below_zero
2026-07-31 19:00:00+00:00,0,1.0,1.0,JC055,McGinley Square,22,2026-07-31,19,0,2026-07-31,-18.0,17,below_zero
2026-07-31 19:15:00+00:00,2,2.0,0.0,JC055,McGinley Square,22,2026-07-31,19,15,2026-07-31,-18.0,17,below_zero
2026-07-31 19:30:00+00:00,2,2.0,0.0,JC055,McGinley Square,22,2026-07-31,19,30,2026-07-31,-18.0,17,below_zero
2026-07-31 19:45:00+00:00,0,1.0,1.0,JC055,McGinley Square,22,2026-07-31,19,45,2026-07-31,-17.0,17,in_bounds
2026-07-31 20:00:00+00:00,2,1.0,-1.0,JC055,McGinley Square,22,2026-07-31,20,0,2026-07-31,-18.0,17,below_zero
2026-07-31 20:15:00+00:00,1,1.0,0.0,JC055,McGinley Square,22,2026-07-31,20,15,2026-07-31,-18.0,17,below_zero
2026-07-31 20:30:00+00:00,1,0.0,-1.0,JC055,McGinley Square,22,2026-07-31,20,30,2026-07-31,-19.0,17,below_zero
2026-07-31 20:45:00+00:00,1,0.0,-1.0,JC055,McGinley Square,22,2026-07-31,20,45,2026-07-31,-20.0,17,below_zero
2026-07-31 21:00:00+00:00,0,0.0,0.0,JC055,McGinley Square,22,2026-07-31,21,0,2026-07-31,-20.0,17,below_zero
2026-07-31 21:15:00+00:00,0,2.0,2.0,JC055,McGinley Square,22,2026-07-31,21,15,2026-07-31,-18.0,17,below_zero
2026-07-31 21:30:00+00:00,0,3.0,3.0,JC055,McGinley Square,22,2026-07-31,21,30,2026-07-31,-15.0,17,in_bounds
2026-07-31 21:45:00+00:00,0,1.0,1.0,JC055,McGinley Square,22,2026-07-31,21,45,2026-07-31,-14.0,17,in_bounds
2026-07-31 22:00:00+00:00,0,0.0,0.0,JC055,McGinley Square,22,2026-07-31,22,0,2026-07-31,-14.0,17,in_bounds
2026-07-31 22:15:00+00:00,0,1.0,1.0,JC055,McGinley Square,22,2026-07-31,22,15,2026-07-31,-13.0,17,in_bounds
2026-07-31 22:30:00+00:00,0,0.0,0.0,JC055,McGinley Square,22,2026-07-31,22,30,2026-07-31,-13.0,17,in_bounds
2026-07-31 22:45:00+00:00,0,1.0,1.0,JC055,McGinley Square,22,2026-07-31,22,45,2026-07-31,-12.0,17,in_bounds
2026-07-31 23:00:00+00:00,0,1.0,1.0,JC055,McGinley Square,22,2026-07-31,23,0,2026-07-31,-11.0,17,in_bounds
2026-07-31 23:15:00+00:00,0,1.0,1.0,JC055,McGinley Square,22,2026-07-31,23,15,2026-07-31,-10.0,17,in_bounds
2026-07-31 23:30:00+00:00,1,1.0,0.0,JC055,McGinley Square,22,2026-07-31,23,30,2026-07-31,-10.0,17,in_bounds
2026-07-31 23:45:00+00:00,1,2.0,1.0,JC055,McGinley Square,22,2026-07-31,23,45,2026-07-31,-9.0,17,in_bounds
2026-07-01 05:00:00+00:00,0,0.0,0.0,HB303,Clinton St & 7 St,18,2026-07-01,5,0,2026-07-01,0.0,15,in_bounds
2026-07-01 05:15:00+00:00,0,0.0,0.0,HB303,Clinton St & 7 St,18,2026-07-01,5,15,2026-07-01,0.0,15,in_bounds
2026-07-01 05:30:00+00:00,0,0.0,0.0,HB303,Clinton St & 7 St,18,2026-07-01,5,30,2026-07-01,0.0,15,in_bounds
2026-07-01 05:45:00+00:00,0,0.0,0.0,HB303,Clinton St & 7 St,18,2026-07-01,5,45,2026-07-01,0.0,15,in_bounds
2026-07-01 06:00:00+00:00,0,0.0,0.0,HB303,Clinton St & 7 St,18,2026-07-01,6,0,2026-07-01,0.0,15,in_bounds
2026-07-01 06:15:00+00:00,0,0.0,0.0,HB303,Clinton St & 7 St,18,2026-07-01,6,15,2026-07-01,0.0,15,in_bounds
2026-07-01 06:30:00+00:00,2,0.0,-2.0,HB303,Clinton St & 7 St,18,2026-07-01,6,30,2026-07-01,-2.0,15,in_bounds
2026-07-01 06:45:00+00:00,3,0.0,-3.0,HB303,Clinton St & 7 St,18,2026-07-01,6,45,2026-07-01,-5.0,15,in_bounds
2026-07-01 07:00:00+00:00,2,0.0,-2.0,HB303,Clinton St & 7 St,18,2026-07-01,7,0,2026-07-01,-7.0,15,in_bounds
2026-07-01 07:15:00+00:00,0,0.0,0.0,HB303,Clinton St & 7 St,18,2026-07-01,7,15,2026-07-01,-7.0,15,in_bounds
2026-07-01 07:30:00+00:00,1,3.0,2.0,HB303,Clinton St & 7 St,18,2026-07-01,7,30,2026-07-01,-5.0,15,in_bounds
2026-07-01 07:45:00+00:00,2,0.0,-2.0,HB303,Clinton St & 7 St,18,2026-07-01,7,45,2026-07-01,-7.0,15,in_bounds
2026-07-01 08:00:00+00:00,1,2.0,1.0,HB303,Clinton St & 7 St,18,2026-07-01,8,0,2026-07-01,-6.0,15,in_bounds
2026-07-01 08:15:00+00:00,2,1.0,-1.0,HB303,Clinton St & 7 St,18,2026-07-01,8,15,2026-07-01,-7.0,15,in_bounds
2026-07-01 08:30:00+00:00,3,2.0,-1.0,HB303,Clinton St & 7 St,18,2026-07-01,8,30,2026-07-01,-8.0,15,in_bounds
2026-07-01 08:45:00+00:00,2,2.0,0.0,HB303,Clinton St & 7 St,18,2026-07-01,8,45,2026-07-01,-8.0,15,in_bounds
2026-07-01 09:00:00+00:00,0,0.0,0.0,HB303,Clinton St & 7 St,18,2026-07-01,9,0,2026-07-01,-8.0,15,in_bounds
2026-07-01 09:15:00+00:00,0,2.0,2.0,HB303,Clinton St & 7 St,18,2026-07-01,9,15,2026-07-01,-6.0,15,in_bounds
2026-07-01 09:30:00+00:00,1,1.0,0.0,HB303,Clinton St & 7 St,18,2026-07-01,9,30,2026-07-01,-6.0,15,in_bounds
2026-07-01 09:45:00+00:00,2,0.0,-2.0,HB303,Clinton St & 7 St,18,2026-07-01,9,45,2026-07-01,-8.0,15,in_bounds
2026-07-01 10:00:00+00:00,0,0.0,0.0,HB303,Clinton St & 7 St,18,2026-07-01,10,0,2026-07-01,-8.0,15,in_bounds
2026-07-01 10:15:00+00:00,0,0.0,0.0,HB303,Clinton St & 7 St,18,2026-07-01,10,15,2026-07-01,-8.0,15,in_bounds
2026-07-01 10:30:00+00:00,0,0.0,0.0,HB303,Clinton St & 7 St,18,2026-07-01,10,30,2026-07-01,-8.0,15,in_bounds
2026-07-01 10:45:00+00:00,1,0.0,-1.0,HB303,Clinton St & 7 St,18,2026-07-01,10,45,2026-07-01,-9.0,15,in_bounds
2026-07-01 11:00:00+00:00,0,1.0,1.0,HB303,Clinton St & 7 St,18,2026-07-01,11,0,2026-07-01,-8.0,15,in_bounds
2026-07-01 11:15:00+00:00,0,0.0,0.0,HB303,Clinton St & 7 St,18,2026-07-01,11,15,2026-07-01,-8.0,15,in_bounds
2026-07-01 11:30:00+00:00,1,0.0,-1.0,HB303,Clinton St & 7 St,18,2026-07-01,11,30,2026-07-01,-9.0,15,in_bounds
2026-07-01 11:45:00+00:00,0,0.0,0.0,HB303,Clinton St & 7 St,18,2026-07-01,11,45,2026-07-01,-9.0,15,in_bounds
2026-07-01 12:00:00+00:00,1,1.0,0.0,HB303,Clinton St & 7 St,18,2026-07-01,12,0,2026-07-01,-9.0,15,in_bounds
2026-07-01 12:15:00+00:00,0,0.0,0.0,HB303,Clinton St & 7 St,18,2026-07-01,12,15,2026-07-01,-9.0,15,in_bounds
2026-07-01 12:30:00+00:00,1,1.0,0.0,HB303,Clinton St & 7 St,18,2026-07-01,12,30,2026-07-01,-9.0,15,in_bounds
2026-07-01 12:45:00+00:00,0,0.0,0.0,HB303,Clinton St & 7 St,18,2026-07-01,12,45,2026-07-01,-9.0,15,in_bounds
2026-07-01 13:00:00+00:00,1,2.0,1.0,HB303,Clinton St & 7 St,18,2026-07-01,13,0,2026-07-01,-8.0,15,in_bounds
2026-07-01 13:15:00+00:00,2,0.0,-2.0,HB303,Clinton St & 7 St,18,2026-07-01,13,15,2026-07-01,-10.0,15,in_bounds
2026-07-01 13:30:00+00:00,0,1.0,1.0,HB303,Clinton St & 7 St,18,2026-07-01,13,30,2026-07-01,-9.0,15,in_bounds
2026-07-01 13:45:00+00:00,0,0.0,0.0,HB303,Clinton St & 7 St,18,2026-07-01,13,45,2026-07-01,-9.0,15,in_bounds
2026-07-01 14:00:00+00:00,0,0.0,0.0,HB303,Clinton St & 7 St,18,2026-07-01,14,0,2026-07-01,-9.0,15,in_bounds
2026-07-01 14:15:00+00:00,0,0.0,0.0,HB303,Clinton St & 7 St,18,2026-07-01,14,15,2026-07-01,-9.0,15,in_bounds
2026-07-01 14:30:00+00:00,0,1.0,1.0,HB303,Clinton St & 7 St,18,2026-07-01,14,30,2026-07-01,-8.0,15,in_bounds
2026-07-01 14:45:00+00:00,0,1.0,1.0,HB303,Clinton St & 7 St,18,2026-07-01,14,45,2026-07-01,-7.0,15,in_bounds
2026-07-01 15:00:00+00:00,1,0.0,-1.0,HB303,Clinton St & 7 St,18,2026-07-01,15,0,2026-07-01,-8.0,15,in_bounds
2026-07-01 15:15:00+00:00,1,1.0,0.0,HB303,Clinton St & 7 St,18,2026-07-01,15,15,2026-07-01,-8.0,15,in_bounds
2026-07-01 15:30:00+00:00,2,0.0,-2.0,HB303,Clinton St & 7 St,18,2026-07-01,15,30,2026-07-01,-10.0,15,in_bounds
2026-07-01 15:45:00+00:00,1,0.0,-1.0,HB303,Clinton St & 7 St,18,2026-07-01,15,45,2026-07-01,-11.0,15,in_bounds
2026-07-01 16:00:00+00:00,0,1.0,1.0,HB303,Clinton St & 7 St,18,2026-07-01,16,0,2026-07-01,-10.0,15,in_bounds
2026-07-01 16:15:00+00:00,0,0.0,0.0,HB303,Clinton St & 7 St,18,2026-07-01,16,15,2026-07-01,-10.0,15,in_bounds
2026-07-01 16:30:00+00:00,1,0.0,-1.0,HB303,Clinton St & 7 St,18,2026-07-01,16,30,2026-07-01,-11.0,15,in_bounds
2026-07-01 16:45:00+00:00,3,2.0,-1.0,HB303,Clinton St & 7 St,18,2026-07-01,16,45,2026-07-01,-12.0,15,in_bounds
2026-07-01 17:00:00+00:00,3,2.0,-1.0,HB303,Clinton St & 7 St,18,2026-07-01,17,0,2026-07-01,-13.0,15,in_bounds
2026-07-01 17:15:00+00:00,1,1.0,0.0,HB303,Clinton St & 7 St,18,2026-07-01,17,15,2026-07-01,-13.0,15,in_bounds
2026-07-01 17:30:00+00:00,1,2.0,1.0,HB303,Clinton St & 7 St,18,2026-07-01,17,30,2026-07-01,-12.0,15,in_bounds
2026-07-01 17:45:00+00:00,1,0.0,-1.0,HB303,Clinton St & 7 St,18,2026-07-01,17,45,2026-07-01,-13.0,15,in_bounds
2026-07-01 18:00:00+00:00,1,5.0,4.0,HB303,Clinton St & 7 St,18,2026-07-01,18,0,2026-07-01,-9.0,15,in_bounds
2026-07-01 18:15:00+00:00,0,1.0,1.0,HB303,Clinton St & 7 St,18,2026-07-01,18,15,2026-07-01,-8.0,15,in_bounds
2026-07-01 18:30:00+00:00,2,1.0,-1.0,HB303,Clinton St & 7 St,18,2026-07-01,18,30,2026-07-01,-9.0,15,in_bounds
2026-07-01 18:45:00+00:00,1,1.0,0.0,HB303,Clinton St & 7 St,18,2026-07-01,18,45,2026-07-01,-9.0,15,in_bounds
2026-07-01 19:00:00+00:00,0,3.0,3.0,HB303,Clinton St & 7 St,18,2026-07-01,19,0,2026-07-01,-6.0,15,in_bounds
2026-07-01 19:15:00+00:00,1,1.0,0.0,HB303,Clinton St & 7 St,18,2026-07-01,19,15,2026-07-01,-6.0,15,in_bounds
2026-07-01 19:30:00+00:00,1,2.0,1.0,HB303,Clinton St & 7 St,18,2026-07-01,19,30,2026-07-01,-5.0,15,in_bounds
2026-07-01 19:45:00+00:00,0,1.0,1.0,HB303,Clinton St & 7 St,18,2026-07-01,19,45,2026-07-01,-4.0,15,in_bounds
2026-07-01 20:00:00+00:00,1,3.0,2.0,HB303,Clinton St & 7 St,18,2026-07-01,20,0,2026-07-01,-2.0,15,in_bounds
2026-07-01 20:15:00+00:00,2,5.0,3.0,HB303,Clinton St & 7 St,18,2026-07-01,20,15,2026-07-01,1.0,15,in_bounds
2026-07-01 20:30:00+00:00,1,1.0,0.0,HB303,Clinton St & 7 St,18,2026-07-01,20,30,2026-07-01,1.0,15,in_bounds
2026-07-01 20:45:00+00:00,0,2.0,2.0,HB303,Clinton St & 7 St,18,2026-07-01,20,45,2026-07-01,3.0,15,in_bounds
2026-07-01 21:00:00+00:00,1,2.0,1.0,HB303,Clinton St & 7 St,18,2026-07-01,21,0,2026-07-01,4.0,15,over_capacity
2026-07-01 21:15:00+00:00,1,1.0,0.0,HB303,Clinton St & 7 St,18,2026-07-01,21,15,2026-07-01,4.0,15,over_capacity
2026-07-01 21:30:00+00:00,0,0.0,0.0,HB303,Clinton St & 7 St,18,2026-07-01,21,30,2026-07-01,4.0,15,over_capacity
2026-07-01 21:45:00+00:00,0,1.0,1.0,HB303,Clinton St & 7 St,18,2026-07-01,21,45,2026-07-01,5.0,15,over_capacity
2026-07-01 22:00:00+00:00,1,0.0,-1.0,HB303,Clinton St & 7 St,18,2026-07-01,22,0,2026-07-01,4.0,15,over_capacity
2026-07-01 22:15:00+00:00,8,4.0,-4.0,HB303,Clinton St & 7 St,18,2026-07-01,22,15,2026-07-01,0.0,15,in_bounds
2026-07-01 22:30:00+00:00,0,2.0,2.0,HB303,Clinton St & 7 St,18,2026-07-01,22,30,2026-07-01,2.0,15,in_bounds
2026-07-01 22:45:00+00:00,0,0.0,0.0,HB303,Clinton St & 7 St,18,2026-07-01,22,45,2026-07-01,2.0,15,in_bounds
2026-07-01 23:00:00+00:00,1,1.0,0.0,HB303,Clinton St & 7 St,18,2026-07-01,23,0,2026-07-01,2.0,15,in_bounds
2026-07-01 23:15:00+00:00,0,0.0,0.0,HB303,Clinton St & 7 St,18,2026-07-01,23,15,2026-07-01,2.0,15,in_bounds
2026-07-01 23:30:00+00:00,1,1.0,0.0,HB303,Clinton St & 7 St,18,2026-07-01,23,30,2026-07-01,2.0,15,in_bounds
2026-07-01 23:45:00+00:00,0,0.0,0.0,HB303,Clinton St & 7 St,18,2026-07-01,23,45,2026-07-01,2.0,15,in_bounds
2026-07-02 00:00:00+00:00,0,0.0,0.0,HB303,Clinton St & 7 St,18,2026-07-02,0,0,2026-07-01,2.0,15,in_bounds
2026-07-02 00:15:00+00:00,1,0.0,-1.0,HB303,Clinton St & 7 St,18,2026-07-02,0,15,2026-07-01,1.0,15,in_bounds
2026-07-02 00:30:00+00:00,0,0.0,0.0,HB303,Clinton St & 7 St,18,2026-07-02,0,30,2026-07-01,1.0,15,in_bounds
2026-07-02 00:45:00+00:00,0,0.0,0.0,HB303,Clinton St & 7 St,18,2026-07-02,0,45,2026-07-01,1.0,15,in_bounds
2026-07-02 01:00:00+00:00,0,0.0,0.0,HB303,Clinton St & 7 St,18,2026-07-02,1,0,2026-07-01,1.0,15,in_bounds
2026-07-02 01:15:00+00:00,0,0.0,0.0,HB303,Clinton St & 7 St,18,2026-07-02,1,15,2026-07-01,1.0,15,in_bounds
2026-07-02 01:30:00+00:00,0,0.0,0.0,HB303,Clinton St & 7 St,18,2026-07-02,1,30,2026-07-01,1.0,15,in_bounds
2026-07-02 01:45:00+00:00,0,0.0,0.0,HB303,Clinton St & 7 St,18,2026-07-02,1,45,2026-07-01,1.0,15,in_bounds
2026-07-02 02:00:00+00:00,0,0.0,0.0,HB303,Clinton St & 7 St,18,2026-07-02,2,0,2026-07-01,1.0,15,in_bounds
2026-07-02 02:15:00+00:00,0,1.0,1.0,HB303,Clinton St & 7 St,18,2026-07-02,2,15,2026-07-01,2.0,15,in_bounds
2026-07-02 02:30:00+00:00,0,0.0,0.0,HB303,Clinton St & 7 St,18,2026-07-02,2,30,2026-07-01,2.0,15,in_bounds
2026-07-02 02:45:00+00:00,0,0.0,0.0,HB303,Clinton St & 7 St,18,2026-07-02,2,45,2026-07-01,2.0,15,in_bounds
2026-07-02 03:00:00+00:00,0,0.0,0.0,HB303,Clinton St & 7 St,18,2026-07-02,3,0,2026-07-01,2.0,15,in_bounds
2026-07-02 03:15:00+00:00,0,0.0,0.0,HB303,Clinton St & 7 St,18,2026-07-02,3,15,2026-07-01,2.0,15,in_bounds
2026-07-02 03:30:00+00:00,0,0.0,0.0,HB303,Clinton St & 7 St,18,2026-07-02,3,30,2026-07-01,2.0,15,in_bounds
2026-07-02 03:45:00+00:00,0,0.0,0.0,HB303,Clinton St & 7 St,18,2026-07-02,3,45,2026-07-01,2.0,15,in_bounds
2026-07-02 04:00:00+00:00,0,0.0,0.0,HB303,Clinton St & 7 St,18,2026-07-02,4,0,2026-07-01,2.0,15,in_bounds
2026-07-02 04:15:00+00:00,0,0.0,0.0,HB303,Clinton St & 7 St,18,2026-07-02,4,15,2026-07-01,2.0,15,in_bounds
2026-07-02 04:30:00+00:00,0,0.0,0.0,HB303,Clinton St & 7 St,18,2026-07-02,4,30,2026-07-01,2.0,15,in_bounds
2026-07-02 04:45:00+00:00,0,0.0,0.0,HB303,Clinton St & 7 St,18,2026-07-02,4,45,2026-07-01,2.0,15,in_bounds
2026-07-02 05:00:00+00:00,0,0.0,0.0,HB303,Clinton St & 7 St,18,2026-07-02,5,0,2026-07-02,0.0,15,in_bounds
2026-07-02 05:15:00+00:00,0,0.0,0.0,HB303,Clinton St & 7 St,18,2026-07-02,5,15,2026-07-02,0.0,15,in_bounds
2026-07-02 05:30:00+00:00,0,0.0,0.0,HB303,Clinton St & 7 St,18,2026-07-02,5,30,2026-07-02,0.0,15,in_bounds
2026-07-02 05:45:00+00:00,0,0.0,0.0,HB303,Clinton St & 7 St,18,2026-07-02,5,45,2026-07-02,0.0,15,in_bounds
2026-07-02 06:00:00+00:00,0,0.0,0.0,HB303,Clinton St & 7 St,18,2026-07-02,6,0,2026-07-02,0.0,15,in_bounds
2026-07-02 06:15:00+00:00,0,0.0,0.0,HB303,Clinton St & 7 St,18,2026-07-02,6,15,2026-07-02,0.0,15,in_bounds
2026-07-02 06:30:00+00:00,0,0.0,0.0,HB303,Clinton St & 7 St,18,2026-07-02,6,30,2026-07-02,0.0,15,in_bounds
2026-07-02 06:45:00+00:00,2,0.0,-2.0,HB303,Clinton St & 7 St,18,2026-07-02,6,45,2026-07-02,-2.0,15,in_bounds
2026-07-02 07:00:00+00:00,0,0.0,0.0,HB303,Clinton St & 7 St,18,2026-07-02,7,0,2026-07-02,-2.0,15,in_bounds
2026-07-02 07:15:00+00:00,0,0.0,0.0,HB303,Clinton St & 7 St,18,2026-07-02,7,15,2026-07-02,-2.0,15,in_bounds
2026-07-02 07:30:00+00:00,1,1.0,0.0,HB303,Clinton St & 7 St,18,2026-07-02,7,30,2026-07-02,-2.0,15,in_bounds
2026-07-02 07:45:00+00:00,2,1.0,-1.0,HB303,Clinton St & 7 St,18,2026-07-02,7,45,2026-07-02,-3.0,15,in_bounds
2026-07-02 08:00:00+00:00,1,0.0,-1.0,HB303,Clinton St & 7 St,18,2026-07-02,8,0,2026-07-02,-4.0,15,in_bounds
2026-07-02 08:15:00+00:00,0,1.0,1.0,HB303,Clinton St & 7 St,18,2026-07-02,8,15,2026-07-02,-3.0,15,in_bounds
2026-07-02 08:30:00+00:00,1,3.0,2.0,HB303,Clinton St & 7 St,18,2026-07-02,8,30,2026-07-02,-1.0,15,in_bounds
2026-07-02 08:45:00+00:00,3,3.0,0.0,HB303,Clinton St & 7 St,18,2026-07-02,8,45,2026-07-02,-1.0,15,in_bounds
2026-07-02 09:00:00+00:00,0,1.0,1.0,HB303,Clinton St & 7 St,18,2026-07-02,9,0,2026-07-02,0.0,15,in_bounds
2026-07-02 09:15:00+00:00,0,0.0,0.0,HB303,Clinton St & 7 St,18,2026-07-02,9,15,2026-07-02,0.0,15,in_bounds
2026-07-02 09:30:00+00:00,0,1.0,1.0,HB303,Clinton St & 7 St,18,2026-07-02,9,30,2026-07-02,1.0,15,in_bounds
2026-07-02 09:45:00+00:00,0,0.0,0.0,HB303,Clinton St & 7 St,18,2026-07-02,9,45,2026-07-02,1.0,15,in_bounds
2026-07-02 10:00:00+00:00,1,0.0,-1.0,HB303,Clinton St & 7 St,18,2026-07-02,10,0,2026-07-02,0.0,15,in_bounds
2026-07-02 10:15:00+00:00,1,0.0,-1.0,HB303,Clinton St & 7 St,18,2026-07-02,10,15,2026-07-02,-1.0,15,in_bounds
2026-07-02 10:30:00+00:00,0,0.0,0.0,HB303,Clinton St & 7 St,18,2026-07-02,10,30,2026-07-02,-1.0,15,in_bounds
2026-07-02 10:45:00+00:00,0,0.0,0.0,HB303,Clinton St & 7 St,18,2026-07-02,10,45,2026-07-02,-1.0,15,in_bounds
2026-07-02 11:00:00+00:00,0,0.0,0.0,HB303,Clinton St & 7 St,18,2026-07-02,11,0,2026-07-02,-1.0,15,in_bounds
2026-07-02 11:15:00+00:00,0,0.0,0.0,HB303,Clinton St & 7 St,18,2026-07-02,11,15,2026-07-02,-1.0,15,in_bounds
2026-07-02 11:30:00+00:00,1,1.0,0.0,HB303,Clinton St & 7 St,18,2026-07-02,11,30,2026-07-02,-1.0,15,in_bounds
2026-07-02 11:45:00+00:00,0,0.0,0.0,HB303,Clinton St & 7 St,18,2026-07-02,11,45,2026-07-02,-1.0,15,in_bounds
2026-07-02 12:00:00+00:00,0,1.0,1.0,HB303,Clinton St & 7 St,18,2026-07-02,12,0,2026-07-02,0.0,15,in_bounds
2026-07-02 12:15:00+00:00,0,0.0,0.0,HB303,Clinton St & 7 St,18,2026-07-02,12,15,2026-07-02,0.0,15,in_bounds
2026-07-02 12:30:00+00:00,2,0.0,-2.0,HB303,Clinton St & 7 St,18,2026-07-02,12,30,2026-07-02,-2.0,15,in_bounds
2026-07-02 12:45:00+00:00,1,1.0,0.0,HB303,Clinton St & 7 St,18,2026-07-02,12,45,2026-07-02,-2.0,15,in_bounds
2026-07-02 13:00:00+00:00,2,1.0,-1.0,HB303,Clinton St & 7 St,18,2026-07-02,13,0,2026-07-02,-3.0,15,in_bounds
2026-07-02 13:15:00+00:00,1,0.0,-1.0,HB303,Clinton St & 7 St,18,2026-07-02,13,15,2026-07-02,-4.0,15,in_bounds
2026-07-02 13:30:00+00:00,0,0.0,0.0,HB303,Clinton St & 7 St,18,2026-07-02,13,30,2026-07-02,-4.0,15,in_bounds
2026-07-02 13:45:00+00:00,0,0.0,0.0,HB303,Clinton St & 7 St,18,2026-07-02,13,45,2026-07-02,-4.0,15,in_bounds
2026-07-02 14:00:00+00:00,1,1.0,0.0,HB303,Clinton St & 7 St,18,2026-07-02,14,0,2026-07-02,-4.0,15,in_bounds
2026-07-02 14:15:00+00:00,0,1.0,1.0,HB303,Clinton St & 7 St,18,2026-07-02,14,15,2026-07-02,-3.0,15,in_bounds
2026-07-02 14:30:00+00:00,0,0.0,0.0,HB303,Clinton St & 7 St,18,2026-07-02,14,30,2026-07-02,-3.0,15,in_bounds
2026-07-02 14:45:00+00:00,1,0.0,-1.0,HB303,Clinton St & 7 St,18,2026-07-02,14,45,2026-07-02,-4.0,15,in_bounds
2026-07-02 15:00:00+00:00,0,0.0,0.0,HB303,Clinton St & 7 St,18,2026-07-02,15,0,2026-07-02,-4.0,15,in_bounds
2026-07-02 15:15:00+00:00,1,1.0,0.0,HB303,Clinton St & 7 St,18,2026-07-02,15,15,2026-07-02,-4.0,15,in_bounds
2026-07-02 15:30:00+00:00,0,1.0,1.0,HB303,Clinton St & 7 St,18,2026-07-02,15,30,2026-07-02,-3.0,15,in_bounds
2026-07-02 15:45:00+00:00,1,0.0,-1.0,HB303,Clinton St & 7 St,18,2026-07-02,15,45,2026-07-02,-4.0,15,in_bounds
2026-07-02 16:00:00+00:00,0,0.0,0.0,HB303,Clinton St & 7 St,18,2026-07-02,16,0,2026-07-02,-4.0,15,in_bounds
2026-07-02 16:15:00+00:00,0,1.0,1.0,HB303,Clinton St & 7 St,18,2026-07-02,16,15,2026-07-02,-3.0,15,in_bounds
2026-07-02 16:30:00+00:00,0,0.0,0.0,HB303,Clinton St & 7 St,18,2026-07-02,16,30,2026-07-02,-3.0,15,in_bounds
2026-07-02 16:45:00+00:00,2,0.0,-2.0,HB303,Clinton St & 7 St,18,2026-07-02,16,45,2026-07-02,-5.0,15,in_bounds
2026-07-02 17:00:00+00:00,1,4.0,3.0,HB303,Clinton St & 7 St,18,2026-07-02,17,0,2026-07-02,-2.0,15,in_bounds
2026-07-02 17:15:00+00:00,1,1.0,0.0,HB303,Clinton St & 7 St,18,2026-07-02,17,15,2026-07-02,-2.0,15,in_bounds
2026-07-02 17:30:00+00:00,1,1.0,0.0,HB303,Clinton St & 7 St,18,2026-07-02,17,30,2026-07-02,-2.0,15,in_bounds
2026-07-02 17:45:00+00:00,1,3.0,2.0,HB303,Clinton St & 7 St,18,2026-07-02,17,45,2026-07-02,0.0,15,in_bounds
2026-07-02 18:00:00+00:00,1,1.0,0.0,HB303,Clinton St & 7 St,18,2026-07-02,18,0,2026-07-02,0.0,15,in_bounds
2026-07-02 18:15:00+00:00,1,1.0,0.0,HB303,Clinton St & 7 St,18,2026-07-02,18,15,2026-07-02,0.0,15,in_bounds
2026-07-02 18:30:00+00:00,0,2.0,2.0,HB303,Clinton St & 7 St,18,2026-07-02,18,30,2026-07-02,2.0,15,in_bounds
2026-07-02 18:45:00+00:00,0,0.0,0.0,HB303,Clinton St & 7 St,18,2026-07-02,18,45,2026-07-02,2.0,15,in_bounds
2026-07-02 19:00:00+00:00,1,0.0,-1.0,HB303,Clinton St & 7 St,18,2026-07-02,19,0,2026-07-02,1.0,15,in_bounds
2026-07-02 19:15:00+00:00,2,1.0,-1.0,HB303,Clinton St & 7 St,18,2026-07-02,19,15,2026-07-02,0.0,15,in_bounds
2026-07-02 19:30:00+00:00,0,1.0,1.0,HB303,Clinton St & 7 St,18,2026-07-02,19,30,2026-07-02,1.0,15,in_bounds
2026-07-02 19:45:00+00:00,0,1.0,1.0,HB303,Clinton St & 7 St,18,2026-07-02,19,45,2026-07-02,2.0,15,in_bounds
2026-07-02 20:00:00+00:00,2,0.0,-2.0,HB303,Clinton St & 7 St,18,2026-07-02,20,0,2026-07-02,0.0,15,in_bounds
2026-07-02 20:15:00+00:00,2,0.0,-2.0,HB303,Clinton St & 7 St,18,2026-07-02,20,15,2026-07-02,-2.0,15,in_bounds
2026-07-02 20:30:00+00:00,0,4.0,4.0,HB303,Clinton St & 7 St,18,2026-07-02,20,30,2026-07-02,2.0,15,in_bounds
2026-07-02 20:45:00+00:00,1,0.0,-1.0,HB303,Clinton St & 7 St,18,2026-07-02,20,45,2026-07-02,1.0,15,in_bounds
2026-07-02 21:00:00+00:00,2,0.0,-2.0,HB303,Clinton St & 7 St,18,2026-07-02,21,0,2026-07-02,-1.0,15,in_bounds
2026-07-02 21:15:00+00:00,1,0.0,-1.0,HB303,Clinton St & 7 St,18,2026-07-02,21,15,2026-07-02,-2.0,15,in_bounds
2026-07-02 21:30:00+00:00,0,1.0,1.0,HB303,Clinton St & 7 St,18,2026-07-02,21,30,2026-07-02,-1.0,15,in_bounds
2026-07-02 21:45:00+00:00,1,1.0,0.0,HB303,Clinton St & 7 St,18,2026-07-02,21,45,2026-07-02,-1.0,15,in_bounds
2026-07-02 22:00:00+00:00,1,0.0,-1.0,HB303,Clinton St & 7 St,18,2026-07-02,22,0,2026-07-02,-2.0,15,in_bounds
2026-07-02 22:15:00+00:00,0,0.0,0.0,HB303,Clinton St & 7 St,18,2026-07-02,22,15,2026-07-02,-2.0,15,in_bounds
2026-07-02 22:30:00+00:00,0,0.0,0.0,HB303,Clinton St & 7 St,18,2026-07-02,22,30,2026-07-02,-2.0,15,in_bounds
2026-07-02 22:45:00+00:00,0,0.0,0.0,HB303,Clinton St & 7 St,18,2026-07-02,22,45,2026-07-02,-2.0,15,in_bounds
2026-07-02 23:00:00+00:00,0,4.0,4.0,HB303,Clinton St & 7 St,18,2026-07-02,23,0,2026-07-02,2.0,15,in_bounds
2026-07-02 23:15:00+00:00,1,0.0,-1.0,HB303,Clinton St & 7 St,18,2026-07-02,23,15,2026-07-02,1.0,15,in_bounds
2026-07-02 23:30:00+00:00,0,1.0,1.0,HB303,Clinton St & 7 St,18,2026-07-02,23,30,2026-07-02,2.0,15,in_bounds
2026-07-02 23:45:00+00:00,0,0.0,0.0,HB303,Clinton St & 7 St,18,2026-07-02,23,45,2026-07-02,2.0,15,in_bounds
2026-07-03 00:00:00+00:00,1,0.0,-1.0,HB303,Clinton St & 7 St,18,2026-07-03,0,0,2026-07-02,1.0,15,in_bounds
2026-07-03 00:15:00+00:00,0,0.0,0.0,HB303,Clinton St & 7 St,18,2026-07-03,0,15,2026-07-02,1.0,15,in_bounds
2026-07-03 00:30:00+00:00,1,0.0,-1.0,HB303,Clinton St & 7 St,18,2026-07-03,0,30,2026-07-02,0.0,15,in_bounds
2026-07-03 00:45:00+00:00,0,0.0,0.0,HB303,Clinton St & 7 St,18,2026-07-03,0,45,2026-07-02,0.0,15,in_bounds
2026-07-03 01:00:00+00:00,0,0.0,0.0,HB303,Clinton St & 7 St,18,2026-07-03,1,0,2026-07-02,0.0,15,in_bounds
2026-07-03 01:15:00+00:00,0,1.0,1.0,HB303,Clinton St & 7 St,18,2026-07-03,1,15,2026-07-02,1.0,15,in_bounds
2026-07-03 01:30:00+00:00,0,0.0,0.0,HB303,Clinton St & 7 St,18,2026-07-03,1,30,2026-07-02,1.0,15,in_bounds
2026-07-03 01:45:00+00:00,0,0.0,0.0,HB303,Clinton St & 7 St,18,2026-07-03,1,45,2026-07-02,1.0,15,in_bounds
2026-07-03 02:00:00+00:00,0,0.0,0.0,HB303,Clinton St & 7 St,18,2026-07-03,2,0,2026-07-02,1.0,15,in_bounds
2026-07-03 02:15:00+00:00,0,0.0,0.0,HB303,Clinton St & 7 St,18,2026-07-03,2,15,2026-07-02,1.0,15,in_bounds
2026-07-03 02:30:00+00:00,0,0.0,0.0,HB303,Clinton St & 7 St,18,2026-07-03,2,30,2026-07-02,1.0,15,in_bounds
2026-07-03 02:45:00+00:00,0,0.0,0.0,HB303,Clinton St & 7 St,18,2026-07-03,2,45,2026-07-02,1.0,15,in_bounds
2026-07-03 03:00:00+00:00,1,0.0,-1.0,HB303,Clinton St & 7 St,18,2026-07-03,3,0,2026-07-02,0.0,15,in_bounds
2026-07-03 03:15:00+00:00,0,0.0,0.0,HB303,Clinton St & 7 St,18,2026-07-03,3,15,2026-07-02,0.0,15,in_bounds
2026-07-03 03:30:00+00:00,0,0.0,0.0,HB303,Clinton St & 7 St,18,2026-07-03,3,30,2026-07-02,0.0,15,in_bounds
2026-07-03 03:45:00+00:00,0,0.0,0.0,HB303,Clinton St & 7 St,18,2026-07-03,3,45,2026-07-02,0.0,15,in_bounds
2026-07-03 04:00:00+00:00,0,0.0,0.0,HB303,Clinton St & 7 St,18,2026-07-03,4,0,2026-07-02,0.0,15,in_bounds
2026-07-03 04:15:00+00:00,0,0.0,0.0,HB303,Clinton St & 7 St,18,2026-07-03,4,15,2026-07-02,0.0,15,in_bounds
2026-07-03 04:30:00+00:00,0,0.0,0.0,HB303,Clinton St & 7 St,18,2026-07-03,4,30,2026-07-02,0.0,15,in_bounds
2026-07-03 04:45:00+00:00,0,0.0,0.0,HB303,Clinton St & 7 St,18,2026-07-03,4,45,2026-07-02,0.0,15,in_bounds
2026-07-03 05:00:00+00:00,0,0.0,0.0,HB303,Clinton St & 7 St,18,2026-07-03,5,0,2026-07-03,0.0,15,in_bounds
2026-07-03 05:15:00+00:00,0,0.0,0.0,HB303,Clinton St & 7 St,18,2026-07-03,5,15,2026-07-03,0.0,15,in_bounds
2026-07-03 05:30:00+00:00,0,0.0,0.0,HB303,Clinton St & 7 St,18,2026-07-03,5,30,2026-07-03,0.0,15,in_bounds
2026-07-03 05:45:00+00:00,0,0.0,0.0,HB303,Clinton St & 7 St,18,2026-07-03,5,45,2026-07-03,0.0,15,in_bounds
2026-07-03 06:00:00+00:00,1,0.0,-1.0,HB303,Clinton St & 7 St,18,2026-07-03,6,0,2026-07-03,-1.0,15,in_bounds
2026-07-03 06:15:00+00:00,0,0.0,0.0,HB303,Clinton St & 7 St,18,2026-07-03,6,15,2026-07-03,-1.0,15,in_bounds
2026-07-03 06:30:00+00:00,0,0.0,0.0,HB303,Clinton St & 7 St,18,2026-07-03,6,30,2026-07-03,-1.0,15,in_bounds
2026-07-03 06:45:00+00:00,1,0.0,-1.0,HB303,Clinton St & 7 St,18,2026-07-03,6,45,2026-07-03,-2.0,15,in_bounds
2026-07-03 07:00:00+00:00,0,0.0,0.0,HB303,Clinton St & 7 St,18,2026-07-03,7,0,2026-07-03,-2.0,15,in_bounds
2026-07-03 07:15:00+00:00,0,0.0,0.0,HB303,Clinton St & 7 St,18,2026-07-03,7,15,2026-07-03,-2.0,15,in_bounds
2026-07-03 07:30:00+00:00,0,1.0,1.0,HB303,Clinton St & 7 St,18,2026-07-03,7,30,2026-07-03,-1.0,15,in_bounds
2026-07-03 07:45:00+00:00,1,0.0,-1.0,HB303,Clinton St & 7 St,18,2026-07-03,7,45,2026-07-03,-2.0,15,in_bounds
2026-07-03 08:00:00+00:00,1,0.0,-1.0,HB303,Clinton St & 7 St,18,2026-07-03,8,0,2026-07-03,-3.0,15,in_bounds
2026-07-03 08:15:00+00:00,0,1.0,1.0,HB303,Clinton St & 7 St,18,2026-07-03,8,15,2026-07-03,-2.0,15,in_bounds
2026-07-03 08:30:00+00:00,0,2.0,2.0,HB303,Clinton St & 7 St,18,2026-07-03,8,30,2026-07-03,0.0,15,in_bounds
2026-07-03 08:45:00+00:00,2,1.0,-1.0,HB303,Clinton St & 7 St,18,2026-07-03,8,45,2026-07-03,-1.0,15,in_bounds
2026-07-03 09:00:00+00:00,0,0.0,0.0,HB303,Clinton St & 7 St,18,2026-07-03,9,0,2026-07-03,-1.0,15,in_bounds
2026-07-03 09:15:00+00:00,0,0.0,0.0,HB303,Clinton St & 7 St,18,2026-07-03,9,15,2026-07-03,-1.0,15,in_bounds
2026-07-03 09:30:00+00:00,0,0.0,0.0,HB303,Clinton St & 7 St,18,2026-07-03,9,30,2026-07-03,-1.0,15,in_bounds
2026-07-03 09:45:00+00:00,1,0.0,-1.0,HB303,Clinton St & 7 St,18,2026-07-03,9,45,2026-07-03,-2.0,15,in_bounds
2026-07-03 10:00:00+00:00,0,0.0,0.0,HB303,Clinton St & 7 St,18,2026-07-03,10,0,2026-07-03,-2.0,15,in_bounds
2026-07-03 10:15:00+00:00,0,0.0,0.0,HB303,Clinton St & 7 St,18,2026-07-03,10,15,2026-07-03,-2.0,15,in_bounds
2026-07-03 10:30:00+00:00,1,0.0,-1.0,HB303,Clinton St & 7 St,18,2026-07-03,10,30,2026-07-03,-3.0,15,in_bounds
2026-07-03 10:45:00+00:00,0,0.0,0.0,HB303,Clinton St & 7 St,18,2026-07-03,10,45,2026-07-03,-3.0,15,in_bounds
2026-07-03 11:00:00+00:00,1,0.0,-1.0,HB303,Clinton St & 7 St,18,2026-07-03,11,0,2026-07-03,-4.0,15,in_bounds
2026-07-03 11:15:00+00:00,2,1.0,-1.0,HB303,Clinton St & 7 St,18,2026-07-03,11,15,2026-07-03,-5.0,15,in_bounds
2026-07-03 11:30:00+00:00,0,0.0,0.0,HB303,Clinton St & 7 St,18,2026-07-03,11,30,2026-07-03,-5.0,15,in_bounds
2026-07-03 11:45:00+00:00,1,0.0,-1.0,HB303,Clinton St & 7 St,18,2026-07-03,11,45,2026-07-03,-6.0,15,in_bounds
2026-07-03 12:00:00+00:00,0,0.0,0.0,HB303,Clinton St & 7 St,18,2026-07-03,12,0,2026-07-03,-6.0,15,in_bounds
2026-07-03 12:15:00+00:00,1,1.0,0.0,HB303,Clinton St & 7 St,18,2026-07-03,12,15,2026-07-03,-6.0,15,in_bounds
2026-07-03 12:30:00+00:00,1,0.0,-1.0,HB303,Clinton St & 7 St,18,2026-07-03,12,30,2026-07-03,-7.0,15,in_bounds
2026-07-03 12:45:00+00:00,1,1.0,0.0,HB303,Clinton St & 7 St,18,2026-07-03,12,45,2026-07-03,-7.0,15,in_bounds
2026-07-03 13:00:00+00:00,0,0.0,0.0,HB303,Clinton St & 7 St,18,2026-07-03,13,0,2026-07-03,-7.0,15,in_bounds
2026-07-03 13:15:00+00:00,0,0.0,0.0,HB303,Clinton St & 7 St,18,2026-07-03,13,15,2026-07-03,-7.0,15,in_bounds
2026-07-03 13:30:00+00:00,1,0.0,-1.0,HB303,Clinton St & 7 St,18,2026-07-03,13,30,2026-07-03,-8.0,15,in_bounds
2026-07-03 13:45:00+00:00,0,0.0,0.0,HB303,Clinton St & 7 St,18,2026-07-03,13,45,2026-07-03,-8.0,15,in_bounds
2026-07-03 14:00:00+00:00,0,2.0,2.0,HB303,Clinton St & 7 St,18,2026-07-03,14,0,2026-07-03,-6.0,15,in_bounds
2026-07-03 14:15:00+00:00,0,0.0,0.0,HB303,Clinton St & 7 St,18,2026-07-03,14,15,2026-07-03,-6.0,15,in_bounds
2026-07-03 14:30:00+00:00,0,0.0,0.0,HB303,Clinton St & 7 St,18,2026-07-03,14,30,2026-07-03,-6.0,15,in_bounds
2026-07-03 14:45:00+00:00,0,0.0,0.0,HB303,Clinton St & 7 St,18,2026-07-03,14,45,2026-07-03,-6.0,15,in_bounds
2026-07-03 15:00:00+00:00,0,3.0,3.0,HB303,Clinton St & 7 St,18,2026-07-03,15,0,2026-07-03,-3.0,15,in_bounds
2026-07-03 15:15:00+00:00,0,0.0,0.0,HB303,Clinton St & 7 St,18,2026-07-03,15,15,2026-07-03,-3.0,15,in_bounds
2026-07-03 15:30:00+00:00,3,1.0,-2.0,HB303,Clinton St & 7 St,18,2026-07-03,15,30,2026-07-03,-5.0,15,in_bounds
2026-07-03 15:45:00+00:00,2,1.0,-1.0,HB303,Clinton St & 7 St,18,2026-07-03,15,45,2026-07-03,-6.0,15,in_bounds
2026-07-03 16:00:00+00:00,1,0.0,-1.0,HB303,Clinton St & 7 St,18,2026-07-03,16,0,2026-07-03,-7.0,15,in_bounds
2026-07-03 16:15:00+00:00,0,1.0,1.0,HB303,Clinton St & 7 St,18,2026-07-03,16,15,2026-07-03,-6.0,15,in_bounds
2026-07-03 16:30:00+00:00,0,1.0,1.0,HB303,Clinton St & 7 St,18,2026-07-03,16,30,2026-07-03,-5.0,15,in_bounds
2026-07-03 16:45:00+00:00,2,0.0,-2.0,HB303,Clinton St & 7 St,18,2026-07-03,16,45,2026-07-03,-7.0,15,in_bounds
2026-07-03 17:00:00+00:00,0,0.0,0.0,HB303,Clinton St & 7 St,18,2026-07-03,17,0,2026-07-03,-7.0,15,in_bounds
2026-07-03 17:15:00+00:00,0,0.0,0.0,HB303,Clinton St & 7 St,18,2026-07-03,17,15,2026-07-03,-7.0,15,in_bounds
2026-07-03 17:30:00+00:00,0,0.0,0.0,HB303,Clinton St & 7 St,18,2026-07-03,17,30,2026-07-03,-7.0,15,in_bounds
2026-07-03 17:45:00+00:00,0,0.0,0.0,HB303,Clinton St & 7 St,18,2026-07-03,17,45,2026-07-03,-7.0,15,in_bounds
2026-07-03 18:00:00+00:00,1,0.0,-1.0,HB303,Clinton St & 7 St,18,2026-07-03,18,0,2026-07-03,-8.0,15,in_bounds
2026-07-03 18:15:00+00:00,0,1.0,1.0,HB303,Clinton St & 7 St,18,2026-07-03,18,15,2026-07-03,-7.0,15,in_bounds
2026-07-03 18:30:00+00:00,1,0.0,-1.0,HB303,Clinton St & 7 St,18,2026-07-03,18,30,2026-07-03,-8.0,15,in_bounds
2026-07-03 18:45:00+00:00,2,1.0,-1.0,HB303,Clinton St & 7 St,18,2026-07-03,18,45,2026-07-03,-9.0,15,in_bounds
2026-07-03 19:00:00+00:00,1,1.0,0.0,HB303,Clinton St & 7 St,18,2026-07-03,19,0,2026-07-03,-9.0,15,in_bounds
2026-07-03 19:15:00+00:00,1,1.0,0.0,HB303,Clinton St & 7 St,18,2026-07-03,19,15,2026-07-03,-9.0,15,in_bounds
2026-07-03 19:30:00+00:00,0,1.0,1.0,HB303,Clinton St & 7 St,18,2026-07-03,19,30,2026-07-03,-8.0,15,in_bounds
2026-07-03 19:45:00+00:00,1,0.0,-1.0,HB303,Clinton St & 7 St,18,2026-07-03,19,45,2026-07-03,-9.0,15,in_bounds
2026-07-03 20:00:00+00:00,0,1.0,1.0,HB303,Clinton St & 7 St,18,2026-07-03,20,0,2026-07-03,-8.0,15,in_bounds
2026-07-03 20:15:00+00:00,0,0.0,0.0,HB303,Clinton St & 7 St,18,2026-07-03,20,15,2026-07-03,-8.0,15,in_bounds
2026-07-03 20:30:00+00:00,0,0.0,0.0,HB303,Clinton St & 7 St,18,2026-07-03,20,30,2026-07-03,-8.0,15,in_bounds
2026-07-03 20:45:00+00:00,0,0.0,0.0,HB303,Clinton St & 7 St,18,2026-07-03,20,45,2026-07-03,-8.0,15,in_bounds
2026-07-03 21:00:00+00:00,0,1.0,1.0,HB303,Clinton St & 7 St,18,2026-07-03,21,0,2026-07-03,-7.0,15,in_bounds
2026-07-03 21:15:00+00:00,1,0.0,-1.0,HB303,Clinton St & 7 St,18,2026-07-03,21,15,2026-07-03,-8.0,15,in_bounds
2026-07-03 21:30:00+00:00,0,0.0,0.0,HB303,Clinton St & 7 St,18,2026-07-03,21,30,2026-07-03,-8.0,15,in_bounds
2026-07-03 21:45:00+00:00,0,1.0,1.0,HB303,Clinton St & 7 St,18,2026-07-03,21,45,2026-07-03,-7.0,15,in_bounds
2026-07-03 22:00:00+00:00,0,0.0,0.0,HB303,Clinton St & 7 St,18,2026-07-03,22,0,2026-07-03,-7.0,15,in_bounds
2026-07-03 22:15:00+00:00,0,0.0,0.0,HB303,Clinton St & 7 St,18,2026-07-03,22,15,2026-07-03,-7.0,15,in_bounds
2026-07-03 22:30:00+00:00,0,0.0,0.0,HB303,Clinton St & 7 St,18,2026-07-03,22,30,2026-07-03,-7.0,15,in_bounds
2026-07-03 22:45:00+00:00,0,3.0,3.0,HB303,Clinton St & 7 St,18,2026-07-03,22,45,2026-07-03,-4.0,15,in_bounds
2026-07-03 23:00:00+00:00,0,1.0,1.0,HB303,Clinton St & 7 St,18,2026-07-03,23,0,2026-07-03,-3.0,15,in_bounds
2026-07-03 23:15:00+00:00,0,0.0,0.0,HB303,Clinton St & 7 St,18,2026-07-03,23,15,2026-07-03,-3.0,15,in_bounds
2026-07-03 23:30:00+00:00,0,0.0,0.0,HB303,Clinton St & 7 St,18,2026-07-03,23,30,2026-07-03,-3.0,15,in_bounds
2026-07-03 23:45:00+00:00,0,0.0,0.0,HB303,Clinton St & 7 St,18,2026-07-03,23,45,2026-07-03,-3.0,15,in_bounds
2026-07-04 00:00:00+00:00,0,0.0,0.0,HB303,Clinton St & 7 St,18,2026-07-04,0,0,2026-07-03,-3.0,15,in_bounds
2026-07-04 00:15:00+00:00,0,0.0,0.0,HB303,Clinton St & 7 St,18,2026-07-04,0,15,2026-07-03,-3.0,15,in_bounds
2026-07-04 00:30:00+00:00,0,1.0,1.0,HB303,Clinton St & 7 St,18,2026-07-04,0,30,2026-07-03,-2.0,15,in_bounds
2026-07-04 00:45:00+00:00,0,0.0,0.0,HB303,Clinton St & 7 St,18,2026-07-04,0,45,2026-07-03,-2.0,15,in_bounds
2026-07-04 01:00:00+00:00,0,0.0,0.0,HB303,Clinton St & 7 St,18,2026-07-04,1,0,2026-07-03,-2.0,15,in_bounds
2026-07-04 01:15:00+00:00,0,0.0,0.0,HB303,Clinton St & 7 St,18,2026-07-04,1,15,2026-07-03,-2.0,15,in_bounds
2026-07-04 01:30:00+00:00,0,0.0,0.0,HB303,Clinton St & 7 St,18,2026-07-04,1,30,2026-07-03,-2.0,15,in_bounds
2026-07-04 01:45:00+00:00,0,0.0,0.0,HB303,Clinton St & 7 St,18,2026-07-04,1,45,2026-07-03,-2.0,15,in_bounds
2026-07-04 02:00:00+00:00,0,0.0,0.0,HB303,Clinton St & 7 St,18,2026-07-04,2,0,2026-07-03,-2.0,15,in_bounds
2026-07-04 02:15:00+00:00,0,0.0,0.0,HB303,Clinton St & 7 St,18,2026-07-04,2,15,2026-07-03,-2.0,15,in_bounds
2026-07-04 02:30:00+00:00,0,1.0,1.0,HB303,Clinton St & 7 St,18,2026-07-04,2,30,2026-07-03,-1.0,15,in_bounds
2026-07-04 02:45:00+00:00,0,4.0,4.0,HB303,Clinton St & 7 St,18,2026-07-04,2,45,2026-07-03,3.0,15,in_bounds
2026-07-04 03:00:00+00:00,0,0.0,0.0,HB303,Clinton St & 7 St,18,2026-07-04,3,0,2026-07-03,3.0,15,in_bounds
2026-07-04 03:15:00+00:00,0,0.0,0.0,HB303,Clinton St & 7 St,18,2026-07-04,3,15,2026-07-03,3.0,15,in_bounds
2026-07-04 03:30:00+00:00,0,0.0,0.0,HB303,Clinton St & 7 St,18,2026-07-04,3,30,2026-07-03,3.0,15,in_bounds
2026-07-04 03:45:00+00:00,0,0.0,0.0,HB303,Clinton St & 7 St,18,2026-07-04,3,45,2026-07-03,3.0,15,in_bounds
2026-07-04 04:00:00+00:00,0,0.0,0.0,HB303,Clinton St & 7 St,18,2026-07-04,4,0,2026-07-03,3.0,15,in_bounds
2026-07-04 04:15:00+00:00,0,0.0,0.0,HB303,Clinton St & 7 St,18,2026-07-04,4,15,2026-07-03,3.0,15,in_bounds
2026-07-04 04:30:00+00:00,0,0.0,0.0,HB303,Clinton St & 7 St,18,2026-07-04,4,30,2026-07-03,3.0,15,in_bounds
2026-07-04 04:45:00+00:00,0,0.0,0.0,HB303,Clinton St & 7 St,18,2026-07-04,4,45,2026-07-03,3.0,15,in_bounds
2026-07-04 05:00:00+00:00,0,0.0,0.0,HB303,Clinton St & 7 St,18,2026-07-04,5,0,2026-07-04,0.0,15,in_bounds
2026-07-04 05:15:00+00:00,0,0.0,0.0,HB303,Clinton St & 7 St,18,2026-07-04,5,15,2026-07-04,0.0,15,in_bounds
2026-07-04 05:30:00+00:00,0,0.0,0.0,HB303,Clinton St & 7 St,18,2026-07-04,5,30,2026-07-04,0.0,15,in_bounds
2026-07-04 05:45:00+00:00,0,0.0,0.0,HB303,Clinton St & 7 St,18,2026-07-04,5,45,2026-07-04,0.0,15,in_bounds
2026-07-04 06:00:00+00:00,0,0.0,0.0,HB303,Clinton St & 7 St,18,2026-07-04,6,0,2026-07-04,0.0,15,in_bounds
2026-07-04 06:15:00+00:00,0,0.0,0.0,HB303,Clinton St & 7 St,18,2026-07-04,6,15,2026-07-04,0.0,15,in_bounds
2026-07-04 06:30:00+00:00,0,0.0,0.0,HB303,Clinton St & 7 St,18,2026-07-04,6,30,2026-07-04,0.0,15,in_bounds
2026-07-04 06:45:00+00:00,0,0.0,0.0,HB303,Clinton St & 7 St,18,2026-07-04,6,45,2026-07-04,0.0,15,in_bounds
2026-07-04 07:00:00+00:00,0,0.0,0.0,HB303,Clinton St & 7 St,18,2026-07-04,7,0,2026-07-04,0.0,15,in_bounds
2026-07-04 07:15:00+00:00,0,0.0,0.0,HB303,Clinton St & 7 St,18,2026-07-04,7,15,2026-07-04,0.0,15,in_bounds
2026-07-04 07:30:00+00:00,0,0.0,0.0,HB303,Clinton St & 7 St,18,2026-07-04,7,30,2026-07-04,0.0,15,in_bounds
2026-07-04 07:45:00+00:00,1,0.0,-1.0,HB303,Clinton St & 7 St,18,2026-07-04,7,45,2026-07-04,-1.0,15,in_bounds
2026-07-04 08:00:00+00:00,2,0.0,-2.0,HB303,Clinton St & 7 St,18,2026-07-04,8,0,2026-07-04,-3.0,15,in_bounds
2026-07-04 08:15:00+00:00,0,0.0,0.0,HB303,Clinton St & 7 St,18,2026-07-04,8,15,2026-07-04,-3.0,15,in_bounds
2026-07-04 08:30:00+00:00,1,0.0,-1.0,HB303,Clinton St & 7 St,18,2026-07-04,8,30,2026-07-04,-4.0,15,in_bounds
2026-07-04 08:45:00+00:00,0,0.0,0.0,HB303,Clinton St & 7 St,18,2026-07-04,8,45,2026-07-04,-4.0,15,in_bounds
2026-07-04 09:00:00+00:00,0,0.0,0.0,HB303,Clinton St & 7 St,18,2026-07-04,9,0,2026-07-04,-4.0,15,in_bounds
2026-07-04 09:15:00+00:00,0,0.0,0.0,HB303,Clinton St & 7 St,18,2026-07-04,9,15,2026-07-04,-4.0,15,in_bounds
2026-07-04 09:30:00+00:00,0,2.0,2.0,HB303,Clinton St & 7 St,18,2026-07-04,9,30,2026-07-04,-2.0,15,in_bounds
2026-07-04 09:45:00+00:00,2,0.0,-2.0,HB303,Clinton St & 7 St,18,2026-07-04,9,45,2026-07-04,-4.0,15,in_bounds
2026-07-04 10:00:00+00:00,0,2.0,2.0,HB303,Clinton St & 7 St,18,2026-07-04,10,0,2026-07-04,-2.0,15,in_bounds
2026-07-04 10:15:00+00:00,0,0.0,0.0,HB303,Clinton St & 7 St,18,2026-07-04,10,15,2026-07-04,-2.0,15,in_bounds
2026-07-04 10:30:00+00:00,1,0.0,-1.0,HB303,Clinton St & 7 St,18,2026-07-04,10,30,2026-07-04,-3.0,15,in_bounds
2026-07-04 10:45:00+00:00,2,0.0,-2.0,HB303,Clinton St & 7 St,18,2026-07-04,10,45,2026-07-04,-5.0,15,in_bounds
2026-07-04 11:00:00+00:00,1,0.0,-1.0,HB303,Clinton St & 7 St,18,2026-07-04,11,0,2026-07-04,-6.0,15,in_bounds
2026-07-04 11:15:00+00:00,1,1.0,0.0,HB303,Clinton St & 7 St,18,2026-07-04,11,15,2026-07-04,-6.0,15,in_bounds
2026-07-04 11:30:00+00:00,1,1.0,0.0,HB303,Clinton St & 7 St,18,2026-07-04,11,30,2026-07-04,-6.0,15,in_bounds
2026-07-04 11:45:00+00:00,1,0.0,-1.0,HB303,Clinton St & 7 St,18,2026-07-04,11,45,2026-07-04,-7.0,15,in_bounds
2026-07-04 12:00:00+00:00,1,1.0,0.0,HB303,Clinton St & 7 St,18,2026-07-04,12,0,2026-07-04,-7.0,15,in_bounds
2026-07-04 12:15:00+00:00,0,1.0,1.0,HB303,Clinton St & 7 St,18,2026-07-04,12,15,2026-07-04,-6.0,15,in_bounds
2026-07-04 12:30:00+00:00,3,0.0,-3.0,HB303,Clinton St & 7 St,18,2026-07-04,12,30,2026-07-04,-9.0,15,in_bounds
2026-07-04 12:45:00+00:00,0,0.0,0.0,HB303,Clinton St & 7 St,18,2026-07-04,12,45,2026-07-04,-9.0,15,in_bounds
2026-07-04 13:00:00+00:00,0,0.0,0.0,HB303,Clinton St & 7 St,18,2026-07-04,13,0,2026-07-04,-9.0,15,in_bounds
2026-07-04 13:15:00+00:00,0,0.0,0.0,HB303,Clinton St & 7 St,18,2026-07-04,13,15,2026-07-04,-9.0,15,in_bounds
2026-07-04 13:30:00+00:00,1,0.0,-1.0,HB303,Clinton St & 7 St,18,2026-07-04,13,30,2026-07-04,-10.0,15,in_bounds
2026-07-04 13:45:00+00:00,0,0.0,0.0,HB303,Clinton St & 7 St,18,2026-07-04,13,45,2026-07-04,-10.0,15,in_bounds
2026-07-04 14:00:00+00:00,0,1.0,1.0,HB303,Clinton St & 7 St,18,2026-07-04,14,0,2026-07-04,-9.0,15,in_bounds
2026-07-04 14:15:00+00:00,0,0.0,0.0,HB303,Clinton St & 7 St,18,2026-07-04,14,15,2026-07-04,-9.0,15,in_bounds
2026-07-04 14:30:00+00:00,1,0.0,-1.0,HB303,Clinton St & 7 St,18,2026-07-04,14,30,2026-07-04,-10.0,15,in_bounds
2026-07-04 14:45:00+00:00,0,0.0,0.0,HB303,Clinton St & 7 St,18,2026-07-04,14,45,2026-07-04,-10.0,15,in_bounds
2026-07-04 15:00:00+00:00,2,2.0,0.0,HB303,Clinton St & 7 St,18,2026-07-04,15,0,2026-07-04,-10.0,15,in_bounds
2026-07-04 15:15:00+00:00,1,0.0,-1.0,HB303,Clinton St & 7 St,18,2026-07-04,15,15,2026-07-04,-11.0,15,in_bounds
2026-07-04 15:30:00+00:00,0,1.0,1.0,HB303,Clinton St & 7 St,18,2026-07-04,15,30,2026-07-04,-10.0,15,in_bounds
2026-07-04 15:45:00+00:00,1,2.0,1.0,HB303,Clinton St & 7 St,18,2026-07-04,15,45,2026-07-04,-9.0,15,in_bounds
2026-07-04 16:00:00+00:00,0,1.0,1.0,HB303,Clinton St & 7 St,18,2026-07-04,16,0,2026-07-04,-8.0,15,in_bounds
2026-07-04 16:15:00+00:00,2,1.0,-1.0,HB303,Clinton St & 7 St,18,2026-07-04,16,15,2026-07-04,-9.0,15,in_bounds
2026-07-04 16:30:00+00:00,1,1.0,0.0,HB303,Clinton St & 7 St,18,2026-07-04,16,30,2026-07-04,-9.0,15,in_bounds
2026-07-04 16:45:00+00:00,0,1.0,1.0,HB303,Clinton St & 7 St,18,2026-07-04,16,45,2026-07-04,-8.0,15,in_bounds
2026-07-04 17:00:00+00:00,0,0.0,0.0,HB303,Clinton St & 7 St,18,2026-07-04,17,0,2026-07-04,-8.0,15,in_bounds
2026-07-04 17:15:00+00:00,0,0.0,0.0,HB303,Clinton St & 7 St,18,2026-07-04,17,15,2026-07-04,-8.0,15,in_bounds
2026-07-04 17:30:00+00:00,2,0.0,-2.0,HB303,Clinton St & 7 St,18,2026-07-04,17,30,2026-07-04,-10.0,15,in_bounds
2026-07-04 17:45:00+00:00,2,0.0,-2.0,HB303,Clinton St & 7 St,18,2026-07-04,17,45,2026-07-04,-12.0,15,in_bounds
2026-07-04 18:00:00+00:00,1,0.0,-1.0,HB303,Clinton St & 7 St,18,2026-07-04,18,0,2026-07-04,-13.0,15,in_bounds
2026-07-04 18:15:00+00:00,0,0.0,0.0,HB303,Clinton St & 7 St,18,2026-07-04,18,15,2026-07-04,-13.0,15,in_bounds
2026-07-04 18:30:00+00:00,0,0.0,0.0,HB303,Clinton St & 7 St,18,2026-07-04,18,30,2026-07-04,-13.0,15,in_bounds
2026-07-04 18:45:00+00:00,1,2.0,1.0,HB303,Clinton St & 7 St,18,2026-07-04,18,45,2026-07-04,-12.0,15,in_bounds
2026-07-04 19:00:00+00:00,0,0.0,0.0,HB303,Clinton St & 7 St,18,2026-07-04,19,0,2026-07-04,-12.0,15,in_bounds
2026-07-04 19:15:00+00:00,0,0.0,0.0,HB303,Clinton St & 7 St,18,2026-07-04,19,15,2026-07-04,-12.0,15,in_bounds
2026-07-04 19:30:00+00:00,0,1.0,1.0,HB303,Clinton St & 7 St,18,2026-07-04,19,30,2026-07-04,-11.0,15,in_bounds
2026-07-04 19:45:00+00:00,1,2.0,1.0,HB303,Clinton St & 7 St,18,2026-07-04,19,45,2026-07-04,-10.0,15,in_bounds
2026-07-04 20:00:00+00:00,1,0.0,-1.0,HB303,Clinton St & 7 St,18,2026-07-04,20,0,2026-07-04,-11.0,15,in_bounds
2026-07-04 20:15:00+00:00,0,0.0,0.0,HB303,Clinton St & 7 St,18,2026-07-04,20,15,2026-07-04,-11.0,15,in_bounds
2026-07-04 20:30:00+00:00,2,1.0,-1.0,HB303,Clinton St & 7 St,18,2026-07-04,20,30,2026-07-04,-12.0,15,in_bounds
2026-07-04 20:45:00+00:00,0,1.0,1.0,HB303,Clinton St & 7 St,18,2026-07-04,20,45,2026-07-04,-11.0,15,in_bounds
2026-07-04 21:00:00+00:00,0,1.0,1.0,HB303,Clinton St & 7 St,18,2026-07-04,21,0,2026-07-04,-10.0,15,in_bounds
2026-07-04 21:15:00+00:00,2,0.0,-2.0,HB303,Clinton St & 7 St,18,2026-07-04,21,15,2026-07-04,-12.0,15,in_bounds
2026-07-04 21:30:00+00:00,1,0.0,-1.0,HB303,Clinton St & 7 St,18,2026-07-04,21,30,2026-07-04,-13.0,15,in_bounds
2026-07-04 21:45:00+00:00,0,2.0,2.0,HB303,Clinton St & 7 St,18,2026-07-04,21,45,2026-07-04,-11.0,15,in_bounds
2026-07-04 22:00:00+00:00,0,0.0,0.0,HB303,Clinton St & 7 St,18,2026-07-04,22,0,2026-07-04,-11.0,15,in_bounds
2026-07-04 22:15:00+00:00,0,1.0,1.0,HB303,Clinton St & 7 St,18,2026-07-04,22,15,2026-07-04,-10.0,15,in_bounds
2026-07-04 22:30:00+00:00,1,0.0,-1.0,HB303,Clinton St & 7 St,18,2026-07-04,22,30,2026-07-04,-11.0,15,in_bounds
2026-07-04 22:45:00+00:00,0,0.0,0.0,HB303,Clinton St & 7 St,18,2026-07-04,22,45,2026-07-04,-11.0,15,in_bounds
2026-07-04 23:00:00+00:00,0,0.0,0.0,HB303,Clinton St & 7 St,18,2026-07-04,23,0,2026-07-04,-11.0,15,in_bounds
2026-07-04 23:15:00+00:00,0,2.0,2.0,HB303,Clinton St & 7 St,18,2026-07-04,23,15,2026-07-04,-9.0,15,in_bounds
2026-07-04 23:30:00+00:00,0,0.0,0.0,HB303,Clinton St & 7 St,18,2026-07-04,23,30,2026-07-04,-9.0,15,in_bounds
2026-07-04 23:45:00+00:00,0,0.0,0.0,HB303,Clinton St & 7 St,18,2026-07-04,23,45,2026-07-04,-9.0,15,in_bounds
2026-07-05 00:00:00+00:00,0,0.0,0.0,HB303,Clinton St & 7 St,18,2026-07-05,0,0,2026-07-04,-9.0,15,in_bounds
2026-07-05 00:15:00+00:00,0,0.0,0.0,HB303,Clinton St & 7 St,18,2026-07-05,0,15,2026-07-04,-9.0,15,in_bounds
2026-07-05 00:30:00+00:00,0,1.0,1.0,HB303,Clinton St & 7 St,18,2026-07-05,0,30,2026-07-04,-8.0,15,in_bounds
2026-07-05 00:45:00+00:00,1,0.0,-1.0,HB303,Clinton St & 7 St,18,2026-07-05,0,45,2026-07-04,-9.0,15,in_bounds
2026-07-05 01:00:00+00:00,0,0.0,0.0,HB303,Clinton St & 7 St,18,2026-07-05,1,0,2026-07-04,-9.0,15,in_bounds
2026-07-05 01:15:00+00:00,0,0.0,0.0,HB303,Clinton St & 7 St,18,2026-07-05,1,15,2026-07-04,-9.0,15,in_bounds
2026-07-05 01:30:00+00:00,0,0.0,0.0,HB303,Clinton St & 7 St,18,2026-07-05,1,30,2026-07-04,-9.0,15,in_bounds
2026-07-05 01:45:00+00:00,0,0.0,0.0,HB303,Clinton St & 7 St,18,2026-07-05,1,45,2026-07-04,-9.0,15,in_bounds
2026-07-05 02:00:00+00:00,0,0.0,0.0,HB303,Clinton St & 7 St,18,2026-07-05,2,0,2026-07-04,-9.0,15,in_bounds
2026-07-05 02:15:00+00:00,0,0.0,0.0,HB303,Clinton St & 7 St,18,2026-07-05,2,15,2026-07-04,-9.0,15,in_bounds
2026-07-05 02:30:00+00:00,0,0.0,0.0,HB303,Clinton St & 7 St,18,2026-07-05,2,30,2026-07-04,-9.0,15,in_bounds
2026-07-05 02:45:00+00:00,0,0.0,0.0,HB303,Clinton St & 7 St,18,2026-07-05,2,45,2026-07-04,-9.0,15,in_bounds
2026-07-05 03:00:00+00:00,0,0.0,0.0,HB303,Clinton St & 7 St,18,2026-07-05,3,0,2026-07-04,-9.0,15,in_bounds
2026-07-05 03:15:00+00:00,0,0.0,0.0,HB303,Clinton St & 7 St,18,2026-07-05,3,15,2026-07-04,-9.0,15,in_bounds
2026-07-05 03:30:00+00:00,0,0.0,0.0,HB303,Clinton St & 7 St,18,2026-07-05,3,30,2026-07-04,-9.0,15,in_bounds
2026-07-05 03:45:00+00:00,0,0.0,0.0,HB303,Clinton St & 7 St,18,2026-07-05,3,45,2026-07-04,-9.0,15,in_bounds
2026-07-05 04:00:00+00:00,0,0.0,0.0,HB303,Clinton St & 7 St,18,2026-07-05,4,0,2026-07-04,-9.0,15,in_bounds
2026-07-05 04:15:00+00:00,0,0.0,0.0,HB303,Clinton St & 7 St,18,2026-07-05,4,15,2026-07-04,-9.0,15,in_bounds
2026-07-05 04:30:00+00:00,0,0.0,0.0,HB303,Clinton St & 7 St,18,2026-07-05,4,30,2026-07-04,-9.0,15,in_bounds
2026-07-05 04:45:00+00:00,0,0.0,0.0,HB303,Clinton St & 7 St,18,2026-07-05,4,45,2026-07-04,-9.0,15,in_bounds
2026-07-05 05:00:00+00:00,0,0.0,0.0,HB303,Clinton St & 7 St,18,2026-07-05,5,0,2026-07-05,0.0,15,in_bounds
2026-07-05 05:15:00+00:00,0,0.0,0.0,HB303,Clinton St & 7 St,18,2026-07-05,5,15,2026-07-05,0.0,15,in_bounds
2026-07-05 05:30:00+00:00,0,0.0,0.0,HB303,Clinton St & 7 St,18,2026-07-05,5,30,2026-07-05,0.0,15,in_bounds
2026-07-05 05:45:00+00:00,0,0.0,0.0,HB303,Clinton St & 7 St,18,2026-07-05,5,45,2026-07-05,0.0,15,in_bounds
2026-07-05 06:00:00+00:00,0,0.0,0.0,HB303,Clinton St & 7 St,18,2026-07-05,6,0,2026-07-05,0.0,15,in_bounds
2026-07-05 06:15:00+00:00,0,0.0,0.0,HB303,Clinton St & 7 St,18,2026-07-05,6,15,2026-07-05,0.0,15,in_bounds
2026-07-05 06:30:00+00:00,0,0.0,0.0,HB303,Clinton St & 7 St,18,2026-07-05,6,30,2026-07-05,0.0,15,in_bounds
2026-07-05 06:45:00+00:00,0,0.0,0.0,HB303,Clinton St & 7 St,18,2026-07-05,6,45,2026-07-05,0.0,15,in_bounds
2026-07-05 07:00:00+00:00,0,0.0,0.0,HB303,Clinton St & 7 St,18,2026-07-05,7,0,2026-07-05,0.0,15,in_bounds
2026-07-05 07:15:00+00:00,0,0.0,0.0,HB303,Clinton St & 7 St,18,2026-07-05,7,15,2026-07-05,0.0,15,in_bounds
2026-07-05 07:30:00+00:00,0,0.0,0.0,HB303,Clinton St & 7 St,18,2026-07-05,7,30,2026-07-05,0.0,15,in_bounds
2026-07-05 07:45:00+00:00,0,0.0,0.0,HB303,Clinton St & 7 St,18,2026-07-05,7,45,2026-07-05,0.0,15,in_bounds
2026-07-05 08:00:00+00:00,1,1.0,0.0,HB303,Clinton St & 7 St,18,2026-07-05,8,0,2026-07-05,0.0,15,in_bounds
2026-07-05 08:15:00+00:00,0,2.0,2.0,HB303,Clinton St & 7 St,18,2026-07-05,8,15,2026-07-05,2.0,15,in_bounds
2026-07-05 08:30:00+00:00,0,0.0,0.0,HB303,Clinton St & 7 St,18,2026-07-05,8,30,2026-07-05,2.0,15,in_bounds
2026-07-05 08:45:00+00:00,1,0.0,-1.0,HB303,Clinton St & 7 St,18,2026-07-05,8,45,2026-07-05,1.0,15,in_bounds
2026-07-05 09:00:00+00:00,0,0.0,0.0,HB303,Clinton St & 7 St,18,2026-07-05,9,0,2026-07-05,1.0,15,in_bounds
2026-07-05 09:15:00+00:00,0,0.0,0.0,HB303,Clinton St & 7 St,18,2026-07-05,9,15,2026-07-05,1.0,15,in_bounds
2026-07-05 09:30:00+00:00,0,0.0,0.0,HB303,Clinton St & 7 St,18,2026-07-05,9,30,2026-07-05,1.0,15,in_bounds
2026-07-05 09:45:00+00:00,0,0.0,0.0,HB303,Clinton St & 7 St,18,2026-07-05,9,45,2026-07-05,1.0,15,in_bounds
2026-07-05 10:00:00+00:00,0,0.0,0.0,HB303,Clinton St & 7 St,18,2026-07-05,10,0,2026-07-05,1.0,15,in_bounds
2026-07-05 10:15:00+00:00,0,0.0,0.0,HB303,Clinton St & 7 St,18,2026-07-05,10,15,2026-07-05,1.0,15,in_bounds
2026-07-05 10:30:00+00:00,0,0.0,0.0,HB303,Clinton St & 7 St,18,2026-07-05,10,30,2026-07-05,1.0,15,in_bounds
2026-07-05 10:45:00+00:00,1,0.0,-1.0,HB303,Clinton St & 7 St,18,2026-07-05,10,45,2026-07-05,0.0,15,in_bounds
2026-07-05 11:00:00+00:00,3,0.0,-3.0,HB303,Clinton St & 7 St,18,2026-07-05,11,0,2026-07-05,-3.0,15,in_bounds
2026-07-05 11:15:00+00:00,0,0.0,0.0,HB303,Clinton St & 7 St,18,2026-07-05,11,15,2026-07-05,-3.0,15,in_bounds
2026-07-05 11:30:00+00:00,0,0.0,0.0,HB303,Clinton St & 7 St,18,2026-07-05,11,30,2026-07-05,-3.0,15,in_bounds
2026-07-05 11:45:00+00:00,0,0.0,0.0,HB303,Clinton St & 7 St,18,2026-07-05,11,45,2026-07-05,-3.0,15,in_bounds
2026-07-05 12:00:00+00:00,0,0.0,0.0,HB303,Clinton St & 7 St,18,2026-07-05,12,0,2026-07-05,-3.0,15,in_bounds
2026-07-05 12:15:00+00:00,0,0.0,0.0,HB303,Clinton St & 7 St,18,2026-07-05,12,15,2026-07-05,-3.0,15,in_bounds
2026-07-05 12:30:00+00:00,0,0.0,0.0,HB303,Clinton St & 7 St,18,2026-07-05,12,30,2026-07-05,-3.0,15,in_bounds
2026-07-05 12:45:00+00:00,0,0.0,0.0,HB303,Clinton St & 7 St,18,2026-07-05,12,45,2026-07-05,-3.0,15,in_bounds
2026-07-05 13:00:00+00:00,0,0.0,0.0,HB303,Clinton St & 7 St,18,2026-07-05,13,0,2026-07-05,-3.0,15,in_bounds
2026-07-05 13:15:00+00:00,0,2.0,2.0,HB303,Clinton St & 7 St,18,2026-07-05,13,15,2026-07-05,-1.0,15,in_bounds
2026-07-05 13:30:00+00:00,0,0.0,0.0,HB303,Clinton St & 7 St,18,2026-07-05,13,30,2026-07-05,-1.0,15,in_bounds
2026-07-05 13:45:00+00:00,1,0.0,-1.0,HB303,Clinton St & 7 St,18,2026-07-05,13,45,2026-07-05,-2.0,15,in_bounds
2026-07-05 14:00:00+00:00,0,0.0,0.0,HB303,Clinton St & 7 St,18,2026-07-05,14,0,2026-07-05,-2.0,15,in_bounds
2026-07-05 14:15:00+00:00,2,1.0,-1.0,HB303,Clinton St & 7 St,18,2026-07-05,14,15,2026-07-05,-3.0,15,in_bounds
2026-07-05 14:30:00+00:00,3,1.0,-2.0,HB303,Clinton St & 7 St,18,2026-07-05,14,30,2026-07-05,-5.0,15,in_bounds
2026-07-05 14:45:00+00:00,0,0.0,0.0,HB303,Clinton St & 7 St,18,2026-07-05,14,45,2026-07-05,-5.0,15,in_bounds
2026-07-05 15:00:00+00:00,0,1.0,1.0,HB303,Clinton St & 7 St,18,2026-07-05,15,0,2026-07-05,-4.0,15,in_bounds
2026-07-05 15:15:00+00:00,2,2.0,0.0,HB303,Clinton St & 7 St,18,2026-07-05,15,15,2026-07-05,-4.0,15,in_bounds
2026-07-05 15:30:00+00:00,0,3.0,3.0,HB303,Clinton St & 7 St,18,2026-07-05,15,30,2026-07-05,-1.0,15,in_bounds
2026-07-05 15:45:00+00:00,0,0.0,0.0,HB303,Clinton St & 7 St,18,2026-07-05,15,45,2026-07-05,-1.0,15,in_bounds
2026-07-05 16:00:00+00:00,0,1.0,1.0,HB303,Clinton St & 7 St,18,2026-07-05,16,0,2026-07-05,0.0,15,in_bounds
2026-07-05 16:15:00+00:00,0,0.0,0.0,HB303,Clinton St & 7 St,18,2026-07-05,16,15,2026-07-05,0.0,15,in_bounds
2026-07-05 16:30:00+00:00,2,0.0,-2.0,HB303,Clinton St & 7 St,18,2026-07-05,16,30,2026-07-05,-2.0,15,in_bounds
2026-07-05 16:45:00+00:00,0,2.0,2.0,HB303,Clinton St & 7 St,18,2026-07-05,16,45,2026-07-05,0.0,15,in_bounds
2026-07-05 17:00:00+00:00,1,1.0,0.0,HB303,Clinton St & 7 St,18,2026-07-05,17,0,2026-07-05,0.0,15,in_bounds
2026-07-05 17:15:00+00:00,0,2.0,2.0,HB303,Clinton St & 7 St,18,2026-07-05,17,15,2026-07-05,2.0,15,in_bounds
2026-07-05 17:30:00+00:00,0,0.0,0.0,HB303,Clinton St & 7 St,18,2026-07-05,17,30,2026-07-05,2.0,15,in_bounds
2026-07-05 17:45:00+00:00,3,0.0,-3.0,HB303,Clinton St & 7 St,18,2026-07-05,17,45,2026-07-05,-1.0,15,in_bounds
2026-07-05 18:00:00+00:00,1,0.0,-1.0,HB303,Clinton St & 7 St,18,2026-07-05,18,0,2026-07-05,-2.0,15,in_bounds
2026-07-05 18:15:00+00:00,0,0.0,0.0,HB303,Clinton St & 7 St,18,2026-07-05,18,15,2026-07-05,-2.0,15,in_bounds
2026-07-05 18:30:00+00:00,0,0.0,0.0,HB303,Clinton St & 7 St,18,2026-07-05,18,30,2026-07-05,-2.0,15,in_bounds
2026-07-05 18:45:00+00:00,0,3.0,3.0,HB303,Clinton St & 7 St,18,2026-07-05,18,45,2026-07-05,1.0,15,in_bounds
2026-07-05 19:00:00+00:00,1,0.0,-1.0,HB303,Clinton St & 7 St,18,2026-07-05,19,0,2026-07-05,0.0,15,in_bounds
2026-07-05 19:15:00+00:00,1,2.0,1.0,HB303,Clinton St & 7 St,18,2026-07-05,19,15,2026-07-05,1.0,15,in_bounds
2026-07-05 19:30:00+00:00,0,2.0,2.0,HB303,Clinton St & 7 St,18,2026-07-05,19,30,2026-07-05,3.0,15,in_bounds
2026-07-05 19:45:00+00:00,2,1.0,-1.0,HB303,Clinton St & 7 St,18,2026-07-05,19,45,2026-07-05,2.0,15,in_bounds
2026-07-05 20:00:00+00:00,3,1.0,-2.0,HB303,Clinton St & 7 St,18,2026-07-05,20,0,2026-07-05,0.0,15,in_bounds
2026-07-05 20:15:00+00:00,1,0.0,-1.0,HB303,Clinton St & 7 St,18,2026-07-05,20,15,2026-07-05,-1.0,15,in_bounds
2026-07-05 20:30:00+00:00,0,0.0,0.0,HB303,Clinton St & 7 St,18,2026-07-05,20,30,2026-07-05,-1.0,15,in_bounds
2026-07-05 20:45:00+00:00,0,1.0,1.0,HB303,Clinton St & 7 St,18,2026-07-05,20,45,2026-07-05,0.0,15,in_bounds
2026-07-05 21:00:00+00:00,0,1.0,1.0,HB303,Clinton St & 7 St,18,2026-07-05,21,0,2026-07-05,1.0,15,in_bounds
2026-07-05 21:15:00+00:00,0,0.0,0.0,HB303,Clinton St & 7 St,18,2026-07-05,21,15,2026-07-05,1.0,15,in_bounds
2026-07-05 21:30:00+00:00,0,0.0,0.0,HB303,Clinton St & 7 St,18,2026-07-05,21,30,2026-07-05,1.0,15,in_bounds
2026-07-05 21:45:00+00:00,0,1.0,1.0,HB303,Clinton St & 7 St,18,2026-07-05,21,45,2026-07-05,2.0,15,in_bounds
2026-07-05 22:00:00+00:00,0,0.0,0.0,HB303,Clinton St & 7 St,18,2026-07-05,22,0,2026-07-05,2.0,15,in_bounds
2026-07-05 22:15:00+00:00,0,0.0,0.0,HB303,Clinton St & 7 St,18,2026-07-05,22,15,2026-07-05,2.0,15,in_bounds
2026-07-05 22:30:00+00:00,0,0.0,0.0,HB303,Clinton St & 7 St,18,2026-07-05,22,30,2026-07-05,2.0,15,in_bounds
2026-07-05 22:45:00+00:00,0,0.0,0.0,HB303,Clinton St & 7 St,18,2026-07-05,22,45,2026-07-05,2.0,15,in_bounds
2026-07-05 23:00:00+00:00,2,0.0,-2.0,HB303,Clinton St & 7 St,18,2026-07-05,23,0,2026-07-05,0.0,15,in_bounds
2026-07-05 23:15:00+00:00,0,0.0,0.0,HB303,Clinton St & 7 St,18,2026-07-05,23,15,2026-07-05,0.0,15,in_bounds
2026-07-05 23:30:00+00:00,0,1.0,1.0,HB303,Clinton St & 7 St,18,2026-07-05,23,30,2026-07-05,1.0,15,in_bounds
2026-07-05 23:45:00+00:00,0,0.0,0.0,HB303,Clinton St & 7 St,18,2026-07-05,23,45,2026-07-05,1.0,15,in_bounds
2026-07-06 00:00:00+00:00,0,0.0,0.0,HB303,Clinton St & 7 St,18,2026-07-06,0,0,2026-07-05,1.0,15,in_bounds
2026-07-06 00:15:00+00:00,0,0.0,0.0,HB303,Clinton St & 7 St,18,2026-07-06,0,15,2026-07-05,1.0,15,in_bounds
2026-07-06 00:30:00+00:00,0,0.0,0.0,HB303,Clinton St & 7 St,18,2026-07-06,0,30,2026-07-05,1.0,15,in_bounds
2026-07-06 00:45:00+00:00,0,0.0,0.0,HB303,Clinton St & 7 St,18,2026-07-06,0,45,2026-07-05,1.0,15,in_bounds
2026-07-06 01:00:00+00:00,0,0.0,0.0,HB303,Clinton St & 7 St,18,2026-07-06,1,0,2026-07-05,1.0,15,in_bounds
2026-07-06 01:15:00+00:00,0,0.0,0.0,HB303,Clinton St & 7 St,18,2026-07-06,1,15,2026-07-05,1.0,15,in_bounds
2026-07-06 01:30:00+00:00,0,0.0,0.0,HB303,Clinton St & 7 St,18,2026-07-06,1,30,2026-07-05,1.0,15,in_bounds
2026-07-06 01:45:00+00:00,0,0.0,0.0,HB303,Clinton St & 7 St,18,2026-07-06,1,45,2026-07-05,1.0,15,in_bounds
2026-07-06 02:00:00+00:00,0,0.0,0.0,HB303,Clinton St & 7 St,18,2026-07-06,2,0,2026-07-05,1.0,15,in_bounds
2026-07-06 02:15:00+00:00,0,0.0,0.0,HB303,Clinton St & 7 St,18,2026-07-06,2,15,2026-07-05,1.0,15,in_bounds
2026-07-06 02:30:00+00:00,0,1.0,1.0,HB303,Clinton St & 7 St,18,2026-07-06,2,30,2026-07-05,2.0,15,in_bounds
2026-07-06 02:45:00+00:00,0,0.0,0.0,HB303,Clinton St & 7 St,18,2026-07-06,2,45,2026-07-05,2.0,15,in_bounds
2026-07-06 03:00:00+00:00,0,0.0,0.0,HB303,Clinton St & 7 St,18,2026-07-06,3,0,2026-07-05,2.0,15,in_bounds
2026-07-06 03:15:00+00:00,0,0.0,0.0,HB303,Clinton St & 7 St,18,2026-07-06,3,15,2026-07-05,2.0,15,in_bounds
2026-07-06 03:30:00+00:00,0,0.0,0.0,HB303,Clinton St & 7 St,18,2026-07-06,3,30,2026-07-05,2.0,15,in_bounds
2026-07-06 03:45:00+00:00,0,0.0,0.0,HB303,Clinton St & 7 St,18,2026-07-06,3,45,2026-07-05,2.0,15,in_bounds
2026-07-06 04:00:00+00:00,0,0.0,0.0,HB303,Clinton St & 7 St,18,2026-07-06,4,0,2026-07-05,2.0,15,in_bounds
2026-07-06 04:15:00+00:00,0,0.0,0.0,HB303,Clinton St & 7 St,18,2026-07-06,4,15,2026-07-05,2.0,15,in_bounds
2026-07-06 04:30:00+00:00,0,0.0,0.0,HB303,Clinton St & 7 St,18,2026-07-06,4,30,2026-07-05,2.0,15,in_bounds
2026-07-06 04:45:00+00:00,0,0.0,0.0,HB303,Clinton St & 7 St,18,2026-07-06,4,45,2026-07-05,2.0,15,in_bounds
2026-07-06 05:00:00+00:00,0,0.0,0.0,HB303,Clinton St & 7 St,18,2026-07-06,5,0,2026-07-06,0.0,15,in_bounds
2026-07-06 05:15:00+00:00,0,0.0,0.0,HB303,Clinton St & 7 St,18,2026-07-06,5,15,2026-07-06,0.0,15,in_bounds
2026-07-06 05:30:00+00:00,0,0.0,0.0,HB303,Clinton St & 7 St,18,2026-07-06,5,30,2026-07-06,0.0,15,in_bounds
2026-07-06 05:45:00+00:00,1,0.0,-1.0,HB303,Clinton St & 7 St,18,2026-07-06,5,45,2026-07-06,-1.0,15,in_bounds
2026-07-06 06:00:00+00:00,1,0.0,-1.0,HB303,Clinton St & 7 St,18,2026-07-06,6,0,2026-07-06,-2.0,15,in_bounds
2026-07-06 06:15:00+00:00,0,0.0,0.0,HB303,Clinton St & 7 St,18,2026-07-06,6,15,2026-07-06,-2.0,15,in_bounds
2026-07-06 06:30:00+00:00,1,0.0,-1.0,HB303,Clinton St & 7 St,18,2026-07-06,6,30,2026-07-06,-3.0,15,in_bounds
2026-07-06 06:45:00+00:00,1,0.0,-1.0,HB303,Clinton St & 7 St,18,2026-07-06,6,45,2026-07-06,-4.0,15,in_bounds
2026-07-06 07:00:00+00:00,0,0.0,0.0,HB303,Clinton St & 7 St,18,2026-07-06,7,0,2026-07-06,-4.0,15,in_bounds
2026-07-06 07:15:00+00:00,0,0.0,0.0,HB303,Clinton St & 7 St,18,2026-07-06,7,15,2026-07-06,-4.0,15,in_bounds
2026-07-06 07:30:00+00:00,0,1.0,1.0,HB303,Clinton St & 7 St,18,2026-07-06,7,30,2026-07-06,-3.0,15,in_bounds
2026-07-06 07:45:00+00:00,1,0.0,-1.0,HB303,Clinton St & 7 St,18,2026-07-06,7,45,2026-07-06,-4.0,15,in_bounds
2026-07-06 08:00:00+00:00,0,0.0,0.0,HB303,Clinton St & 7 St,18,2026-07-06,8,0,2026-07-06,-4.0,15,in_bounds
2026-07-06 08:15:00+00:00,1,0.0,-1.0,HB303,Clinton St & 7 St,18,2026-07-06,8,15,2026-07-06,-5.0,15,in_bounds
2026-07-06 08:30:00+00:00,1,0.0,-1.0,HB303,Clinton St & 7 St,18,2026-07-06,8,30,2026-07-06,-6.0,15,in_bounds
2026-07-06 08:45:00+00:00,0,1.0,1.0,HB303,Clinton St & 7 St,18,2026-07-06,8,45,2026-07-06,-5.0,15,in_bounds
2026-07-06 09:00:00+00:00,0,1.0,1.0,HB303,Clinton St & 7 St,18,2026-07-06,9,0,2026-07-06,-4.0,15,in_bounds
2026-07-06 09:15:00+00:00,0,0.0,0.0,HB303,Clinton St & 7 St,18,2026-07-06,9,15,2026-07-06,-4.0,15,in_bounds
2026-07-06 09:30:00+00:00,1,0.0,-1.0,HB303,Clinton St & 7 St,18,2026-07-06,9,30,2026-07-06,-5.0,15,in_bounds
2026-07-06 09:45:00+00:00,0,1.0,1.0,HB303,Clinton St & 7 St,18,2026-07-06,9,45,2026-07-06,-4.0,15,in_bounds
2026-07-06 10:00:00+00:00,0,0.0,0.0,HB303,Clinton St & 7 St,18,2026-07-06,10,0,2026-07-06,-4.0,15,in_bounds
2026-07-06 10:15:00+00:00,0,0.0,0.0,HB303,Clinton St & 7 St,18,2026-07-06,10,15,2026-07-06,-4.0,15,in_bounds
2026-07-06 10:30:00+00:00,0,1.0,1.0,HB303,Clinton St & 7 St,18,2026-07-06,10,30,2026-07-06,-3.0,15,in_bounds
2026-07-06 10:45:00+00:00,1,0.0,-1.0,HB303,Clinton St & 7 St,18,2026-07-06,10,45,2026-07-06,-4.0,15,in_bounds
2026-07-06 11:00:00+00:00,2,1.0,-1.0,HB303,Clinton St & 7 St,18,2026-07-06,11,0,2026-07-06,-5.0,15,in_bounds
2026-07-06 11:15:00+00:00,2,0.0,-2.0,HB303,Clinton St & 7 St,18,2026-07-06,11,15,2026-07-06,-7.0,15,in_bounds
2026-07-06 11:30:00+00:00,0,0.0,0.0,HB303,Clinton St & 7 St,18,2026-07-06,11,30,2026-07-06,-7.0,15,in_bounds
2026-07-06 11:45:00+00:00,0,0.0,0.0,HB303,Clinton St & 7 St,18,2026-07-06,11,45,2026-07-06,-7.0,15,in_bounds
2026-07-06 12:00:00+00:00,0,0.0,0.0,HB303,Clinton St & 7 St,18,2026-07-06,12,0,2026-07-06,-7.0,15,in_bounds
2026-07-06 12:15:00+00:00,0,0.0,0.0,HB303,Clinton St & 7 St,18,2026-07-06,12,15,2026-07-06,-7.0,15,in_bounds
2026-07-06 12:30:00+00:00,0,0.0,0.0,HB303,Clinton St & 7 St,18,2026-07-06,12,30,2026-07-06,-7.0,15,in_bounds
2026-07-06 12:45:00+00:00,0,0.0,0.0,HB303,Clinton St & 7 St,18,2026-07-06,12,45,2026-07-06,-7.0,15,in_bounds
2026-07-06 13:00:00+00:00,0,0.0,0.0,HB303,Clinton St & 7 St,18,2026-07-06,13,0,2026-07-06,-7.0,15,in_bounds
2026-07-06 13:15:00+00:00,1,1.0,0.0,HB303,Clinton St & 7 St,18,2026-07-06,13,15,2026-07-06,-7.0,15,in_bounds
2026-07-06 13:30:00+00:00,0,0.0,0.0,HB303,Clinton St & 7 St,18,2026-07-06,13,30,2026-07-06,-7.0,15,in_bounds
2026-07-06 13:45:00+00:00,0,0.0,0.0,HB303,Clinton St & 7 St,18,2026-07-06,13,45,2026-07-06,-7.0,15,in_bounds
2026-07-06 14:00:00+00:00,1,0.0,-1.0,HB303,Clinton St & 7 St,18,2026-07-06,14,0,2026-07-06,-8.0,15,in_bounds
2026-07-06 14:15:00+00:00,0,2.0,2.0,HB303,Clinton St & 7 St,18,2026-07-06,14,15,2026-07-06,-6.0,15,in_bounds
2026-07-06 14:30:00+00:00,0,0.0,0.0,HB303,Clinton St & 7 St,18,2026-07-06,14,30,2026-07-06,-6.0,15,in_bounds
2026-07-06 14:45:00+00:00,0,1.0,1.0,HB303,Clinton St & 7 St,18,2026-07-06,14,45,2026-07-06,-5.0,15,in_bounds
2026-07-06 15:00:00+00:00,0,1.0,1.0,HB303,Clinton St & 7 St,18,2026-07-06,15,0,2026-07-06,-4.0,15,in_bounds
2026-07-06 15:15:00+00:00,0,0.0,0.0,HB303,Clinton St & 7 St,18,2026-07-06,15,15,2026-07-06,-4.0,15,in_bounds
2026-07-06 15:30:00+00:00,0,0.0,0.0,HB303,Clinton St & 7 St,18,2026-07-06,15,30,2026-07-06,-4.0,15,in_bounds
2026-07-06 15:45:00+00:00,1,0.0,-1.0,HB303,Clinton St & 7 St,18,2026-07-06,15,45,2026-07-06,-5.0,15,in_bounds
2026-07-06 16:00:00+00:00,1,1.0,0.0,HB303,Clinton St & 7 St,18,2026-07-06,16,0,2026-07-06,-5.0,15,in_bounds
2026-07-06 16:15:00+00:00,1,0.0,-1.0,HB303,Clinton St & 7 St,18,2026-07-06,16,15,2026-07-06,-6.0,15,in_bounds
2026-07-06 16:30:00+00:00,1,0.0,-1.0,HB303,Clinton St & 7 St,18,2026-07-06,16,30,2026-07-06,-7.0,15,in_bounds
2026-07-06 16:45:00+00:00,0,0.0,0.0,HB303,Clinton St & 7 St,18,2026-07-06,16,45,2026-07-06,-7.0,15,in_bounds
2026-07-06 17:00:00+00:00,0,0.0,0.0,HB303,Clinton St & 7 St,18,2026-07-06,17,0,2026-07-06,-7.0,15,in_bounds
2026-07-06 17:15:00+00:00,2,1.0,-1.0,HB303,Clinton St & 7 St,18,2026-07-06,17,15,2026-07-06,-8.0,15,in_bounds
2026-07-06 17:30:00+00:00,0,4.0,4.0,HB303,Clinton St & 7 St,18,2026-07-06,17,30,2026-07-06,-4.0,15,in_bounds
2026-07-06 17:45:00+00:00,2,0.0,-2.0,HB303,Clinton St & 7 St,18,2026-07-06,17,45,2026-07-06,-6.0,15,in_bounds
2026-07-06 18:00:00+00:00,1,0.0,-1.0,HB303,Clinton St & 7 St,18,2026-07-06,18,0,2026-07-06,-7.0,15,in_bounds
2026-07-06 18:15:00+00:00,0,1.0,1.0,HB303,Clinton St & 7 St,18,2026-07-06,18,15,2026-07-06,-6.0,15,in_bounds
2026-07-06 18:30:00+00:00,0,0.0,0.0,HB303,Clinton St & 7 St,18,2026-07-06,18,30,2026-07-06,-6.0,15,in_bounds
2026-07-06 18:45:00+00:00,0,0.0,0.0,HB303,Clinton St & 7 St,18,2026-07-06,18,45,2026-07-06,-6.0,15,in_bounds
2026-07-06 19:00:00+00:00,0,1.0,1.0,HB303,Clinton St & 7 St,18,2026-07-06,19,0,2026-07-06,-5.0,15,in_bounds
2026-07-06 19:15:00+00:00,0,1.0,1.0,HB303,Clinton St & 7 St,18,2026-07-06,19,15,2026-07-06,-4.0,15,in_bounds
2026-07-06 19:30:00+00:00,1,0.0,-1.0,HB303,Clinton St & 7 St,18,2026-07-06,19,30,2026-07-06,-5.0,15,in_bounds
2026-07-06 19:45:00+00:00,0,1.0,1.0,HB303,Clinton St & 7 St,18,2026-07-06,19,45,2026-07-06,-4.0,15,in_bounds
2026-07-06 20:00:00+00:00,0,2.0,2.0,HB303,Clinton St & 7 St,18,2026-07-06,20,0,2026-07-06,-2.0,15,in_bounds
2026-07-06 20:15:00+00:00,1,1.0,0.0,HB303,Clinton St & 7 St,18,2026-07-06,20,15,2026-07-06,-2.0,15,in_bounds
2026-07-06 20:30:00+00:00,0,1.0,1.0,HB303,Clinton St & 7 St,18,2026-07-06,20,30,2026-07-06,-1.0,15,in_bounds
2026-07-06 20:45:00+00:00,0,0.0,0.0,HB303,Clinton St & 7 St,18,2026-07-06,20,45,2026-07-06,-1.0,15,in_bounds
2026-07-06 21:00:00+00:00,0,0.0,0.0,HB303,Clinton St & 7 St,18,2026-07-06,21,0,2026-07-06,-1.0,15,in_bounds
2026-07-06 21:15:00+00:00,0,0.0,0.0,HB303,Clinton St & 7 St,18,2026-07-06,21,15,2026-07-06,-1.0,15,in_bounds
2026-07-06 21:30:00+00:00,1,0.0,-1.0,HB303,Clinton St & 7 St,18,2026-07-06,21,30,2026-07-06,-2.0,15,in_bounds
2026-07-06 21:45:00+00:00,0,0.0,0.0,HB303,Clinton St & 7 St,18,2026-07-06,21,45,2026-07-06,-2.0,15,in_bounds
2026-07-06 22:00:00+00:00,0,0.0,0.0,HB303,Clinton St & 7 St,18,2026-07-06,22,0,2026-07-06,-2.0,15,in_bounds
2026-07-06 22:15:00+00:00,0,0.0,0.0,HB303,Clinton St & 7 St,18,2026-07-06,22,15,2026-07-06,-2.0,15,in_bounds
2026-07-06 22:30:00+00:00,0,1.0,1.0,HB303,Clinton St & 7 St,18,2026-07-06,22,30,2026-07-06,-1.0,15,in_bounds
2026-07-06 22:45:00+00:00,0,0.0,0.0,HB303,Clinton St & 7 St,18,2026-07-06,22,45,2026-07-06,-1.0,15,in_bounds
2026-07-06 23:00:00+00:00,0,1.0,1.0,HB303,Clinton St & 7 St,18,2026-07-06,23,0,2026-07-06,0.0,15,in_bounds
2026-07-06 23:15:00+00:00,0,0.0,0.0,HB303,Clinton St & 7 St,18,2026-07-06,23,15,2026-07-06,0.0,15,in_bounds
2026-07-06 23:30:00+00:00,0,0.0,0.0,HB303,Clinton St & 7 St,18,2026-07-06,23,30,2026-07-06,0.0,15,in_bounds
2026-07-06 23:45:00+00:00,0,0.0,0.0,HB303,Clinton St & 7 St,18,2026-07-06,23,45,2026-07-06,0.0,15,in_bounds
2026-07-07 00:00:00+00:00,0,0.0,0.0,HB303,Clinton St & 7 St,18,2026-07-07,0,0,2026-07-06,0.0,15,in_bounds
2026-07-07 00:15:00+00:00,0,0.0,0.0,HB303,Clinton St & 7 St,18,2026-07-07,0,15,2026-07-06,0.0,15,in_bounds
2026-07-07 00:30:00+00:00,0,0.0,0.0,HB303,Clinton St & 7 St,18,2026-07-07,0,30,2026-07-06,0.0,15,in_bounds
2026-07-07 00:45:00+00:00,0,0.0,0.0,HB303,Clinton St & 7 St,18,2026-07-07,0,45,2026-07-06,0.0,15,in_bounds
2026-07-07 01:00:00+00:00,0,0.0,0.0,HB303,Clinton St & 7 St,18,2026-07-07,1,0,2026-07-06,0.0,15,in_bounds
2026-07-07 01:15:00+00:00,0,0.0,0.0,HB303,Clinton St & 7 St,18,2026-07-07,1,15,2026-07-06,0.0,15,in_bounds
2026-07-07 01:30:00+00:00,0,0.0,0.0,HB303,Clinton St & 7 St,18,2026-07-07,1,30,2026-07-06,0.0,15,in_bounds
2026-07-07 01:45:00+00:00,0,0.0,0.0,HB303,Clinton St & 7 St,18,2026-07-07,1,45,2026-07-06,0.0,15,in_bounds
2026-07-07 02:00:00+00:00,0,0.0,0.0,HB303,Clinton St & 7 St,18,2026-07-07,2,0,2026-07-06,0.0,15,in_bounds
2026-07-07 02:15:00+00:00,0,0.0,0.0,HB303,Clinton St & 7 St,18,2026-07-07,2,15,2026-07-06,0.0,15,in_bounds
2026-07-07 02:30:00+00:00,0,0.0,0.0,HB303,Clinton St & 7 St,18,2026-07-07,2,30,2026-07-06,0.0,15,in_bounds
2026-07-07 02:45:00+00:00,0,0.0,0.0,HB303,Clinton St & 7 St,18,2026-07-07,2,45,2026-07-06,0.0,15,in_bounds
2026-07-07 03:00:00+00:00,0,0.0,0.0,HB303,Clinton St & 7 St,18,2026-07-07,3,0,2026-07-06,0.0,15,in_bounds
2026-07-07 03:15:00+00:00,0,0.0,0.0,HB303,Clinton St & 7 St,18,2026-07-07,3,15,2026-07-06,0.0,15,in_bounds
2026-07-07 03:30:00+00:00,0,0.0,0.0,HB303,Clinton St & 7 St,18,2026-07-07,3,30,2026-07-06,0.0,15,in_bounds
2026-07-07 03:45:00+00:00,0,0.0,0.0,HB303,Clinton St & 7 St,18,2026-07-07,3,45,2026-07-06,0.0,15,in_bounds
2026-07-07 04:00:00+00:00,0,0.0,0.0,HB303,Clinton St & 7 St,18,2026-07-07,4,0,2026-07-06,0.0,15,in_bounds
2026-07-07 04:15:00+00:00,0,0.0,0.0,HB303,Clinton St & 7 St,18,2026-07-07,4,15,2026-07-06,0.0,15,in_bounds
2026-07-07 04:30:00+00:00,0,0.0,0.0,HB303,Clinton St & 7 St,18,2026-07-07,4,30,2026-07-06,0.0,15,in_bounds
2026-07-07 04:45:00+00:00,0,0.0,0.0,HB303,Clinton St & 7 St,18,2026-07-07,4,45,2026-07-06,0.0,15,in_bounds
2026-07-07 05:00:00+00:00,0,0.0,0.0,HB303,Clinton St & 7 St,18,2026-07-07,5,0,2026-07-07,0.0,15,in_bounds
2026-07-07 05:15:00+00:00,0,0.0,0.0,HB303,Clinton St & 7 St,18,2026-07-07,5,15,2026-07-07,0.0,15,in_bounds
2026-07-07 05:30:00+00:00,0,0.0,0.0,HB303,Clinton St & 7 St,18,2026-07-07,5,30,2026-07-07,0.0,15,in_bounds
2026-07-07 05:45:00+00:00,0,0.0,0.0,HB303,Clinton St & 7 St,18,2026-07-07,5,45,2026-07-07,0.0,15,in_bounds
2026-07-07 06:00:00+00:00,0,0.0,0.0,HB303,Clinton St & 7 St,18,2026-07-07,6,0,2026-07-07,0.0,15,in_bounds
2026-07-07 06:15:00+00:00,1,0.0,-1.0,HB303,Clinton St & 7 St,18,2026-07-07,6,15,2026-07-07,-1.0,15,in_bounds
2026-07-07 06:30:00+00:00,1,0.0,-1.0,HB303,Clinton St & 7 St,18,2026-07-07,6,30,2026-07-07,-2.0,15,in_bounds
2026-07-07 06:45:00+00:00,1,0.0,-1.0,HB303,Clinton St & 7 St,18,2026-07-07,6,45,2026-07-07,-3.0,15,in_bounds
2026-07-07 07:00:00+00:00,0,0.0,0.0,HB303,Clinton St & 7 St,18,2026-07-07,7,0,2026-07-07,-3.0,15,in_bounds
2026-07-07 07:15:00+00:00,0,1.0,1.0,HB303,Clinton St & 7 St,18,2026-07-07,7,15,2026-07-07,-2.0,15,in_bounds
2026-07-07 07:30:00+00:00,2,0.0,-2.0,HB303,Clinton St & 7 St,18,2026-07-07,7,30,2026-07-07,-4.0,15,in_bounds
2026-07-07 07:45:00+00:00,1,0.0,-1.0,HB303,Clinton St & 7 St,18,2026-07-07,7,45,2026-07-07,-5.0,15,in_bounds
2026-07-07 08:00:00+00:00,0,1.0,1.0,HB303,Clinton St & 7 St,18,2026-07-07,8,0,2026-07-07,-4.0,15,in_bounds
2026-07-07 08:15:00+00:00,4,1.0,-3.0,HB303,Clinton St & 7 St,18,2026-07-07,8,15,2026-07-07,-7.0,15,in_bounds
2026-07-07 08:30:00+00:00,2,3.0,1.0,HB303,Clinton St & 7 St,18,2026-07-07,8,30,2026-07-07,-6.0,15,in_bounds
2026-07-07 08:45:00+00:00,0,2.0,2.0,HB303,Clinton St & 7 St,18,2026-07-07,8,45,2026-07-07,-4.0,15,in_bounds
2026-07-07 09:00:00+00:00,0,1.0,1.0,HB303,Clinton St & 7 St,18,2026-07-07,9,0,2026-07-07,-3.0,15,in_bounds
2026-07-07 09:15:00+00:00,1,0.0,-1.0,HB303,Clinton St & 7 St,18,2026-07-07,9,15,2026-07-07,-4.0,15,in_bounds
2026-07-07 09:30:00+00:00,1,0.0,-1.0,HB303,Clinton St & 7 St,18,2026-07-07,9,30,2026-07-07,-5.0,15,in_bounds
2026-07-07 09:45:00+00:00,0,0.0,0.0,HB303,Clinton St & 7 St,18,2026-07-07,9,45,2026-07-07,-5.0,15,in_bounds
2026-07-07 10:00:00+00:00,0,0.0,0.0,HB303,Clinton St & 7 St,18,2026-07-07,10,0,2026-07-07,-5.0,15,in_bounds
2026-07-07 10:15:00+00:00,0,1.0,1.0,HB303,Clinton St & 7 St,18,2026-07-07,10,15,2026-07-07,-4.0,15,in_bounds
2026-07-07 10:30:00+00:00,0,0.0,0.0,HB303,Clinton St & 7 St,18,2026-07-07,10,30,2026-07-07,-4.0,15,in_bounds
2026-07-07 10:45:00+00:00,2,1.0,-1.0,HB303,Clinton St & 7 St,18,2026-07-07,10,45,2026-07-07,-5.0,15,in_bounds
2026-07-07 11:00:00+00:00,0,0.0,0.0,HB303,Clinton St & 7 St,18,2026-07-07,11,0,2026-07-07,-5.0,15,in_bounds
2026-07-07 11:15:00+00:00,0,1.0,1.0,HB303,Clinton St & 7 St,18,2026-07-07,11,15,2026-07-07,-4.0,15,in_bounds
2026-07-07 11:30:00+00:00,1,0.0,-1.0,HB303,Clinton St & 7 St,18,2026-07-07,11,30,2026-07-07,-5.0,15,in_bounds
2026-07-07 11:45:00+00:00,0,0.0,0.0,HB303,Clinton St & 7 St,18,2026-07-07,11,45,2026-07-07,-5.0,15,in_bounds
2026-07-07 12:00:00+00:00,1,0.0,-1.0,HB303,Clinton St & 7 St,18,2026-07-07,12,0,2026-07-07,-6.0,15,in_bounds
2026-07-07 12:15:00+00:00,0,1.0,1.0,HB303,Clinton St & 7 St,18,2026-07-07,12,15,2026-07-07,-5.0,15,in_bounds
2026-07-07 12:30:00+00:00,0,1.0,1.0,HB303,Clinton St & 7 St,18,2026-07-07,12,30,2026-07-07,-4.0,15,in_bounds
2026-07-07 12:45:00+00:00,1,0.0,-1.0,HB303,Clinton St & 7 St,18,2026-07-07,12,45,2026-07-07,-5.0,15,in_bounds
2026-07-07 13:00:00+00:00,0,0.0,0.0,HB303,Clinton St & 7 St,18,2026-07-07,13,0,2026-07-07,-5.0,15,in_bounds
2026-07-07 13:15:00+00:00,0,0.0,0.0,HB303,Clinton St & 7 St,18,2026-07-07,13,15,2026-07-07,-5.0,15,in_bounds
2026-07-07 13:30:00+00:00,0,0.0,0.0,HB303,Clinton St & 7 St,18,2026-07-07,13,30,2026-07-07,-5.0,15,in_bounds
2026-07-07 13:45:00+00:00,0,0.0,0.0,HB303,Clinton St & 7 St,18,2026-07-07,13,45,2026-07-07,-5.0,15,in_bounds
2026-07-07 14:00:00+00:00,2,0.0,-2.0,HB303,Clinton St & 7 St,18,2026-07-07,14,0,2026-07-07,-7.0,15,in_bounds
2026-07-07 14:15:00+00:00,0,0.0,0.0,HB303,Clinton St & 7 St,18,2026-07-07,14,15,2026-07-07,-7.0,15,in_bounds
2026-07-07 14:30:00+00:00,0,1.0,1.0,HB303,Clinton St & 7 St,18,2026-07-07,14,30,2026-07-07,-6.0,15,in_bounds
2026-07-07 14:45:00+00:00,1,0.0,-1.0,HB303,Clinton St & 7 St,18,2026-07-07,14,45,2026-07-07,-7.0,15,in_bounds
2026-07-07 15:00:00+00:00,1,1.0,0.0,HB303,Clinton St & 7 St,18,2026-07-07,15,0,2026-07-07,-7.0,15,in_bounds
2026-07-07 15:15:00+00:00,0,1.0,1.0,HB303,Clinton St & 7 St,18,2026-07-07,15,15,2026-07-07,-6.0,15,in_bounds
2026-07-07 15:30:00+00:00,0,0.0,0.0,HB303,Clinton St & 7 St,18,2026-07-07,15,30,2026-07-07,-6.0,15,in_bounds
2026-07-07 15:45:00+00:00,1,0.0,-1.0,HB303,Clinton St & 7 St,18,2026-07-07,15,45,2026-07-07,-7.0,15,in_bounds
2026-07-07 16:00:00+00:00,0,0.0,0.0,HB303,Clinton St & 7 St,18,2026-07-07,16,0,2026-07-07,-7.0,15,in_bounds
2026-07-07 16:15:00+00:00,0,1.0,1.0,HB303,Clinton St & 7 St,18,2026-07-07,16,15,2026-07-07,-6.0,15,in_bounds
2026-07-07 16:30:00+00:00,0,3.0,3.0,HB303,Clinton St & 7 St,18,2026-07-07,16,30,2026-07-07,-3.0,15,in_bounds
2026-07-07 16:45:00+00:00,1,2.0,1.0,HB303,Clinton St & 7 St,18,2026-07-07,16,45,2026-07-07,-2.0,15,in_bounds
2026-07-07 17:00:00+00:00,2,1.0,-1.0,HB303,Clinton St & 7 St,18,2026-07-07,17,0,2026-07-07,-3.0,15,in_bounds
2026-07-07 17:15:00+00:00,1,3.0,2.0,HB303,Clinton St & 7 St,18,2026-07-07,17,15,2026-07-07,-1.0,15,in_bounds
2026-07-07 17:30:00+00:00,2,2.0,0.0,HB303,Clinton St & 7 St,18,2026-07-07,17,30,2026-07-07,-1.0,15,in_bounds
2026-07-07 17:45:00+00:00,3,2.0,-1.0,HB303,Clinton St & 7 St,18,2026-07-07,17,45,2026-07-07,-2.0,15,in_bounds
2026-07-07 18:00:00+00:00,1,4.0,3.0,HB303,Clinton St & 7 St,18,2026-07-07,18,0,2026-07-07,1.0,15,in_bounds
2026-07-07 18:15:00+00:00,3,5.0,2.0,HB303,Clinton St & 7 St,18,2026-07-07,18,15,2026-07-07,3.0,15,in_bounds
2026-07-07 18:30:00+00:00,3,1.0,-2.0,HB303,Clinton St & 7 St,18,2026-07-07,18,30,2026-07-07,1.0,15,in_bounds
2026-07-07 18:45:00+00:00,0,0.0,0.0,HB303,Clinton St & 7 St,18,2026-07-07,18,45,2026-07-07,1.0,15,in_bounds
2026-07-07 19:00:00+00:00,3,2.0,-1.0,HB303,Clinton St & 7 St,18,2026-07-07,19,0,2026-07-07,0.0,15,in_bounds
2026-07-07 19:15:00+00:00,1,1.0,0.0,HB303,Clinton St & 7 St,18,2026-07-07,19,15,2026-07-07,0.0,15,in_bounds
2026-07-07 19:30:00+00:00,0,1.0,1.0,HB303,Clinton St & 7 St,18,2026-07-07,19,30,2026-07-07,1.0,15,in_bounds
2026-07-07 19:45:00+00:00,0,2.0,2.0,HB303,Clinton St & 7 St,18,2026-07-07,19,45,2026-07-07,3.0,15,in_bounds
2026-07-07 20:00:00+00:00,1,0.0,-1.0,HB303,Clinton St & 7 St,18,2026-07-07,20,0,2026-07-07,2.0,15,in_bounds
2026-07-07 20:15:00+00:00,0,0.0,0.0,HB303,Clinton St & 7 St,18,2026-07-07,20,15,2026-07-07,2.0,15,in_bounds
2026-07-07 20:30:00+00:00,0,0.0,0.0,HB303,Clinton St & 7 St,18,2026-07-07,20,30,2026-07-07,2.0,15,in_bounds
2026-07-07 20:45:00+00:00,0,0.0,0.0,HB303,Clinton St & 7 St,18,2026-07-07,20,45,2026-07-07,2.0,15,in_bounds
2026-07-07 21:00:00+00:00,0,0.0,0.0,HB303,Clinton St & 7 St,18,2026-07-07,21,0,2026-07-07,2.0,15,in_bounds
2026-07-07 21:15:00+00:00,0,2.0,2.0,HB303,Clinton St & 7 St,18,2026-07-07,21,15,2026-07-07,4.0,15,over_capacity
2026-07-07 21:30:00+00:00,0,1.0,1.0,HB303,Clinton St & 7 St,18,2026-07-07,21,30,2026-07-07,5.0,15,over_capacity
2026-07-07 21:45:00+00:00,0,1.0,1.0,HB303,Clinton St & 7 St,18,2026-07-07,21,45,2026-07-07,6.0,15,over_capacity
2026-07-07 22:00:00+00:00,1,1.0,0.0,HB303,Clinton St & 7 St,18,2026-07-07,22,0,2026-07-07,6.0,15,over_capacity
2026-07-07 22:15:00+00:00,2,0.0,-2.0,HB303,Clinton St & 7 St,18,2026-07-07,22,15,2026-07-07,4.0,15,over_capacity
2026-07-07 22:30:00+00:00,0,0.0,0.0,HB303,Clinton St & 7 St,18,2026-07-07,22,30,2026-07-07,4.0,15,over_capacity
2026-07-07 22:45:00+00:00,1,0.0,-1.0,HB303,Clinton St & 7 St,18,2026-07-07,22,45,2026-07-07,3.0,15,in_bounds
2026-07-07 23:00:00+00:00,0,0.0,0.0,HB303,Clinton St & 7 St,18,2026-07-07,23,0,2026-07-07,3.0,15,in_bounds
2026-07-07 23:15:00+00:00,0,0.0,0.0,HB303,Clinton St & 7 St,18,2026-07-07,23,15,2026-07-07,3.0,15,in_bounds
2026-07-07 23:30:00+00:00,0,0.0,0.0,HB303,Clinton St & 7 St,18,2026-07-07,23,30,2026-07-07,3.0,15,in_bounds
2026-07-07 23:45:00+00:00,0,0.0,0.0,HB303,Clinton St & 7 St,18,2026-07-07,23,45,2026-07-07,3.0,15,in_bounds
2026-07-08 00:00:00+00:00,0,0.0,0.0,HB303,Clinton St & 7 St,18,2026-07-08,0,0,2026-07-07,3.0,15,in_bounds
2026-07-08 00:15:00+00:00,0,1.0,1.0,HB303,Clinton St & 7 St,18,2026-07-08,0,15,2026-07-07,4.0,15,over_capacity
2026-07-08 00:30:00+00:00,0,0.0,0.0,HB303,Clinton St & 7 St,18,2026-07-08,0,30,2026-07-07,4.0,15,over_capacity
2026-07-08 00:45:00+00:00,0,1.0,1.0,HB303,Clinton St & 7 St,18,2026-07-08,0,45,2026-07-07,5.0,15,over_capacity
2026-07-08 01:00:00+00:00,0,0.0,0.0,HB303,Clinton St & 7 St,18,2026-07-08,1,0,2026-07-07,5.0,15,over_capacity
2026-07-08 01:15:00+00:00,0,0.0,0.0,HB303,Clinton St & 7 St,18,2026-07-08,1,15,2026-07-07,5.0,15,over_capacity
2026-07-08 01:30:00+00:00,0,0.0,0.0,HB303,Clinton St & 7 St,18,2026-07-08,1,30,2026-07-07,5.0,15,over_capacity
2026-07-08 01:45:00+00:00,0,0.0,0.0,HB303,Clinton St & 7 St,18,2026-07-08,1,45,2026-07-07,5.0,15,over_capacity
2026-07-08 02:00:00+00:00,0,0.0,0.0,HB303,Clinton St & 7 St,18,2026-07-08,2,0,2026-07-07,5.0,15,over_capacity
2026-07-08 02:15:00+00:00,0,0.0,0.0,HB303,Clinton St & 7 St,18,2026-07-08,2,15,2026-07-07,5.0,15,over_capacity
2026-07-08 02:30:00+00:00,0,0.0,0.0,HB303,Clinton St & 7 St,18,2026-07-08,2,30,2026-07-07,5.0,15,over_capacity
2026-07-08 02:45:00+00:00,0,0.0,0.0,HB303,Clinton St & 7 St,18,2026-07-08,2,45,2026-07-07,5.0,15,over_capacity
2026-07-08 03:00:00+00:00,0,1.0,1.0,HB303,Clinton St & 7 St,18,2026-07-08,3,0,2026-07-07,6.0,15,over_capacity
2026-07-08 03:15:00+00:00,0,0.0,0.0,HB303,Clinton St & 7 St,18,2026-07-08,3,15,2026-07-07,6.0,15,over_capacity
2026-07-08 03:30:00+00:00,0,0.0,0.0,HB303,Clinton St & 7 St,18,2026-07-08,3,30,2026-07-07,6.0,15,over_capacity
2026-07-08 03:45:00+00:00,0,0.0,0.0,HB303,Clinton St & 7 St,18,2026-07-08,3,45,2026-07-07,6.0,15,over_capacity
2026-07-08 04:00:00+00:00,0,0.0,0.0,HB303,Clinton St & 7 St,18,2026-07-08,4,0,2026-07-07,6.0,15,over_capacity
2026-07-08 04:15:00+00:00,0,0.0,0.0,HB303,Clinton St & 7 St,18,2026-07-08,4,15,2026-07-07,6.0,15,over_capacity
2026-07-08 04:30:00+00:00,0,0.0,0.0,HB303,Clinton St & 7 St,18,2026-07-08,4,30,2026-07-07,6.0,15,over_capacity
2026-07-08 04:45:00+00:00,0,0.0,0.0,HB303,Clinton St & 7 St,18,2026-07-08,4,45,2026-07-07,6.0,15,over_capacity
2026-07-08 05:00:00+00:00,0,0.0,0.0,HB303,Clinton St & 7 St,18,2026-07-08,5,0,2026-07-08,0.0,15,in_bounds
2026-07-08 05:15:00+00:00,0,0.0,0.0,HB303,Clinton St & 7 St,18,2026-07-08,5,15,2026-07-08,0.0,15,in_bounds
2026-07-08 05:30:00+00:00,0,0.0,0.0,HB303,Clinton St & 7 St,18,2026-07-08,5,30,2026-07-08,0.0,15,in_bounds
2026-07-08 05:45:00+00:00,0,0.0,0.0,HB303,Clinton St & 7 St,18,2026-07-08,5,45,2026-07-08,0.0,15,in_bounds
2026-07-08 06:00:00+00:00,0,0.0,0.0,HB303,Clinton St & 7 St,18,2026-07-08,6,0,2026-07-08,0.0,15,in_bounds
2026-07-08 06:15:00+00:00,2,0.0,-2.0,HB303,Clinton St & 7 St,18,2026-07-08,6,15,2026-07-08,-2.0,15,in_bounds
2026-07-08 06:30:00+00:00,1,0.0,-1.0,HB303,Clinton St & 7 St,18,2026-07-08,6,30,2026-07-08,-3.0,15,in_bounds
2026-07-08 06:45:00+00:00,2,1.0,-1.0,HB303,Clinton St & 7 St,18,2026-07-08,6,45,2026-07-08,-4.0,15,in_bounds
2026-07-08 07:00:00+00:00,2,1.0,-1.0,HB303,Clinton St & 7 St,18,2026-07-08,7,0,2026-07-08,-5.0,15,in_bounds
2026-07-08 07:15:00+00:00,2,0.0,-2.0,HB303,Clinton St & 7 St,18,2026-07-08,7,15,2026-07-08,-7.0,15,in_bounds
2026-07-08 07:30:00+00:00,3,1.0,-2.0,HB303,Clinton St & 7 St,18,2026-07-08,7,30,2026-07-08,-9.0,15,in_bounds
2026-07-08 07:45:00+00:00,4,0.0,-4.0,HB303,Clinton St & 7 St,18,2026-07-08,7,45,2026-07-08,-13.0,15,in_bounds
2026-07-08 08:00:00+00:00,1,0.0,-1.0,HB303,Clinton St & 7 St,18,2026-07-08,8,0,2026-07-08,-14.0,15,in_bounds
2026-07-08 08:15:00+00:00,0,1.0,1.0,HB303,Clinton St & 7 St,18,2026-07-08,8,15,2026-07-08,-13.0,15,in_bounds
2026-07-08 08:30:00+00:00,3,2.0,-1.0,HB303,Clinton St & 7 St,18,2026-07-08,8,30,2026-07-08,-14.0,15,in_bounds
2026-07-08 08:45:00+00:00,1,1.0,0.0,HB303,Clinton St & 7 St,18,2026-07-08,8,45,2026-07-08,-14.0,15,in_bounds
2026-07-08 09:00:00+00:00,1,1.0,0.0,HB303,Clinton St & 7 St,18,2026-07-08,9,0,2026-07-08,-14.0,15,in_bounds
2026-07-08 09:15:00+00:00,0,0.0,0.0,HB303,Clinton St & 7 St,18,2026-07-08,9,15,2026-07-08,-14.0,15,in_bounds
2026-07-08 09:30:00+00:00,0,0.0,0.0,HB303,Clinton St & 7 St,18,2026-07-08,9,30,2026-07-08,-14.0,15,in_bounds
2026-07-08 09:45:00+00:00,0,1.0,1.0,HB303,Clinton St & 7 St,18,2026-07-08,9,45,2026-07-08,-13.0,15,in_bounds
2026-07-08 10:00:00+00:00,2,0.0,-2.0,HB303,Clinton St & 7 St,18,2026-07-08,10,0,2026-07-08,-15.0,15,in_bounds
2026-07-08 10:15:00+00:00,0,0.0,0.0,HB303,Clinton St & 7 St,18,2026-07-08,10,15,2026-07-08,-15.0,15,in_bounds
2026-07-08 10:30:00+00:00,0,1.0,1.0,HB303,Clinton St & 7 St,18,2026-07-08,10,30,2026-07-08,-14.0,15,in_bounds
2026-07-08 10:45:00+00:00,1,0.0,-1.0,HB303,Clinton St & 7 St,18,2026-07-08,10,45,2026-07-08,-15.0,15,in_bounds
2026-07-08 11:00:00+00:00,0,0.0,0.0,HB303,Clinton St & 7 St,18,2026-07-08,11,0,2026-07-08,-15.0,15,in_bounds
2026-07-08 11:15:00+00:00,0,0.0,0.0,HB303,Clinton St & 7 St,18,2026-07-08,11,15,2026-07-08,-15.0,15,in_bounds
2026-07-08 11:30:00+00:00,0,0.0,0.0,HB303,Clinton St & 7 St,18,2026-07-08,11,30,2026-07-08,-15.0,15,in_bounds
2026-07-08 11:45:00+00:00,0,0.0,0.0,HB303,Clinton St & 7 St,18,2026-07-08,11,45,2026-07-08,-15.0,15,in_bounds
2026-07-08 12:00:00+00:00,0,0.0,0.0,HB303,Clinton St & 7 St,18,2026-07-08,12,0,2026-07-08,-15.0,15,in_bounds
2026-07-08 12:15:00+00:00,0,0.0,0.0,HB303,Clinton St & 7 St,18,2026-07-08,12,15,2026-07-08,-15.0,15,in_bounds
2026-07-08 12:30:00+00:00,0,0.0,0.0,HB303,Clinton St & 7 St,18,2026-07-08,12,30,2026-07-08,-15.0,15,in_bounds
2026-07-08 12:45:00+00:00,2,1.0,-1.0,HB303,Clinton St & 7 St,18,2026-07-08,12,45,2026-07-08,-16.0,15,below_zero
2026-07-08 13:00:00+00:00,0,0.0,0.0,HB303,Clinton St & 7 St,18,2026-07-08,13,0,2026-07-08,-16.0,15,below_zero
2026-07-08 13:15:00+00:00,1,3.0,2.0,HB303,Clinton St & 7 St,18,2026-07-08,13,15,2026-07-08,-14.0,15,in_bounds
2026-07-08 13:30:00+00:00,0,1.0,1.0,HB303,Clinton St & 7 St,18,2026-07-08,13,30,2026-07-08,-13.0,15,in_bounds
2026-07-08 13:45:00+00:00,0,1.0,1.0,HB303,Clinton St & 7 St,18,2026-07-08,13,45,2026-07-08,-12.0,15,in_bounds
2026-07-08 14:00:00+00:00,0,0.0,0.0,HB303,Clinton St & 7 St,18,2026-07-08,14,0,2026-07-08,-12.0,15,in_bounds
2026-07-08 14:15:00+00:00,0,1.0,1.0,HB303,Clinton St & 7 St,18,2026-07-08,14,15,2026-07-08,-11.0,15,in_bounds
2026-07-08 14:30:00+00:00,0,0.0,0.0,HB303,Clinton St & 7 St,18,2026-07-08,14,30,2026-07-08,-11.0,15,in_bounds
2026-07-08 14:45:00+00:00,1,1.0,0.0,HB303,Clinton St & 7 St,18,2026-07-08,14,45,2026-07-08,-11.0,15,in_bounds
2026-07-08 15:00:00+00:00,2,0.0,-2.0,HB303,Clinton St & 7 St,18,2026-07-08,15,0,2026-07-08,-13.0,15,in_bounds
2026-07-08 15:15:00+00:00,1,0.0,-1.0,HB303,Clinton St & 7 St,18,2026-07-08,15,15,2026-07-08,-14.0,15,in_bounds
2026-07-08 15:30:00+00:00,1,1.0,0.0,HB303,Clinton St & 7 St,18,2026-07-08,15,30,2026-07-08,-14.0,15,in_bounds
2026-07-08 15:45:00+00:00,2,0.0,-2.0,HB303,Clinton St & 7 St,18,2026-07-08,15,45,2026-07-08,-16.0,15,below_zero
2026-07-08 16:00:00+00:00,0,0.0,0.0,HB303,Clinton St & 7 St,18,2026-07-08,16,0,2026-07-08,-16.0,15,below_zero
2026-07-08 16:15:00+00:00,0,0.0,0.0,HB303,Clinton St & 7 St,18,2026-07-08,16,15,2026-07-08,-16.0,15,below_zero
2026-07-08 16:30:00+00:00,1,1.0,0.0,HB303,Clinton St & 7 St,18,2026-07-08,16,30,2026-07-08,-16.0,15,below_zero
2026-07-08 16:45:00+00:00,0,1.0,1.0,HB303,Clinton St & 7 St,18,2026-07-08,16,45,2026-07-08,-15.0,15,in_bounds
2026-07-08 17:00:00+00:00,2,1.0,-1.0,HB303,Clinton St & 7 St,18,2026-07-08,17,0,2026-07-08,-16.0,15,below_zero
2026-07-08 17:15:00+00:00,2,2.0,0.0,HB303,Clinton St & 7 St,18,2026-07-08,17,15,2026-07-08,-16.0,15,below_zero
2026-07-08 17:30:00+00:00,0,2.0,2.0,HB303,Clinton St & 7 St,18,2026-07-08,17,30,2026-07-08,-14.0,15,in_bounds
2026-07-08 17:45:00+00:00,1,1.0,0.0,HB303,Clinton St & 7 St,18,2026-07-08,17,45,2026-07-08,-14.0,15,in_bounds
2026-07-08 18:00:00+00:00,1,4.0,3.0,HB303,Clinton St & 7 St,18,2026-07-08,18,0,2026-07-08,-11.0,15,in_bounds
2026-07-08 18:15:00+00:00,1,2.0,1.0,HB303,Clinton St & 7 St,18,2026-07-08,18,15,2026-07-08,-10.0,15,in_bounds
2026-07-08 18:30:00+00:00,0,2.0,2.0,HB303,Clinton St & 7 St,18,2026-07-08,18,30,2026-07-08,-8.0,15,in_bounds
2026-07-08 18:45:00+00:00,3,3.0,0.0,HB303,Clinton St & 7 St,18,2026-07-08,18,45,2026-07-08,-8.0,15,in_bounds
2026-07-08 19:00:00+00:00,0,2.0,2.0,HB303,Clinton St & 7 St,18,2026-07-08,19,0,2026-07-08,-6.0,15,in_bounds
2026-07-08 19:15:00+00:00,2,2.0,0.0,HB303,Clinton St & 7 St,18,2026-07-08,19,15,2026-07-08,-6.0,15,in_bounds
2026-07-08 19:30:00+00:00,1,0.0,-1.0,HB303,Clinton St & 7 St,18,2026-07-08,19,30,2026-07-08,-7.0,15,in_bounds
2026-07-08 19:45:00+00:00,1,0.0,-1.0,HB303,Clinton St & 7 St,18,2026-07-08,19,45,2026-07-08,-8.0,15,in_bounds
2026-07-08 20:00:00+00:00,0,4.0,4.0,HB303,Clinton St & 7 St,18,2026-07-08,20,0,2026-07-08,-4.0,15,in_bounds
2026-07-08 20:15:00+00:00,1,0.0,-1.0,HB303,Clinton St & 7 St,18,2026-07-08,20,15,2026-07-08,-5.0,15,in_bounds
2026-07-08 20:30:00+00:00,1,3.0,2.0,HB303,Clinton St & 7 St,18,2026-07-08,20,30,2026-07-08,-3.0,15,in_bounds
2026-07-08 20:45:00+00:00,1,0.0,-1.0,HB303,Clinton St & 7 St,18,2026-07-08,20,45,2026-07-08,-4.0,15,in_bounds
2026-07-08 21:00:00+00:00,2,2.0,0.0,HB303,Clinton St & 7 St,18,2026-07-08,21,0,2026-07-08,-4.0,15,in_bounds
2026-07-08 21:15:00+00:00,1,1.0,0.0,HB303,Clinton St & 7 St,18,2026-07-08,21,15,2026-07-08,-4.0,15,in_bounds
2026-07-08 21:30:00+00:00,0,0.0,0.0,HB303,Clinton St & 7 St,18,2026-07-08,21,30,2026-07-08,-4.0,15,in_bounds
2026-07-08 21:45:00+00:00,2,2.0,0.0,HB303,Clinton St & 7 St,18,2026-07-08,21,45,2026-07-08,-4.0,15,in_bounds
2026-07-08 22:00:00+00:00,0,2.0,2.0,HB303,Clinton St & 7 St,18,2026-07-08,22,0,2026-07-08,-2.0,15,in_bounds
2026-07-08 22:15:00+00:00,0,1.0,1.0,HB303,Clinton St & 7 St,18,2026-07-08,22,15,2026-07-08,-1.0,15,in_bounds
2026-07-08 22:30:00+00:00,0,1.0,1.0,HB303,Clinton St & 7 St,18,2026-07-08,22,30,2026-07-08,0.0,15,in_bounds
2026-07-08 22:45:00+00:00,0,1.0,1.0,HB303,Clinton St & 7 St,18,2026-07-08,22,45,2026-07-08,1.0,15,in_bounds
2026-07-08 23:00:00+00:00,1,0.0,-1.0,HB303,Clinton St & 7 St,18,2026-07-08,23,0,2026-07-08,0.0,15,in_bounds
2026-07-08 23:15:00+00:00,0,1.0,1.0,HB303,Clinton St & 7 St,18,2026-07-08,23,15,2026-07-08,1.0,15,in_bounds
2026-07-08 23:30:00+00:00,0,0.0,0.0,HB303,Clinton St & 7 St,18,2026-07-08,23,30,2026-07-08,1.0,15,in_bounds
2026-07-08 23:45:00+00:00,0,0.0,0.0,HB303,Clinton St & 7 St,18,2026-07-08,23,45,2026-07-08,1.0,15,in_bounds
2026-07-09 00:00:00+00:00,1,0.0,-1.0,HB303,Clinton St & 7 St,18,2026-07-09,0,0,2026-07-08,0.0,15,in_bounds
2026-07-09 00:15:00+00:00,0,0.0,0.0,HB303,Clinton St & 7 St,18,2026-07-09,0,15,2026-07-08,0.0,15,in_bounds
2026-07-09 00:30:00+00:00,0,0.0,0.0,HB303,Clinton St & 7 St,18,2026-07-09,0,30,2026-07-08,0.0,15,in_bounds
2026-07-09 00:45:00+00:00,0,0.0,0.0,HB303,Clinton St & 7 St,18,2026-07-09,0,45,2026-07-08,0.0,15,in_bounds
2026-07-09 01:00:00+00:00,0,0.0,0.0,HB303,Clinton St & 7 St,18,2026-07-09,1,0,2026-07-08,0.0,15,in_bounds
2026-07-09 01:15:00+00:00,0,1.0,1.0,HB303,Clinton St & 7 St,18,2026-07-09,1,15,2026-07-08,1.0,15,in_bounds
2026-07-09 01:30:00+00:00,0,0.0,0.0,HB303,Clinton St & 7 St,18,2026-07-09,1,30,2026-07-08,1.0,15,in_bounds
2026-07-09 01:45:00+00:00,0,0.0,0.0,HB303,Clinton St & 7 St,18,2026-07-09,1,45,2026-07-08,1.0,15,in_bounds
2026-07-09 02:00:00+00:00,0,0.0,0.0,HB303,Clinton St & 7 St,18,2026-07-09,2,0,2026-07-08,1.0,15,in_bounds
2026-07-09 02:15:00+00:00,0,1.0,1.0,HB303,Clinton St & 7 St,18,2026-07-09,2,15,2026-07-08,2.0,15,in_bounds
2026-07-09 02:30:00+00:00,0,0.0,0.0,HB303,Clinton St & 7 St,18,2026-07-09,2,30,2026-07-08,2.0,15,in_bounds
2026-07-09 02:45:00+00:00,0,0.0,0.0,HB303,Clinton St & 7 St,18,2026-07-09,2,45,2026-07-08,2.0,15,in_bounds
2026-07-09 03:00:00+00:00,0,0.0,0.0,HB303,Clinton St & 7 St,18,2026-07-09,3,0,2026-07-08,2.0,15,in_bounds
2026-07-09 03:15:00+00:00,0,0.0,0.0,HB303,Clinton St & 7 St,18,2026-07-09,3,15,2026-07-08,2.0,15,in_bounds
2026-07-09 03:30:00+00:00,0,0.0,0.0,HB303,Clinton St & 7 St,18,2026-07-09,3,30,2026-07-08,2.0,15,in_bounds
2026-07-09 03:45:00+00:00,0,1.0,1.0,HB303,Clinton St & 7 St,18,2026-07-09,3,45,2026-07-08,3.0,15,in_bounds
2026-07-09 04:00:00+00:00,0,0.0,0.0,HB303,Clinton St & 7 St,18,2026-07-09,4,0,2026-07-08,3.0,15,in_bounds
2026-07-09 04:15:00+00:00,0,0.0,0.0,HB303,Clinton St & 7 St,18,2026-07-09,4,15,2026-07-08,3.0,15,in_bounds
2026-07-09 04:30:00+00:00,0,0.0,0.0,HB303,Clinton St & 7 St,18,2026-07-09,4,30,2026-07-08,3.0,15,in_bounds
2026-07-09 04:45:00+00:00,0,0.0,0.0,HB303,Clinton St & 7 St,18,2026-07-09,4,45,2026-07-08,3.0,15,in_bounds
2026-07-09 05:00:00+00:00,0,0.0,0.0,HB303,Clinton St & 7 St,18,2026-07-09,5,0,2026-07-09,0.0,15,in_bounds
2026-07-09 05:15:00+00:00,0,0.0,0.0,HB303,Clinton St & 7 St,18,2026-07-09,5,15,2026-07-09,0.0,15,in_bounds
2026-07-09 05:30:00+00:00,0,0.0,0.0,HB303,Clinton St & 7 St,18,2026-07-09,5,30,2026-07-09,0.0,15,in_bounds
2026-07-09 05:45:00+00:00,0,0.0,0.0,HB303,Clinton St & 7 St,18,2026-07-09,5,45,2026-07-09,0.0,15,in_bounds
2026-07-09 06:00:00+00:00,0,0.0,0.0,HB303,Clinton St & 7 St,18,2026-07-09,6,0,2026-07-09,0.0,15,in_bounds
2026-07-09 06:15:00+00:00,1,0.0,-1.0,HB303,Clinton St & 7 St,18,2026-07-09,6,15,2026-07-09,-1.0,15,in_bounds
2026-07-09 06:30:00+00:00,2,0.0,-2.0,HB303,Clinton St & 7 St,18,2026-07-09,6,30,2026-07-09,-3.0,15,in_bounds
2026-07-09 06:45:00+00:00,2,0.0,-2.0,HB303,Clinton St & 7 St,18,2026-07-09,6,45,2026-07-09,-5.0,15,in_bounds
2026-07-09 07:00:00+00:00,1,0.0,-1.0,HB303,Clinton St & 7 St,18,2026-07-09,7,0,2026-07-09,-6.0,15,in_bounds
2026-07-09 07:15:00+00:00,1,0.0,-1.0,HB303,Clinton St & 7 St,18,2026-07-09,7,15,2026-07-09,-7.0,15,in_bounds
2026-07-09 07:30:00+00:00,2,1.0,-1.0,HB303,Clinton St & 7 St,18,2026-07-09,7,30,2026-07-09,-8.0,15,in_bounds
2026-07-09 07:45:00+00:00,1,0.0,-1.0,HB303,Clinton St & 7 St,18,2026-07-09,7,45,2026-07-09,-9.0,15,in_bounds
2026-07-09 08:00:00+00:00,1,1.0,0.0,HB303,Clinton St & 7 St,18,2026-07-09,8,0,2026-07-09,-9.0,15,in_bounds
2026-07-09 08:15:00+00:00,2,1.0,-1.0,HB303,Clinton St & 7 St,18,2026-07-09,8,15,2026-07-09,-10.0,15,in_bounds
2026-07-09 08:30:00+00:00,1,1.0,0.0,HB303,Clinton St & 7 St,18,2026-07-09,8,30,2026-07-09,-10.0,15,in_bounds
2026-07-09 08:45:00+00:00,0,3.0,3.0,HB303,Clinton St & 7 St,18,2026-07-09,8,45,2026-07-09,-7.0,15,in_bounds
2026-07-09 09:00:00+00:00,1,0.0,-1.0,HB303,Clinton St & 7 St,18,2026-07-09,9,0,2026-07-09,-8.0,15,in_bounds
2026-07-09 09:15:00+00:00,0,1.0,1.0,HB303,Clinton St & 7 St,18,2026-07-09,9,15,2026-07-09,-7.0,15,in_bounds
2026-07-09 09:30:00+00:00,0,0.0,0.0,HB303,Clinton St & 7 St,18,2026-07-09,9,30,2026-07-09,-7.0,15,in_bounds
2026-07-09 09:45:00+00:00,1,0.0,-1.0,HB303,Clinton St & 7 St,18,2026-07-09,9,45,2026-07-09,-8.0,15,in_bounds
2026-07-09 10:00:00+00:00,0,0.0,0.0,HB303,Clinton St & 7 St,18,2026-07-09,10,0,2026-07-09,-8.0,15,in_bounds
2026-07-09 10:15:00+00:00,0,0.0,0.0,HB303,Clinton St & 7 St,18,2026-07-09,10,15,2026-07-09,-8.0,15,in_bounds
2026-07-09 10:30:00+00:00,1,0.0,-1.0,HB303,Clinton St & 7 St,18,2026-07-09,10,30,2026-07-09,-9.0,15,in_bounds
2026-07-09 10:45:00+00:00,1,1.0,0.0,HB303,Clinton St & 7 St,18,2026-07-09,10,45,2026-07-09,-9.0,15,in_bounds
2026-07-09 11:00:00+00:00,0,0.0,0.0,HB303,Clinton St & 7 St,18,2026-07-09,11,0,2026-07-09,-9.0,15,in_bounds
2026-07-09 11:15:00+00:00,0,0.0,0.0,HB303,Clinton St & 7 St,18,2026-07-09,11,15,2026-07-09,-9.0,15,in_bounds
2026-07-09 11:30:00+00:00,0,0.0,0.0,HB303,Clinton St & 7 St,18,2026-07-09,11,30,2026-07-09,-9.0,15,in_bounds
2026-07-09 11:45:00+00:00,0,0.0,0.0,HB303,Clinton St & 7 St,18,2026-07-09,11,45,2026-07-09,-9.0,15,in_bounds
2026-07-09 12:00:00+00:00,1,0.0,-1.0,HB303,Clinton St & 7 St,18,2026-07-09,12,0,2026-07-09,-10.0,15,in_bounds
2026-07-09 12:15:00+00:00,0,0.0,0.0,HB303,Clinton St & 7 St,18,2026-07-09,12,15,2026-07-09,-10.0,15,in_bounds
2026-07-09 12:30:00+00:00,0,0.0,0.0,HB303,Clinton St & 7 St,18,2026-07-09,12,30,2026-07-09,-10.0,15,in_bounds
2026-07-09 12:45:00+00:00,0,0.0,0.0,HB303,Clinton St & 7 St,18,2026-07-09,12,45,2026-07-09,-10.0,15,in_bounds
2026-07-09 13:00:00+00:00,1,1.0,0.0,HB303,Clinton St & 7 St,18,2026-07-09,13,0,2026-07-09,-10.0,15,in_bounds
2026-07-09 13:15:00+00:00,0,0.0,0.0,HB303,Clinton St & 7 St,18,2026-07-09,13,15,2026-07-09,-10.0,15,in_bounds
2026-07-09 13:30:00+00:00,0,0.0,0.0,HB303,Clinton St & 7 St,18,2026-07-09,13,30,2026-07-09,-10.0,15,in_bounds
2026-07-09 13:45:00+00:00,0,0.0,0.0,HB303,Clinton St & 7 St,18,2026-07-09,13,45,2026-07-09,-10.0,15,in_bounds
2026-07-09 14:00:00+00:00,0,0.0,0.0,HB303,Clinton St & 7 St,18,2026-07-09,14,0,2026-07-09,-10.0,15,in_bounds
2026-07-09 14:15:00+00:00,0,0.0,0.0,HB303,Clinton St & 7 St,18,2026-07-09,14,15,2026-07-09,-10.0,15,in_bounds
2026-07-09 14:30:00+00:00,0,1.0,1.0,HB303,Clinton St & 7 St,18,2026-07-09,14,30,2026-07-09,-9.0,15,in_bounds
2026-07-09 14:45:00+00:00,1,0.0,-1.0,HB303,Clinton St & 7 St,18,2026-07-09,14,45,2026-07-09,-10.0,15,in_bounds
2026-07-09 15:00:00+00:00,0,0.0,0.0,HB303,Clinton St & 7 St,18,2026-07-09,15,0,2026-07-09,-10.0,15,in_bounds
2026-07-09 15:15:00+00:00,1,1.0,0.0,HB303,Clinton St & 7 St,18,2026-07-09,15,15,2026-07-09,-10.0,15,in_bounds
2026-07-09 15:30:00+00:00,0,0.0,0.0,HB303,Clinton St & 7 St,18,2026-07-09,15,30,2026-07-09,-10.0,15,in_bounds
2026-07-09 15:45:00+00:00,0,0.0,0.0,HB303,Clinton St & 7 St,18,2026-07-09,15,45,2026-07-09,-10.0,15,in_bounds
2026-07-09 16:00:00+00:00,0,2.0,2.0,HB303,Clinton St & 7 St,18,2026-07-09,16,0,2026-07-09,-8.0,15,in_bounds
2026-07-09 16:15:00+00:00,0,1.0,1.0,HB303,Clinton St & 7 St,18,2026-07-09,16,15,2026-07-09,-7.0,15,in_bounds
2026-07-09 16:30:00+00:00,0,2.0,2.0,HB303,Clinton St & 7 St,18,2026-07-09,16,30,2026-07-09,-5.0,15,in_bounds
2026-07-09 16:45:00+00:00,0,1.0,1.0,HB303,Clinton St & 7 St,18,2026-07-09,16,45,2026-07-09,-4.0,15,in_bounds
2026-07-09 17:00:00+00:00,0,0.0,0.0,HB303,Clinton St & 7 St,18,2026-07-09,17,0,2026-07-09,-4.0,15,in_bounds
2026-07-09 17:15:00+00:00,3,1.0,-2.0,HB303,Clinton St & 7 St,18,2026-07-09,17,15,2026-07-09,-6.0,15,in_bounds
2026-07-09 17:30:00+00:00,0,0.0,0.0,HB303,Clinton St & 7 St,18,2026-07-09,17,30,2026-07-09,-6.0,15,in_bounds
2026-07-09 17:45:00+00:00,1,3.0,2.0,HB303,Clinton St & 7 St,18,2026-07-09,17,45,2026-07-09,-4.0,15,in_bounds
2026-07-09 18:00:00+00:00,1,0.0,-1.0,HB303,Clinton St & 7 St,18,2026-07-09,18,0,2026-07-09,-5.0,15,in_bounds
2026-07-09 18:15:00+00:00,0,3.0,3.0,HB303,Clinton St & 7 St,18,2026-07-09,18,15,2026-07-09,-2.0,15,in_bounds
2026-07-09 18:30:00+00:00,0,0.0,0.0,HB303,Clinton St & 7 St,18,2026-07-09,18,30,2026-07-09,-2.0,15,in_bounds
2026-07-09 18:45:00+00:00,2,1.0,-1.0,HB303,Clinton St & 7 St,18,2026-07-09,18,45,2026-07-09,-3.0,15,in_bounds
2026-07-09 19:00:00+00:00,1,3.0,2.0,HB303,Clinton St & 7 St,18,2026-07-09,19,0,2026-07-09,-1.0,15,in_bounds
2026-07-09 19:15:00+00:00,0,0.0,0.0,HB303,Clinton St & 7 St,18,2026-07-09,19,15,2026-07-09,-1.0,15,in_bounds
2026-07-09 19:30:00+00:00,0,1.0,1.0,HB303,Clinton St & 7 St,18,2026-07-09,19,30,2026-07-09,0.0,15,in_bounds
2026-07-09 19:45:00+00:00,1,0.0,-1.0,HB303,Clinton St & 7 St,18,2026-07-09,19,45,2026-07-09,-1.0,15,in_bounds
2026-07-09 20:00:00+00:00,0,3.0,3.0,HB303,Clinton St & 7 St,18,2026-07-09,20,0,2026-07-09,2.0,15,in_bounds
2026-07-09 20:15:00+00:00,2,2.0,0.0,HB303,Clinton St & 7 St,18,2026-07-09,20,15,2026-07-09,2.0,15,in_bounds
2026-07-09 20:30:00+00:00,0,0.0,0.0,HB303,Clinton St & 7 St,18,2026-07-09,20,30,2026-07-09,2.0,15,in_bounds
2026-07-09 20:45:00+00:00,1,2.0,1.0,HB303,Clinton St & 7 St,18,2026-07-09,20,45,2026-07-09,3.0,15,in_bounds
2026-07-09 21:00:00+00:00,3,0.0,-3.0,HB303,Clinton St & 7 St,18,2026-07-09,21,0,2026-07-09,0.0,15,in_bounds
2026-07-09 21:15:00+00:00,0,3.0,3.0,HB303,Clinton St & 7 St,18,2026-07-09,21,15,2026-07-09,3.0,15,in_bounds
2026-07-09 21:30:00+00:00,2,0.0,-2.0,HB303,Clinton St & 7 St,18,2026-07-09,21,30,2026-07-09,1.0,15,in_bounds
2026-07-09 21:45:00+00:00,0,0.0,0.0,HB303,Clinton St & 7 St,18,2026-07-09,21,45,2026-07-09,1.0,15,in_bounds
2026-07-09 22:00:00+00:00,1,0.0,-1.0,HB303,Clinton St & 7 St,18,2026-07-09,22,0,2026-07-09,0.0,15,in_bounds
2026-07-09 22:15:00+00:00,0,1.0,1.0,HB303,Clinton St & 7 St,18,2026-07-09,22,15,2026-07-09,1.0,15,in_bounds
2026-07-09 22:30:00+00:00,2,0.0,-2.0,HB303,Clinton St & 7 St,18,2026-07-09,22,30,2026-07-09,-1.0,15,in_bounds
2026-07-09 22:45:00+00:00,0,0.0,0.0,HB303,Clinton St & 7 St,18,2026-07-09,22,45,2026-07-09,-1.0,15,in_bounds
2026-07-09 23:00:00+00:00,0,0.0,0.0,HB303,Clinton St & 7 St,18,2026-07-09,23,0,2026-07-09,-1.0,15,in_bounds
2026-07-09 23:15:00+00:00,0,1.0,1.0,HB303,Clinton St & 7 St,18,2026-07-09,23,15,2026-07-09,0.0,15,in_bounds
2026-07-09 23:30:00+00:00,0,0.0,0.0,HB303,Clinton St & 7 St,18,2026-07-09,23,30,2026-07-09,0.0,15,in_bounds
2026-07-09 23:45:00+00:00,0,0.0,0.0,HB303,Clinton St & 7 St,18,2026-07-09,23,45,2026-07-09,0.0,15,in_bounds
2026-07-10 00:00:00+00:00,0,0.0,0.0,HB303,Clinton St & 7 St,18,2026-07-10,0,0,2026-07-09,0.0,15,in_bounds
2026-07-10 00:15:00+00:00,0,0.0,0.0,HB303,Clinton St & 7 St,18,2026-07-10,0,15,2026-07-09,0.0,15,in_bounds
2026-07-10 00:30:00+00:00,0,2.0,2.0,HB303,Clinton St & 7 St,18,2026-07-10,0,30,2026-07-09,2.0,15,in_bounds
2026-07-10 00:45:00+00:00,0,0.0,0.0,HB303,Clinton St & 7 St,18,2026-07-10,0,45,2026-07-09,2.0,15,in_bounds
2026-07-10 01:00:00+00:00,0,0.0,0.0,HB303,Clinton St & 7 St,18,2026-07-10,1,0,2026-07-09,2.0,15,in_bounds
2026-07-10 01:15:00+00:00,0,1.0,1.0,HB303,Clinton St & 7 St,18,2026-07-10,1,15,2026-07-09,3.0,15,in_bounds
2026-07-10 01:30:00+00:00,0,0.0,0.0,HB303,Clinton St & 7 St,18,2026-07-10,1,30,2026-07-09,3.0,15,in_bounds
2026-07-10 01:45:00+00:00,0,0.0,0.0,HB303,Clinton St & 7 St,18,2026-07-10,1,45,2026-07-09,3.0,15,in_bounds
2026-07-10 02:00:00+00:00,0,0.0,0.0,HB303,Clinton St & 7 St,18,2026-07-10,2,0,2026-07-09,3.0,15,in_bounds
2026-07-10 02:15:00+00:00,0,0.0,0.0,HB303,Clinton St & 7 St,18,2026-07-10,2,15,2026-07-09,3.0,15,in_bounds
2026-07-10 02:30:00+00:00,0,0.0,0.0,HB303,Clinton St & 7 St,18,2026-07-10,2,30,2026-07-09,3.0,15,in_bounds
2026-07-10 02:45:00+00:00,0,0.0,0.0,HB303,Clinton St & 7 St,18,2026-07-10,2,45,2026-07-09,3.0,15,in_bounds
2026-07-10 03:00:00+00:00,0,0.0,0.0,HB303,Clinton St & 7 St,18,2026-07-10,3,0,2026-07-09,3.0,15,in_bounds
2026-07-10 03:15:00+00:00,0,0.0,0.0,HB303,Clinton St & 7 St,18,2026-07-10,3,15,2026-07-09,3.0,15,in_bounds
2026-07-10 03:30:00+00:00,0,0.0,0.0,HB303,Clinton St & 7 St,18,2026-07-10,3,30,2026-07-09,3.0,15,in_bounds
2026-07-10 03:45:00+00:00,0,0.0,0.0,HB303,Clinton St & 7 St,18,2026-07-10,3,45,2026-07-09,3.0,15,in_bounds
2026-07-10 04:00:00+00:00,0,0.0,0.0,HB303,Clinton St & 7 St,18,2026-07-10,4,0,2026-07-09,3.0,15,in_bounds
2026-07-10 04:15:00+00:00,0,0.0,0.0,HB303,Clinton St & 7 St,18,2026-07-10,4,15,2026-07-09,3.0,15,in_bounds
2026-07-10 04:30:00+00:00,0,0.0,0.0,HB303,Clinton St & 7 St,18,2026-07-10,4,30,2026-07-09,3.0,15,in_bounds
2026-07-10 04:45:00+00:00,0,0.0,0.0,HB303,Clinton St & 7 St,18,2026-07-10,4,45,2026-07-09,3.0,15,in_bounds
2026-07-10 05:00:00+00:00,0,0.0,0.0,HB303,Clinton St & 7 St,18,2026-07-10,5,0,2026-07-10,0.0,15,in_bounds
2026-07-10 05:15:00+00:00,0,0.0,0.0,HB303,Clinton St & 7 St,18,2026-07-10,5,15,2026-07-10,0.0,15,in_bounds
2026-07-10 05:30:00+00:00,0,0.0,0.0,HB303,Clinton St & 7 St,18,2026-07-10,5,30,2026-07-10,0.0,15,in_bounds
2026-07-10 05:45:00+00:00,0,0.0,0.0,HB303,Clinton St & 7 St,18,2026-07-10,5,45,2026-07-10,0.0,15,in_bounds
2026-07-10 06:00:00+00:00,2,0.0,-2.0,HB303,Clinton St & 7 St,18,2026-07-10,6,0,2026-07-10,-2.0,15,in_bounds
2026-07-10 06:15:00+00:00,0,0.0,0.0,HB303,Clinton St & 7 St,18,2026-07-10,6,15,2026-07-10,-2.0,15,in_bounds
2026-07-10 06:30:00+00:00,1,0.0,-1.0,HB303,Clinton St & 7 St,18,2026-07-10,6,30,2026-07-10,-3.0,15,in_bounds
2026-07-10 06:45:00+00:00,0,1.0,1.0,HB303,Clinton St & 7 St,18,2026-07-10,6,45,2026-07-10,-2.0,15,in_bounds
2026-07-10 07:00:00+00:00,6,0.0,-6.0,HB303,Clinton St & 7 St,18,2026-07-10,7,0,2026-07-10,-8.0,15,in_bounds
2026-07-10 07:15:00+00:00,0,0.0,0.0,HB303,Clinton St & 7 St,18,2026-07-10,7,15,2026-07-10,-8.0,15,in_bounds
2026-07-10 07:30:00+00:00,2,0.0,-2.0,HB303,Clinton St & 7 St,18,2026-07-10,7,30,2026-07-10,-10.0,15,in_bounds
2026-07-10 07:45:00+00:00,0,0.0,0.0,HB303,Clinton St & 7 St,18,2026-07-10,7,45,2026-07-10,-10.0,15,in_bounds
2026-07-10 08:00:00+00:00,1,0.0,-1.0,HB303,Clinton St & 7 St,18,2026-07-10,8,0,2026-07-10,-11.0,15,in_bounds
2026-07-10 08:15:00+00:00,2,2.0,0.0,HB303,Clinton St & 7 St,18,2026-07-10,8,15,2026-07-10,-11.0,15,in_bounds
2026-07-10 08:30:00+00:00,2,1.0,-1.0,HB303,Clinton St & 7 St,18,2026-07-10,8,30,2026-07-10,-12.0,15,in_bounds
2026-07-10 08:45:00+00:00,1,1.0,0.0,HB303,Clinton St & 7 St,18,2026-07-10,8,45,2026-07-10,-12.0,15,in_bounds
2026-07-10 09:00:00+00:00,0,0.0,0.0,HB303,Clinton St & 7 St,18,2026-07-10,9,0,2026-07-10,-12.0,15,in_bounds
2026-07-10 09:15:00+00:00,1,4.0,3.0,HB303,Clinton St & 7 St,18,2026-07-10,9,15,2026-07-10,-9.0,15,in_bounds
2026-07-10 09:30:00+00:00,1,0.0,-1.0,HB303,Clinton St & 7 St,18,2026-07-10,9,30,2026-07-10,-10.0,15,in_bounds
2026-07-10 09:45:00+00:00,0,0.0,0.0,HB303,Clinton St & 7 St,18,2026-07-10,9,45,2026-07-10,-10.0,15,in_bounds
2026-07-10 10:00:00+00:00,1,0.0,-1.0,HB303,Clinton St & 7 St,18,2026-07-10,10,0,2026-07-10,-11.0,15,in_bounds
2026-07-10 10:15:00+00:00,2,0.0,-2.0,HB303,Clinton St & 7 St,18,2026-07-10,10,15,2026-07-10,-13.0,15,in_bounds
2026-07-10 10:30:00+00:00,0,2.0,2.0,HB303,Clinton St & 7 St,18,2026-07-10,10,30,2026-07-10,-11.0,15,in_bounds
2026-07-10 10:45:00+00:00,0,1.0,1.0,HB303,Clinton St & 7 St,18,2026-07-10,10,45,2026-07-10,-10.0,15,in_bounds
2026-07-10 11:00:00+00:00,1,0.0,-1.0,HB303,Clinton St & 7 St,18,2026-07-10,11,0,2026-07-10,-11.0,15,in_bounds
2026-07-10 11:15:00+00:00,0,0.0,0.0,HB303,Clinton St & 7 St,18,2026-07-10,11,15,2026-07-10,-11.0,15,in_bounds
2026-07-10 11:30:00+00:00,0,0.0,0.0,HB303,Clinton St & 7 St,18,2026-07-10,11,30,2026-07-10,-11.0,15,in_bounds
2026-07-10 11:45:00+00:00,0,1.0,1.0,HB303,Clinton St & 7 St,18,2026-07-10,11,45,2026-07-10,-10.0,15,in_bounds
2026-07-10 12:00:00+00:00,1,2.0,1.0,HB303,Clinton St & 7 St,18,2026-07-10,12,0,2026-07-10,-9.0,15,in_bounds
2026-07-10 12:15:00+00:00,0,0.0,0.0,HB303,Clinton St & 7 St,18,2026-07-10,12,15,2026-07-10,-9.0,15,in_bounds
2026-07-10 12:30:00+00:00,1,1.0,0.0,HB303,Clinton St & 7 St,18,2026-07-10,12,30,2026-07-10,-9.0,15,in_bounds
2026-07-10 12:45:00+00:00,1,0.0,-1.0,HB303,Clinton St & 7 St,18,2026-07-10,12,45,2026-07-10,-10.0,15,in_bounds
2026-07-10 13:00:00+00:00,0,0.0,0.0,HB303,Clinton St & 7 St,18,2026-07-10,13,0,2026-07-10,-10.0,15,in_bounds
2026-07-10 13:15:00+00:00,1,2.0,1.0,HB303,Clinton St & 7 St,18,2026-07-10,13,15,2026-07-10,-9.0,15,in_bounds
2026-07-10 13:30:00+00:00,1,1.0,0.0,HB303,Clinton St & 7 St,18,2026-07-10,13,30,2026-07-10,-9.0,15,in_bounds
2026-07-10 13:45:00+00:00,0,0.0,0.0,HB303,Clinton St & 7 St,18,2026-07-10,13,45,2026-07-10,-9.0,15,in_bounds
2026-07-10 14:00:00+00:00,2,0.0,-2.0,HB303,Clinton St & 7 St,18,2026-07-10,14,0,2026-07-10,-11.0,15,in_bounds
2026-07-10 14:15:00+00:00,0,0.0,0.0,HB303,Clinton St & 7 St,18,2026-07-10,14,15,2026-07-10,-11.0,15,in_bounds
2026-07-10 14:30:00+00:00,1,0.0,-1.0,HB303,Clinton St & 7 St,18,2026-07-10,14,30,2026-07-10,-12.0,15,in_bounds
2026-07-10 14:45:00+00:00,0,0.0,0.0,HB303,Clinton St & 7 St,18,2026-07-10,14,45,2026-07-10,-12.0,15,in_bounds
2026-07-10 15:00:00+00:00,0,3.0,3.0,HB303,Clinton St & 7 St,18,2026-07-10,15,0,2026-07-10,-9.0,15,in_bounds
2026-07-10 15:15:00+00:00,0,0.0,0.0,HB303,Clinton St & 7 St,18,2026-07-10,15,15,2026-07-10,-9.0,15,in_bounds
2026-07-10 15:30:00+00:00,0,1.0,1.0,HB303,Clinton St & 7 St,18,2026-07-10,15,30,2026-07-10,-8.0,15,in_bounds
2026-07-10 15:45:00+00:00,2,0.0,-2.0,HB303,Clinton St & 7 St,18,2026-07-10,15,45,2026-07-10,-10.0,15,in_bounds
2026-07-10 16:00:00+00:00,0,0.0,0.0,HB303,Clinton St & 7 St,18,2026-07-10,16,0,2026-07-10,-10.0,15,in_bounds
2026-07-10 16:15:00+00:00,0,1.0,1.0,HB303,Clinton St & 7 St,18,2026-07-10,16,15,2026-07-10,-9.0,15,in_bounds
2026-07-10 16:30:00+00:00,0,2.0,2.0,HB303,Clinton St & 7 St,18,2026-07-10,16,30,2026-07-10,-7.0,15,in_bounds
2026-07-10 16:45:00+00:00,0,4.0,4.0,HB303,Clinton St & 7 St,18,2026-07-10,16,45,2026-07-10,-3.0,15,in_bounds
2026-07-10 17:00:00+00:00,1,0.0,-1.0,HB303,Clinton St & 7 St,18,2026-07-10,17,0,2026-07-10,-4.0,15,in_bounds
2026-07-10 17:15:00+00:00,5,2.0,-3.0,HB303,Clinton St & 7 St,18,2026-07-10,17,15,2026-07-10,-7.0,15,in_bounds
2026-07-10 17:30:00+00:00,1,2.0,1.0,HB303,Clinton St & 7 St,18,2026-07-10,17,30,2026-07-10,-6.0,15,in_bounds
2026-07-10 17:45:00+00:00,2,1.0,-1.0,HB303,Clinton St & 7 St,18,2026-07-10,17,45,2026-07-10,-7.0,15,in_bounds
2026-07-10 18:00:00+00:00,0,2.0,2.0,HB303,Clinton St & 7 St,18,2026-07-10,18,0,2026-07-10,-5.0,15,in_bounds
2026-07-10 18:15:00+00:00,1,1.0,0.0,HB303,Clinton St & 7 St,18,2026-07-10,18,15,2026-07-10,-5.0,15,in_bounds
2026-07-10 18:30:00+00:00,0,2.0,2.0,HB303,Clinton St & 7 St,18,2026-07-10,18,30,2026-07-10,-3.0,15,in_bounds
2026-07-10 18:45:00+00:00,3,1.0,-2.0,HB303,Clinton St & 7 St,18,2026-07-10,18,45,2026-07-10,-5.0,15,in_bounds
2026-07-10 19:00:00+00:00,5,1.0,-4.0,HB303,Clinton St & 7 St,18,2026-07-10,19,0,2026-07-10,-9.0,15,in_bounds
2026-07-10 19:15:00+00:00,0,1.0,1.0,HB303,Clinton St & 7 St,18,2026-07-10,19,15,2026-07-10,-8.0,15,in_bounds
2026-07-10 19:30:00+00:00,1,0.0,-1.0,HB303,Clinton St & 7 St,18,2026-07-10,19,30,2026-07-10,-9.0,15,in_bounds
2026-07-10 19:45:00+00:00,0,3.0,3.0,HB303,Clinton St & 7 St,18,2026-07-10,19,45,2026-07-10,-6.0,15,in_bounds
2026-07-10 20:00:00+00:00,0,1.0,1.0,HB303,Clinton St & 7 St,18,2026-07-10,20,0,2026-07-10,-5.0,15,in_bounds
2026-07-10 20:15:00+00:00,0,0.0,0.0,HB303,Clinton St & 7 St,18,2026-07-10,20,15,2026-07-10,-5.0,15,in_bounds
2026-07-10 20:30:00+00:00,0,0.0,0.0,HB303,Clinton St & 7 St,18,2026-07-10,20,30,2026-07-10,-5.0,15,in_bounds
2026-07-10 20:45:00+00:00,0,2.0,2.0,HB303,Clinton St & 7 St,18,2026-07-10,20,45,2026-07-10,-3.0,15,in_bounds
2026-07-10 21:00:00+00:00,0,0.0,0.0,HB303,Clinton St & 7 St,18,2026-07-10,21,0,2026-07-10,-3.0,15,in_bounds
2026-07-10 21:15:00+00:00,0,0.0,0.0,HB303,Clinton St & 7 St,18,2026-07-10,21,15,2026-07-10,-3.0,15,in_bounds
2026-07-10 21:30:00+00:00,0,1.0,1.0,HB303,Clinton St & 7 St,18,2026-07-10,21,30,2026-07-10,-2.0,15,in_bounds
2026-07-10 21:45:00+00:00,1,0.0,-1.0,HB303,Clinton St & 7 St,18,2026-07-10,21,45,2026-07-10,-3.0,15,in_bounds
2026-07-10 22:00:00+00:00,0,1.0,1.0,HB303,Clinton St & 7 St,18,2026-07-10,22,0,2026-07-10,-2.0,15,in_bounds
2026-07-10 22:15:00+00:00,2,1.0,-1.0,HB303,Clinton St & 7 St,18,2026-07-10,22,15,2026-07-10,-3.0,15,in_bounds
2026-07-10 22:30:00+00:00,0,1.0,1.0,HB303,Clinton St & 7 St,18,2026-07-10,22,30,2026-07-10,-2.0,15,in_bounds
2026-07-10 22:45:00+00:00,1,1.0,0.0,HB303,Clinton St & 7 St,18,2026-07-10,22,45,2026-07-10,-2.0,15,in_bounds
2026-07-10 23:00:00+00:00,0,1.0,1.0,HB303,Clinton St & 7 St,18,2026-07-10,23,0,2026-07-10,-1.0,15,in_bounds
2026-07-10 23:15:00+00:00,1,0.0,-1.0,HB303,Clinton St & 7 St,18,2026-07-10,23,15,2026-07-10,-2.0,15,in_bounds
2026-07-10 23:30:00+00:00,0,1.0,1.0,HB303,Clinton St & 7 St,18,2026-07-10,23,30,2026-07-10,-1.0,15,in_bounds
2026-07-10 23:45:00+00:00,1,0.0,-1.0,HB303,Clinton St & 7 St,18,2026-07-10,23,45,2026-07-10,-2.0,15,in_bounds
2026-07-11 00:00:00+00:00,0,0.0,0.0,HB303,Clinton St & 7 St,18,2026-07-11,0,0,2026-07-10,-2.0,15,in_bounds
2026-07-11 00:15:00+00:00,0,0.0,0.0,HB303,Clinton St & 7 St,18,2026-07-11,0,15,2026-07-10,-2.0,15,in_bounds
2026-07-11 00:30:00+00:00,2,0.0,-2.0,HB303,Clinton St & 7 St,18,2026-07-11,0,30,2026-07-10,-4.0,15,in_bounds
2026-07-11 00:45:00+00:00,2,1.0,-1.0,HB303,Clinton St & 7 St,18,2026-07-11,0,45,2026-07-10,-5.0,15,in_bounds
2026-07-11 01:00:00+00:00,0,0.0,0.0,HB303,Clinton St & 7 St,18,2026-07-11,1,0,2026-07-10,-5.0,15,in_bounds
2026-07-11 01:15:00+00:00,0,0.0,0.0,HB303,Clinton St & 7 St,18,2026-07-11,1,15,2026-07-10,-5.0,15,in_bounds
2026-07-11 01:30:00+00:00,0,0.0,0.0,HB303,Clinton St & 7 St,18,2026-07-11,1,30,2026-07-10,-5.0,15,in_bounds
2026-07-11 01:45:00+00:00,0,0.0,0.0,HB303,Clinton St & 7 St,18,2026-07-11,1,45,2026-07-10,-5.0,15,in_bounds
2026-07-11 02:00:00+00:00,0,0.0,0.0,HB303,Clinton St & 7 St,18,2026-07-11,2,0,2026-07-10,-5.0,15,in_bounds
2026-07-11 02:15:00+00:00,0,0.0,0.0,HB303,Clinton St & 7 St,18,2026-07-11,2,15,2026-07-10,-5.0,15,in_bounds
2026-07-11 02:30:00+00:00,0,1.0,1.0,HB303,Clinton St & 7 St,18,2026-07-11,2,30,2026-07-10,-4.0,15,in_bounds
2026-07-11 02:45:00+00:00,0,0.0,0.0,HB303,Clinton St & 7 St,18,2026-07-11,2,45,2026-07-10,-4.0,15,in_bounds
2026-07-11 03:00:00+00:00,0,0.0,0.0,HB303,Clinton St & 7 St,18,2026-07-11,3,0,2026-07-10,-4.0,15,in_bounds
2026-07-11 03:15:00+00:00,0,0.0,0.0,HB303,Clinton St & 7 St,18,2026-07-11,3,15,2026-07-10,-4.0,15,in_bounds
2026-07-11 03:30:00+00:00,0,0.0,0.0,HB303,Clinton St & 7 St,18,2026-07-11,3,30,2026-07-10,-4.0,15,in_bounds
2026-07-11 03:45:00+00:00,0,1.0,1.0,HB303,Clinton St & 7 St,18,2026-07-11,3,45,2026-07-10,-3.0,15,in_bounds
2026-07-11 04:00:00+00:00,0,0.0,0.0,HB303,Clinton St & 7 St,18,2026-07-11,4,0,2026-07-10,-3.0,15,in_bounds
2026-07-11 04:15:00+00:00,0,0.0,0.0,HB303,Clinton St & 7 St,18,2026-07-11,4,15,2026-07-10,-3.0,15,in_bounds
2026-07-11 04:30:00+00:00,0,0.0,0.0,HB303,Clinton St & 7 St,18,2026-07-11,4,30,2026-07-10,-3.0,15,in_bounds
2026-07-11 04:45:00+00:00,0,0.0,0.0,HB303,Clinton St & 7 St,18,2026-07-11,4,45,2026-07-10,-3.0,15,in_bounds
2026-07-11 05:00:00+00:00,0,0.0,0.0,HB303,Clinton St & 7 St,18,2026-07-11,5,0,2026-07-11,0.0,15,in_bounds
2026-07-11 05:15:00+00:00,0,0.0,0.0,HB303,Clinton St & 7 St,18,2026-07-11,5,15,2026-07-11,0.0,15,in_bounds
2026-07-11 05:30:00+00:00,0,0.0,0.0,HB303,Clinton St & 7 St,18,2026-07-11,5,30,2026-07-11,0.0,15,in_bounds
2026-07-11 05:45:00+00:00,0,0.0,0.0,HB303,Clinton St & 7 St,18,2026-07-11,5,45,2026-07-11,0.0,15,in_bounds
2026-07-11 06:00:00+00:00,0,0.0,0.0,HB303,Clinton St & 7 St,18,2026-07-11,6,0,2026-07-11,0.0,15,in_bounds
2026-07-11 06:15:00+00:00,0,0.0,0.0,HB303,Clinton St & 7 St,18,2026-07-11,6,15,2026-07-11,0.0,15,in_bounds
2026-07-11 06:30:00+00:00,0,0.0,0.0,HB303,Clinton St & 7 St,18,2026-07-11,6,30,2026-07-11,0.0,15,in_bounds
2026-07-11 06:45:00+00:00,0,0.0,0.0,HB303,Clinton St & 7 St,18,2026-07-11,6,45,2026-07-11,0.0,15,in_bounds
2026-07-11 07:00:00+00:00,0,0.0,0.0,HB303,Clinton St & 7 St,18,2026-07-11,7,0,2026-07-11,0.0,15,in_bounds
2026-07-11 07:15:00+00:00,1,0.0,-1.0,HB303,Clinton St & 7 St,18,2026-07-11,7,15,2026-07-11,-1.0,15,in_bounds
2026-07-11 07:30:00+00:00,0,0.0,0.0,HB303,Clinton St & 7 St,18,2026-07-11,7,30,2026-07-11,-1.0,15,in_bounds
2026-07-11 07:45:00+00:00,0,1.0,1.0,HB303,Clinton St & 7 St,18,2026-07-11,7,45,2026-07-11,0.0,15,in_bounds
2026-07-11 08:00:00+00:00,1,0.0,-1.0,HB303,Clinton St & 7 St,18,2026-07-11,8,0,2026-07-11,-1.0,15,in_bounds
2026-07-11 08:15:00+00:00,0,0.0,0.0,HB303,Clinton St & 7 St,18,2026-07-11,8,15,2026-07-11,-1.0,15,in_bounds
2026-07-11 08:30:00+00:00,0,0.0,0.0,HB303,Clinton St & 7 St,18,2026-07-11,8,30,2026-07-11,-1.0,15,in_bounds
2026-07-11 08:45:00+00:00,1,0.0,-1.0,HB303,Clinton St & 7 St,18,2026-07-11,8,45,2026-07-11,-2.0,15,in_bounds
2026-07-11 09:00:00+00:00,0,0.0,0.0,HB303,Clinton St & 7 St,18,2026-07-11,9,0,2026-07-11,-2.0,15,in_bounds
2026-07-11 09:15:00+00:00,0,0.0,0.0,HB303,Clinton St & 7 St,18,2026-07-11,9,15,2026-07-11,-2.0,15,in_bounds
2026-07-11 09:30:00+00:00,2,0.0,-2.0,HB303,Clinton St & 7 St,18,2026-07-11,9,30,2026-07-11,-4.0,15,in_bounds
2026-07-11 09:45:00+00:00,3,0.0,-3.0,HB303,Clinton St & 7 St,18,2026-07-11,9,45,2026-07-11,-7.0,15,in_bounds
2026-07-11 10:00:00+00:00,2,1.0,-1.0,HB303,Clinton St & 7 St,18,2026-07-11,10,0,2026-07-11,-8.0,15,in_bounds
2026-07-11 10:15:00+00:00,1,0.0,-1.0,HB303,Clinton St & 7 St,18,2026-07-11,10,15,2026-07-11,-9.0,15,in_bounds
2026-07-11 10:30:00+00:00,0,3.0,3.0,HB303,Clinton St & 7 St,18,2026-07-11,10,30,2026-07-11,-6.0,15,in_bounds
2026-07-11 10:45:00+00:00,0,2.0,2.0,HB303,Clinton St & 7 St,18,2026-07-11,10,45,2026-07-11,-4.0,15,in_bounds
2026-07-11 11:00:00+00:00,0,2.0,2.0,HB303,Clinton St & 7 St,18,2026-07-11,11,0,2026-07-11,-2.0,15,in_bounds
2026-07-11 11:15:00+00:00,0,0.0,0.0,HB303,Clinton St & 7 St,18,2026-07-11,11,15,2026-07-11,-2.0,15,in_bounds
2026-07-11 11:30:00+00:00,2,2.0,0.0,HB303,Clinton St & 7 St,18,2026-07-11,11,30,2026-07-11,-2.0,15,in_bounds
2026-07-11 11:45:00+00:00,0,0.0,0.0,HB303,Clinton St & 7 St,18,2026-07-11,11,45,2026-07-11,-2.0,15,in_bounds
2026-07-11 12:00:00+00:00,1,0.0,-1.0,HB303,Clinton St & 7 St,18,2026-07-11,12,0,2026-07-11,-3.0,15,in_bounds
2026-07-11 12:15:00+00:00,0,1.0,1.0,HB303,Clinton St & 7 St,18,2026-07-11,12,15,2026-07-11,-2.0,15,in_bounds
2026-07-11 12:30:00+00:00,1,2.0,1.0,HB303,Clinton St & 7 St,18,2026-07-11,12,30,2026-07-11,-1.0,15,in_bounds
2026-07-11 12:45:00+00:00,2,2.0,0.0,HB303,Clinton St & 7 St,18,2026-07-11,12,45,2026-07-11,-1.0,15,in_bounds
2026-07-11 13:00:00+00:00,0,2.0,2.0,HB303,Clinton St & 7 St,18,2026-07-11,13,0,2026-07-11,1.0,15,in_bounds
2026-07-11 13:15:00+00:00,1,0.0,-1.0,HB303,Clinton St & 7 St,18,2026-07-11,13,15,2026-07-11,0.0,15,in_bounds
2026-07-11 13:30:00+00:00,1,0.0,-1.0,HB303,Clinton St & 7 St,18,2026-07-11,13,30,2026-07-11,-1.0,15,in_bounds
2026-07-11 13:45:00+00:00,0,1.0,1.0,HB303,Clinton St & 7 St,18,2026-07-11,13,45,2026-07-11,0.0,15,in_bounds
2026-07-11 14:00:00+00:00,0,0.0,0.0,HB303,Clinton St & 7 St,18,2026-07-11,14,0,2026-07-11,0.0,15,in_bounds
2026-07-11 14:15:00+00:00,0,1.0,1.0,HB303,Clinton St & 7 St,18,2026-07-11,14,15,2026-07-11,1.0,15,in_bounds
2026-07-11 14:30:00+00:00,0,0.0,0.0,HB303,Clinton St & 7 St,18,2026-07-11,14,30,2026-07-11,1.0,15,in_bounds
2026-07-11 14:45:00+00:00,1,0.0,-1.0,HB303,Clinton St & 7 St,18,2026-07-11,14,45,2026-07-11,0.0,15,in_bounds
2026-07-11 15:00:00+00:00,0,0.0,0.0,HB303,Clinton St & 7 St,18,2026-07-11,15,0,2026-07-11,0.0,15,in_bounds
2026-07-11 15:15:00+00:00,1,0.0,-1.0,HB303,Clinton St & 7 St,18,2026-07-11,15,15,2026-07-11,-1.0,15,in_bounds
2026-07-11 15:30:00+00:00,0,0.0,0.0,HB303,Clinton St & 7 St,18,2026-07-11,15,30,2026-07-11,-1.0,15,in_bounds
2026-07-11 15:45:00+00:00,0,1.0,1.0,HB303,Clinton St & 7 St,18,2026-07-11,15,45,2026-07-11,0.0,15,in_bounds
2026-07-11 16:00:00+00:00,1,0.0,-1.0,HB303,Clinton St & 7 St,18,2026-07-11,16,0,2026-07-11,-1.0,15,in_bounds
2026-07-11 16:15:00+00:00,1,2.0,1.0,HB303,Clinton St & 7 St,18,2026-07-11,16,15,2026-07-11,0.0,15,in_bounds
2026-07-11 16:30:00+00:00,0,0.0,0.0,HB303,Clinton St & 7 St,18,2026-07-11,16,30,2026-07-11,0.0,15,in_bounds
2026-07-11 16:45:00+00:00,0,2.0,2.0,HB303,Clinton St & 7 St,18,2026-07-11,16,45,2026-07-11,2.0,15,in_bounds
2026-07-11 17:00:00+00:00,1,0.0,-1.0,HB303,Clinton St & 7 St,18,2026-07-11,17,0,2026-07-11,1.0,15,in_bounds
2026-07-11 17:15:00+00:00,0,1.0,1.0,HB303,Clinton St & 7 St,18,2026-07-11,17,15,2026-07-11,2.0,15,in_bounds
2026-07-11 17:30:00+00:00,1,0.0,-1.0,HB303,Clinton St & 7 St,18,2026-07-11,17,30,2026-07-11,1.0,15,in_bounds
2026-07-11 17:45:00+00:00,1,0.0,-1.0,HB303,Clinton St & 7 St,18,2026-07-11,17,45,2026-07-11,0.0,15,in_bounds
2026-07-11 18:00:00+00:00,0,0.0,0.0,HB303,Clinton St & 7 St,18,2026-07-11,18,0,2026-07-11,0.0,15,in_bounds
2026-07-11 18:15:00+00:00,1,0.0,-1.0,HB303,Clinton St & 7 St,18,2026-07-11,18,15,2026-07-11,-1.0,15,in_bounds
2026-07-11 18:30:00+00:00,0,1.0,1.0,HB303,Clinton St & 7 St,18,2026-07-11,18,30,2026-07-11,0.0,15,in_bounds
2026-07-11 18:45:00+00:00,2,4.0,2.0,HB303,Clinton St & 7 St,18,2026-07-11,18,45,2026-07-11,2.0,15,in_bounds
2026-07-11 19:00:00+00:00,1,0.0,-1.0,HB303,Clinton St & 7 St,18,2026-07-11,19,0,2026-07-11,1.0,15,in_bounds
2026-07-11 19:15:00+00:00,0,1.0,1.0,HB303,Clinton St & 7 St,18,2026-07-11,19,15,2026-07-11,2.0,15,in_bounds
2026-07-11 19:30:00+00:00,2,2.0,0.0,HB303,Clinton St & 7 St,18,2026-07-11,19,30,2026-07-11,2.0,15,in_bounds
2026-07-11 19:45:00+00:00,0,0.0,0.0,HB303,Clinton St & 7 St,18,2026-07-11,19,45,2026-07-11,2.0,15,in_bounds
2026-07-11 20:00:00+00:00,1,0.0,-1.0,HB303,Clinton St & 7 St,18,2026-07-11,20,0,2026-07-11,1.0,15,in_bounds
2026-07-11 20:15:00+00:00,2,2.0,0.0,HB303,Clinton St & 7 St,18,2026-07-11,20,15,2026-07-11,1.0,15,in_bounds
2026-07-11 20:30:00+00:00,1,3.0,2.0,HB303,Clinton St & 7 St,18,2026-07-11,20,30,2026-07-11,3.0,15,in_bounds
2026-07-11 20:45:00+00:00,0,1.0,1.0,HB303,Clinton St & 7 St,18,2026-07-11,20,45,2026-07-11,4.0,15,over_capacity
2026-07-11 21:00:00+00:00,0,2.0,2.0,HB303,Clinton St & 7 St,18,2026-07-11,21,0,2026-07-11,6.0,15,over_capacity
2026-07-11 21:15:00+00:00,0,0.0,0.0,HB303,Clinton St & 7 St,18,2026-07-11,21,15,2026-07-11,6.0,15,over_capacity
2026-07-11 21:30:00+00:00,1,1.0,0.0,HB303,Clinton St & 7 St,18,2026-07-11,21,30,2026-07-11,6.0,15,over_capacity
2026-07-11 21:45:00+00:00,2,0.0,-2.0,HB303,Clinton St & 7 St,18,2026-07-11,21,45,2026-07-11,4.0,15,over_capacity
2026-07-11 22:00:00+00:00,0,1.0,1.0,HB303,Clinton St & 7 St,18,2026-07-11,22,0,2026-07-11,5.0,15,over_capacity
2026-07-11 22:15:00+00:00,0,0.0,0.0,HB303,Clinton St & 7 St,18,2026-07-11,22,15,2026-07-11,5.0,15,over_capacity
2026-07-11 22:30:00+00:00,0,2.0,2.0,HB303,Clinton St & 7 St,18,2026-07-11,22,30,2026-07-11,7.0,15,over_capacity
2026-07-11 22:45:00+00:00,3,0.0,-3.0,HB303,Clinton St & 7 St,18,2026-07-11,22,45,2026-07-11,4.0,15,over_capacity
2026-07-11 23:00:00+00:00,0,0.0,0.0,HB303,Clinton St & 7 St,18,2026-07-11,23,0,2026-07-11,4.0,15,over_capacity
2026-07-11 23:15:00+00:00,0,2.0,2.0,HB303,Clinton St & 7 St,18,2026-07-11,23,15,2026-07-11,6.0,15,over_capacity
2026-07-11 23:30:00+00:00,0,0.0,0.0,HB303,Clinton St & 7 St,18,2026-07-11,23,30,2026-07-11,6.0,15,over_capacity
2026-07-11 23:45:00+00:00,0,0.0,0.0,HB303,Clinton St & 7 St,18,2026-07-11,23,45,2026-07-11,6.0,15,over_capacity
2026-07-12 00:00:00+00:00,0,5.0,5.0,HB303,Clinton St & 7 St,18,2026-07-12,0,0,2026-07-11,11.0,15,over_capacity
2026-07-12 00:15:00+00:00,0,0.0,0.0,HB303,Clinton St & 7 St,18,2026-07-12,0,15,2026-07-11,11.0,15,over_capacity
2026-07-12 00:30:00+00:00,0,0.0,0.0,HB303,Clinton St & 7 St,18,2026-07-12,0,30,2026-07-11,11.0,15,over_capacity
2026-07-12 00:45:00+00:00,0,0.0,0.0,HB303,Clinton St & 7 St,18,2026-07-12,0,45,2026-07-11,11.0,15,over_capacity
2026-07-12 01:00:00+00:00,0,0.0,0.0,HB303,Clinton St & 7 St,18,2026-07-12,1,0,2026-07-11,11.0,15,over_capacity
2026-07-12 01:15:00+00:00,0,0.0,0.0,HB303,Clinton St & 7 St,18,2026-07-12,1,15,2026-07-11,11.0,15,over_capacity
2026-07-12 01:30:00+00:00,0,0.0,0.0,HB303,Clinton St & 7 St,18,2026-07-12,1,30,2026-07-11,11.0,15,over_capacity
2026-07-12 01:45:00+00:00,0,0.0,0.0,HB303,Clinton St & 7 St,18,2026-07-12,1,45,2026-07-11,11.0,15,over_capacity
2026-07-12 02:00:00+00:00,0,0.0,0.0,HB303,Clinton St & 7 St,18,2026-07-12,2,0,2026-07-11,11.0,15,over_capacity
2026-07-12 02:15:00+00:00,0,0.0,0.0,HB303,Clinton St & 7 St,18,2026-07-12,2,15,2026-07-11,11.0,15,over_capacity
2026-07-12 02:30:00+00:00,0,0.0,0.0,HB303,Clinton St & 7 St,18,2026-07-12,2,30,2026-07-11,11.0,15,over_capacity
2026-07-12 02:45:00+00:00,0,0.0,0.0,HB303,Clinton St & 7 St,18,2026-07-12,2,45,2026-07-11,11.0,15,over_capacity
2026-07-12 03:00:00+00:00,0,0.0,0.0,HB303,Clinton St & 7 St,18,2026-07-12,3,0,2026-07-11,11.0,15,over_capacity
2026-07-12 03:15:00+00:00,0,0.0,0.0,HB303,Clinton St & 7 St,18,2026-07-12,3,15,2026-07-11,11.0,15,over_capacity
2026-07-12 03:30:00+00:00,0,0.0,0.0,HB303,Clinton St & 7 St,18,2026-07-12,3,30,2026-07-11,11.0,15,over_capacity
2026-07-12 03:45:00+00:00,0,0.0,0.0,HB303,Clinton St & 7 St,18,2026-07-12,3,45,2026-07-11,11.0,15,over_capacity
2026-07-12 04:00:00+00:00,0,0.0,0.0,HB303,Clinton St & 7 St,18,2026-07-12,4,0,2026-07-11,11.0,15,over_capacity
2026-07-12 04:15:00+00:00,0,0.0,0.0,HB303,Clinton St & 7 St,18,2026-07-12,4,15,2026-07-11,11.0,15,over_capacity
2026-07-12 04:30:00+00:00,0,0.0,0.0,HB303,Clinton St & 7 St,18,2026-07-12,4,30,2026-07-11,11.0,15,over_capacity
2026-07-12 04:45:00+00:00,0,0.0,0.0,HB303,Clinton St & 7 St,18,2026-07-12,4,45,2026-07-11,11.0,15,over_capacity
2026-07-12 05:00:00+00:00,0,0.0,0.0,HB303,Clinton St & 7 St,18,2026-07-12,5,0,2026-07-12,0.0,15,in_bounds
2026-07-12 05:15:00+00:00,0,0.0,0.0,HB303,Clinton St & 7 St,18,2026-07-12,5,15,2026-07-12,0.0,15,in_bounds
2026-07-12 05:30:00+00:00,0,0.0,0.0,HB303,Clinton St & 7 St,18,2026-07-12,5,30,2026-07-12,0.0,15,in_bounds
2026-07-12 05:45:00+00:00,0,0.0,0.0,HB303,Clinton St & 7 St,18,2026-07-12,5,45,2026-07-12,0.0,15,in_bounds
2026-07-12 06:00:00+00:00,0,0.0,0.0,HB303,Clinton St & 7 St,18,2026-07-12,6,0,2026-07-12,0.0,15,in_bounds
2026-07-12 06:15:00+00:00,0,0.0,0.0,HB303,Clinton St & 7 St,18,2026-07-12,6,15,2026-07-12,0.0,15,in_bounds
2026-07-12 06:30:00+00:00,0,0.0,0.0,HB303,Clinton St & 7 St,18,2026-07-12,6,30,2026-07-12,0.0,15,in_bounds
2026-07-12 06:45:00+00:00,0,0.0,0.0,HB303,Clinton St & 7 St,18,2026-07-12,6,45,2026-07-12,0.0,15,in_bounds
2026-07-12 07:00:00+00:00,0,0.0,0.0,HB303,Clinton St & 7 St,18,2026-07-12,7,0,2026-07-12,0.0,15,in_bounds
2026-07-12 07:15:00+00:00,0,0.0,0.0,HB303,Clinton St & 7 St,18,2026-07-12,7,15,2026-07-12,0.0,15,in_bounds
2026-07-12 07:30:00+00:00,0,0.0,0.0,HB303,Clinton St & 7 St,18,2026-07-12,7,30,2026-07-12,0.0,15,in_bounds
2026-07-12 07:45:00+00:00,0,0.0,0.0,HB303,Clinton St & 7 St,18,2026-07-12,7,45,2026-07-12,0.0,15,in_bounds
2026-07-12 08:00:00+00:00,0,0.0,0.0,HB303,Clinton St & 7 St,18,2026-07-12,8,0,2026-07-12,0.0,15,in_bounds
2026-07-12 08:15:00+00:00,0,0.0,0.0,HB303,Clinton St & 7 St,18,2026-07-12,8,15,2026-07-12,0.0,15,in_bounds
2026-07-12 08:30:00+00:00,0,0.0,0.0,HB303,Clinton St & 7 St,18,2026-07-12,8,30,2026-07-12,0.0,15,in_bounds
2026-07-12 08:45:00+00:00,2,1.0,-1.0,HB303,Clinton St & 7 St,18,2026-07-12,8,45,2026-07-12,-1.0,15,in_bounds
2026-07-12 09:00:00+00:00,1,1.0,0.0,HB303,Clinton St & 7 St,18,2026-07-12,9,0,2026-07-12,-1.0,15,in_bounds
2026-07-12 09:15:00+00:00,4,1.0,-3.0,HB303,Clinton St & 7 St,18,2026-07-12,9,15,2026-07-12,-4.0,15,in_bounds
2026-07-12 09:30:00+00:00,1,0.0,-1.0,HB303,Clinton St & 7 St,18,2026-07-12,9,30,2026-07-12,-5.0,15,in_bounds
2026-07-12 09:45:00+00:00,2,8.0,6.0,HB303,Clinton St & 7 St,18,2026-07-12,9,45,2026-07-12,1.0,15,in_bounds
2026-07-12 10:00:00+00:00,1,1.0,0.0,HB303,Clinton St & 7 St,18,2026-07-12,10,0,2026-07-12,1.0,15,in_bounds
2026-07-12 10:15:00+00:00,3,2.0,-1.0,HB303,Clinton St & 7 St,18,2026-07-12,10,15,2026-07-12,0.0,15,in_bounds
2026-07-12 10:30:00+00:00,0,0.0,0.0,HB303,Clinton St & 7 St,18,2026-07-12,10,30,2026-07-12,0.0,15,in_bounds
2026-07-12 10:45:00+00:00,0,1.0,1.0,HB303,Clinton St & 7 St,18,2026-07-12,10,45,2026-07-12,1.0,15,in_bounds
2026-07-12 11:00:00+00:00,1,1.0,0.0,HB303,Clinton St & 7 St,18,2026-07-12,11,0,2026-07-12,1.0,15,in_bounds
2026-07-12 11:15:00+00:00,1,1.0,0.0,HB303,Clinton St & 7 St,18,2026-07-12,11,15,2026-07-12,1.0,15,in_bounds
2026-07-12 11:30:00+00:00,2,0.0,-2.0,HB303,Clinton St & 7 St,18,2026-07-12,11,30,2026-07-12,-1.0,15,in_bounds
2026-07-12 11:45:00+00:00,2,1.0,-1.0,HB303,Clinton St & 7 St,18,2026-07-12,11,45,2026-07-12,-2.0,15,in_bounds
2026-07-12 12:00:00+00:00,0,0.0,0.0,HB303,Clinton St & 7 St,18,2026-07-12,12,0,2026-07-12,-2.0,15,in_bounds
2026-07-12 12:15:00+00:00,0,2.0,2.0,HB303,Clinton St & 7 St,18,2026-07-12,12,15,2026-07-12,0.0,15,in_bounds
2026-07-12 12:30:00+00:00,0,1.0,1.0,HB303,Clinton St & 7 St,18,2026-07-12,12,30,2026-07-12,1.0,15,in_bounds
2026-07-12 12:45:00+00:00,0,0.0,0.0,HB303,Clinton St & 7 St,18,2026-07-12,12,45,2026-07-12,1.0,15,in_bounds
2026-07-12 13:00:00+00:00,0,0.0,0.0,HB303,Clinton St & 7 St,18,2026-07-12,13,0,2026-07-12,1.0,15,in_bounds
2026-07-12 13:15:00+00:00,2,0.0,-2.0,HB303,Clinton St & 7 St,18,2026-07-12,13,15,2026-07-12,-1.0,15,in_bounds
2026-07-12 13:30:00+00:00,1,0.0,-1.0,HB303,Clinton St & 7 St,18,2026-07-12,13,30,2026-07-12,-2.0,15,in_bounds
2026-07-12 13:45:00+00:00,0,1.0,1.0,HB303,Clinton St & 7 St,18,2026-07-12,13,45,2026-07-12,-1.0,15,in_bounds
2026-07-12 14:00:00+00:00,0,1.0,1.0,HB303,Clinton St & 7 St,18,2026-07-12,14,0,2026-07-12,0.0,15,in_bounds
2026-07-12 14:15:00+00:00,2,1.0,-1.0,HB303,Clinton St & 7 St,18,2026-07-12,14,15,2026-07-12,-1.0,15,in_bounds
2026-07-12 14:30:00+00:00,1,0.0,-1.0,HB303,Clinton St & 7 St,18,2026-07-12,14,30,2026-07-12,-2.0,15,in_bounds
2026-07-12 14:45:00+00:00,0,0.0,0.0,HB303,Clinton St & 7 St,18,2026-07-12,14,45,2026-07-12,-2.0,15,in_bounds
2026-07-12 15:00:00+00:00,2,0.0,-2.0,HB303,Clinton St & 7 St,18,2026-07-12,15,0,2026-07-12,-4.0,15,in_bounds
2026-07-12 15:15:00+00:00,1,1.0,0.0,HB303,Clinton St & 7 St,18,2026-07-12,15,15,2026-07-12,-4.0,15,in_bounds
2026-07-12 15:30:00+00:00,4,1.0,-3.0,HB303,Clinton St & 7 St,18,2026-07-12,15,30,2026-07-12,-7.0,15,in_bounds
2026-07-12 15:45:00+00:00,1,2.0,1.0,HB303,Clinton St & 7 St,18,2026-07-12,15,45,2026-07-12,-6.0,15,in_bounds
2026-07-12 16:00:00+00:00,0,0.0,0.0,HB303,Clinton St & 7 St,18,2026-07-12,16,0,2026-07-12,-6.0,15,in_bounds
2026-07-12 16:15:00+00:00,0,0.0,0.0,HB303,Clinton St & 7 St,18,2026-07-12,16,15,2026-07-12,-6.0,15,in_bounds
2026-07-12 16:30:00+00:00,0,1.0,1.0,HB303,Clinton St & 7 St,18,2026-07-12,16,30,2026-07-12,-5.0,15,in_bounds
2026-07-12 16:45:00+00:00,0,1.0,1.0,HB303,Clinton St & 7 St,18,2026-07-12,16,45,2026-07-12,-4.0,15,in_bounds
2026-07-12 17:00:00+00:00,1,0.0,-1.0,HB303,Clinton St & 7 St,18,2026-07-12,17,0,2026-07-12,-5.0,15,in_bounds
2026-07-12 17:15:00+00:00,1,1.0,0.0,HB303,Clinton St & 7 St,18,2026-07-12,17,15,2026-07-12,-5.0,15,in_bounds
2026-07-12 17:30:00+00:00,0,2.0,2.0,HB303,Clinton St & 7 St,18,2026-07-12,17,30,2026-07-12,-3.0,15,in_bounds
2026-07-12 17:45:00+00:00,0,0.0,0.0,HB303,Clinton St & 7 St,18,2026-07-12,17,45,2026-07-12,-3.0,15,in_bounds
2026-07-12 18:00:00+00:00,1,0.0,-1.0,HB303,Clinton St & 7 St,18,2026-07-12,18,0,2026-07-12,-4.0,15,in_bounds
2026-07-12 18:15:00+00:00,1,1.0,0.0,HB303,Clinton St & 7 St,18,2026-07-12,18,15,2026-07-12,-4.0,15,in_bounds
2026-07-12 18:30:00+00:00,0,0.0,0.0,HB303,Clinton St & 7 St,18,2026-07-12,18,30,2026-07-12,-4.0,15,in_bounds
2026-07-12 18:45:00+00:00,0,1.0,1.0,HB303,Clinton St & 7 St,18,2026-07-12,18,45,2026-07-12,-3.0,15,in_bounds
2026-07-12 19:00:00+00:00,0,1.0,1.0,HB303,Clinton St & 7 St,18,2026-07-12,19,0,2026-07-12,-2.0,15,in_bounds
2026-07-12 19:15:00+00:00,1,0.0,-1.0,HB303,Clinton St & 7 St,18,2026-07-12,19,15,2026-07-12,-3.0,15,in_bounds
2026-07-12 19:30:00+00:00,1,1.0,0.0,HB303,Clinton St & 7 St,18,2026-07-12,19,30,2026-07-12,-3.0,15,in_bounds
2026-07-12 19:45:00+00:00,1,0.0,-1.0,HB303,Clinton St & 7 St,18,2026-07-12,19,45,2026-07-12,-4.0,15,in_bounds
2026-07-12 20:00:00+00:00,2,3.0,1.0,HB303,Clinton St & 7 St,18,2026-07-12,20,0,2026-07-12,-3.0,15,in_bounds
2026-07-12 20:15:00+00:00,0,1.0,1.0,HB303,Clinton St & 7 St,18,2026-07-12,20,15,2026-07-12,-2.0,15,in_bounds
2026-07-12 20:30:00+00:00,1,0.0,-1.0,HB303,Clinton St & 7 St,18,2026-07-12,20,30,2026-07-12,-3.0,15,in_bounds
2026-07-12 20:45:00+00:00,0,0.0,0.0,HB303,Clinton St & 7 St,18,2026-07-12,20,45,2026-07-12,-3.0,15,in_bounds
2026-07-12 21:00:00+00:00,0,0.0,0.0,HB303,Clinton St & 7 St,18,2026-07-12,21,0,2026-07-12,-3.0,15,in_bounds
2026-07-12 21:15:00+00:00,0,0.0,0.0,HB303,Clinton St & 7 St,18,2026-07-12,21,15,2026-07-12,-3.0,15,in_bounds
2026-07-12 21:30:00+00:00,0,1.0,1.0,HB303,Clinton St & 7 St,18,2026-07-12,21,30,2026-07-12,-2.0,15,in_bounds
2026-07-12 21:45:00+00:00,1,0.0,-1.0,HB303,Clinton St & 7 St,18,2026-07-12,21,45,2026-07-12,-3.0,15,in_bounds
2026-07-12 22:00:00+00:00,0,0.0,0.0,HB303,Clinton St & 7 St,18,2026-07-12,22,0,2026-07-12,-3.0,15,in_bounds
2026-07-12 22:15:00+00:00,0,0.0,0.0,HB303,Clinton St & 7 St,18,2026-07-12,22,15,2026-07-12,-3.0,15,in_bounds
2026-07-12 22:30:00+00:00,0,1.0,1.0,HB303,Clinton St & 7 St,18,2026-07-12,22,30,2026-07-12,-2.0,15,in_bounds
2026-07-12 22:45:00+00:00,0,0.0,0.0,HB303,Clinton St & 7 St,18,2026-07-12,22,45,2026-07-12,-2.0,15,in_bounds
2026-07-12 23:00:00+00:00,0,0.0,0.0,HB303,Clinton St & 7 St,18,2026-07-12,23,0,2026-07-12,-2.0,15,in_bounds
2026-07-12 23:15:00+00:00,0,0.0,0.0,HB303,Clinton St & 7 St,18,2026-07-12,23,15,2026-07-12,-2.0,15,in_bounds
2026-07-12 23:30:00+00:00,0,2.0,2.0,HB303,Clinton St & 7 St,18,2026-07-12,23,30,2026-07-12,0.0,15,in_bounds
2026-07-12 23:45:00+00:00,0,0.0,0.0,HB303,Clinton St & 7 St,18,2026-07-12,23,45,2026-07-12,0.0,15,in_bounds
2026-07-13 00:00:00+00:00,0,0.0,0.0,HB303,Clinton St & 7 St,18,2026-07-13,0,0,2026-07-12,0.0,15,in_bounds
2026-07-13 00:15:00+00:00,0,0.0,0.0,HB303,Clinton St & 7 St,18,2026-07-13,0,15,2026-07-12,0.0,15,in_bounds
2026-07-13 00:30:00+00:00,0,0.0,0.0,HB303,Clinton St & 7 St,18,2026-07-13,0,30,2026-07-12,0.0,15,in_bounds
2026-07-13 00:45:00+00:00,0,0.0,0.0,HB303,Clinton St & 7 St,18,2026-07-13,0,45,2026-07-12,0.0,15,in_bounds
2026-07-13 01:00:00+00:00,0,0.0,0.0,HB303,Clinton St & 7 St,18,2026-07-13,1,0,2026-07-12,0.0,15,in_bounds
2026-07-13 01:15:00+00:00,0,0.0,0.0,HB303,Clinton St & 7 St,18,2026-07-13,1,15,2026-07-12,0.0,15,in_bounds
2026-07-13 01:30:00+00:00,0,0.0,0.0,HB303,Clinton St & 7 St,18,2026-07-13,1,30,2026-07-12,0.0,15,in_bounds
2026-07-13 01:45:00+00:00,0,0.0,0.0,HB303,Clinton St & 7 St,18,2026-07-13,1,45,2026-07-12,0.0,15,in_bounds
2026-07-13 02:00:00+00:00,0,0.0,0.0,HB303,Clinton St & 7 St,18,2026-07-13,2,0,2026-07-12,0.0,15,in_bounds
2026-07-13 02:15:00+00:00,0,0.0,0.0,HB303,Clinton St & 7 St,18,2026-07-13,2,15,2026-07-12,0.0,15,in_bounds
2026-07-13 02:30:00+00:00,0,0.0,0.0,HB303,Clinton St & 7 St,18,2026-07-13,2,30,2026-07-12,0.0,15,in_bounds
2026-07-13 02:45:00+00:00,0,0.0,0.0,HB303,Clinton St & 7 St,18,2026-07-13,2,45,2026-07-12,0.0,15,in_bounds
2026-07-13 03:00:00+00:00,0,0.0,0.0,HB303,Clinton St & 7 St,18,2026-07-13,3,0,2026-07-12,0.0,15,in_bounds
2026-07-13 03:15:00+00:00,0,0.0,0.0,HB303,Clinton St & 7 St,18,2026-07-13,3,15,2026-07-12,0.0,15,in_bounds
2026-07-13 03:30:00+00:00,0,0.0,0.0,HB303,Clinton St & 7 St,18,2026-07-13,3,30,2026-07-12,0.0,15,in_bounds
2026-07-13 03:45:00+00:00,0,0.0,0.0,HB303,Clinton St & 7 St,18,2026-07-13,3,45,2026-07-12,0.0,15,in_bounds
2026-07-13 04:00:00+00:00,0,0.0,0.0,HB303,Clinton St & 7 St,18,2026-07-13,4,0,2026-07-12,0.0,15,in_bounds
2026-07-13 04:15:00+00:00,0,0.0,0.0,HB303,Clinton St & 7 St,18,2026-07-13,4,15,2026-07-12,0.0,15,in_bounds
2026-07-13 04:30:00+00:00,0,0.0,0.0,HB303,Clinton St & 7 St,18,2026-07-13,4,30,2026-07-12,0.0,15,in_bounds
2026-07-13 04:45:00+00:00,0,0.0,0.0,HB303,Clinton St & 7 St,18,2026-07-13,4,45,2026-07-12,0.0,15,in_bounds
2026-07-13 05:00:00+00:00,0,0.0,0.0,HB303,Clinton St & 7 St,18,2026-07-13,5,0,2026-07-13,0.0,15,in_bounds
2026-07-13 05:15:00+00:00,0,0.0,0.0,HB303,Clinton St & 7 St,18,2026-07-13,5,15,2026-07-13,0.0,15,in_bounds
2026-07-13 05:30:00+00:00,0,0.0,0.0,HB303,Clinton St & 7 St,18,2026-07-13,5,30,2026-07-13,0.0,15,in_bounds
2026-07-13 05:45:00+00:00,1,0.0,-1.0,HB303,Clinton St & 7 St,18,2026-07-13,5,45,2026-07-13,-1.0,15,in_bounds
2026-07-13 06:00:00+00:00,0,0.0,0.0,HB303,Clinton St & 7 St,18,2026-07-13,6,0,2026-07-13,-1.0,15,in_bounds
2026-07-13 06:15:00+00:00,1,0.0,-1.0,HB303,Clinton St & 7 St,18,2026-07-13,6,15,2026-07-13,-2.0,15,in_bounds
2026-07-13 06:30:00+00:00,1,0.0,-1.0,HB303,Clinton St & 7 St,18,2026-07-13,6,30,2026-07-13,-3.0,15,in_bounds
2026-07-13 06:45:00+00:00,0,0.0,0.0,HB303,Clinton St & 7 St,18,2026-07-13,6,45,2026-07-13,-3.0,15,in_bounds
2026-07-13 07:00:00+00:00,1,0.0,-1.0,HB303,Clinton St & 7 St,18,2026-07-13,7,0,2026-07-13,-4.0,15,in_bounds
2026-07-13 07:15:00+00:00,0,0.0,0.0,HB303,Clinton St & 7 St,18,2026-07-13,7,15,2026-07-13,-4.0,15,in_bounds
2026-07-13 07:30:00+00:00,2,2.0,0.0,HB303,Clinton St & 7 St,18,2026-07-13,7,30,2026-07-13,-4.0,15,in_bounds
2026-07-13 07:45:00+00:00,2,0.0,-2.0,HB303,Clinton St & 7 St,18,2026-07-13,7,45,2026-07-13,-6.0,15,in_bounds
2026-07-13 08:00:00+00:00,0,1.0,1.0,HB303,Clinton St & 7 St,18,2026-07-13,8,0,2026-07-13,-5.0,15,in_bounds
2026-07-13 08:15:00+00:00,0,1.0,1.0,HB303,Clinton St & 7 St,18,2026-07-13,8,15,2026-07-13,-4.0,15,in_bounds
2026-07-13 08:30:00+00:00,2,0.0,-2.0,HB303,Clinton St & 7 St,18,2026-07-13,8,30,2026-07-13,-6.0,15,in_bounds
2026-07-13 08:45:00+00:00,2,1.0,-1.0,HB303,Clinton St & 7 St,18,2026-07-13,8,45,2026-07-13,-7.0,15,in_bounds
2026-07-13 09:00:00+00:00,2,1.0,-1.0,HB303,Clinton St & 7 St,18,2026-07-13,9,0,2026-07-13,-8.0,15,in_bounds
2026-07-13 09:15:00+00:00,1,2.0,1.0,HB303,Clinton St & 7 St,18,2026-07-13,9,15,2026-07-13,-7.0,15,in_bounds
2026-07-13 09:30:00+00:00,0,0.0,0.0,HB303,Clinton St & 7 St,18,2026-07-13,9,30,2026-07-13,-7.0,15,in_bounds
2026-07-13 09:45:00+00:00,0,0.0,0.0,HB303,Clinton St & 7 St,18,2026-07-13,9,45,2026-07-13,-7.0,15,in_bounds
2026-07-13 10:00:00+00:00,0,0.0,0.0,HB303,Clinton St & 7 St,18,2026-07-13,10,0,2026-07-13,-7.0,15,in_bounds
2026-07-13 10:15:00+00:00,0,1.0,1.0,HB303,Clinton St & 7 St,18,2026-07-13,10,15,2026-07-13,-6.0,15,in_bounds
2026-07-13 10:30:00+00:00,1,0.0,-1.0,HB303,Clinton St & 7 St,18,2026-07-13,10,30,2026-07-13,-7.0,15,in_bounds
2026-07-13 10:45:00+00:00,0,0.0,0.0,HB303,Clinton St & 7 St,18,2026-07-13,10,45,2026-07-13,-7.0,15,in_bounds
2026-07-13 11:00:00+00:00,0,0.0,0.0,HB303,Clinton St & 7 St,18,2026-07-13,11,0,2026-07-13,-7.0,15,in_bounds
2026-07-13 11:15:00+00:00,0,0.0,0.0,HB303,Clinton St & 7 St,18,2026-07-13,11,15,2026-07-13,-7.0,15,in_bounds
2026-07-13 11:30:00+00:00,0,0.0,0.0,HB303,Clinton St & 7 St,18,2026-07-13,11,30,2026-07-13,-7.0,15,in_bounds
2026-07-13 11:45:00+00:00,0,0.0,0.0,HB303,Clinton St & 7 St,18,2026-07-13,11,45,2026-07-13,-7.0,15,in_bounds
2026-07-13 12:00:00+00:00,0,2.0,2.0,HB303,Clinton St & 7 St,18,2026-07-13,12,0,2026-07-13,-5.0,15,in_bounds
2026-07-13 12:15:00+00:00,1,1.0,0.0,HB303,Clinton St & 7 St,18,2026-07-13,12,15,2026-07-13,-5.0,15,in_bounds
2026-07-13 12:30:00+00:00,1,0.0,-1.0,HB303,Clinton St & 7 St,18,2026-07-13,12,30,2026-07-13,-6.0,15,in_bounds
2026-07-13 12:45:00+00:00,0,0.0,0.0,HB303,Clinton St & 7 St,18,2026-07-13,12,45,2026-07-13,-6.0,15,in_bounds
2026-07-13 13:00:00+00:00,2,1.0,-1.0,HB303,Clinton St & 7 St,18,2026-07-13,13,0,2026-07-13,-7.0,15,in_bounds
2026-07-13 13:15:00+00:00,0,0.0,0.0,HB303,Clinton St & 7 St,18,2026-07-13,13,15,2026-07-13,-7.0,15,in_bounds
2026-07-13 13:30:00+00:00,0,0.0,0.0,HB303,Clinton St & 7 St,18,2026-07-13,13,30,2026-07-13,-7.0,15,in_bounds
2026-07-13 13:45:00+00:00,0,0.0,0.0,HB303,Clinton St & 7 St,18,2026-07-13,13,45,2026-07-13,-7.0,15,in_bounds
2026-07-13 14:00:00+00:00,0,0.0,0.0,HB303,Clinton St & 7 St,18,2026-07-13,14,0,2026-07-13,-7.0,15,in_bounds
2026-07-13 14:15:00+00:00,0,0.0,0.0,HB303,Clinton St & 7 St,18,2026-07-13,14,15,2026-07-13,-7.0,15,in_bounds
2026-07-13 14:30:00+00:00,0,1.0,1.0,HB303,Clinton St & 7 St,18,2026-07-13,14,30,2026-07-13,-6.0,15,in_bounds
2026-07-13 14:45:00+00:00,2,0.0,-2.0,HB303,Clinton St & 7 St,18,2026-07-13,14,45,2026-07-13,-8.0,15,in_bounds
2026-07-13 15:00:00+00:00,0,1.0,1.0,HB303,Clinton St & 7 St,18,2026-07-13,15,0,2026-07-13,-7.0,15,in_bounds
2026-07-13 15:15:00+00:00,0,2.0,2.0,HB303,Clinton St & 7 St,18,2026-07-13,15,15,2026-07-13,-5.0,15,in_bounds
2026-07-13 15:30:00+00:00,1,1.0,0.0,HB303,Clinton St & 7 St,18,2026-07-13,15,30,2026-07-13,-5.0,15,in_bounds
2026-07-13 15:45:00+00:00,1,0.0,-1.0,HB303,Clinton St & 7 St,18,2026-07-13,15,45,2026-07-13,-6.0,15,in_bounds
2026-07-13 16:00:00+00:00,0,1.0,1.0,HB303,Clinton St & 7 St,18,2026-07-13,16,0,2026-07-13,-5.0,15,in_bounds
2026-07-13 16:15:00+00:00,1,0.0,-1.0,HB303,Clinton St & 7 St,18,2026-07-13,16,15,2026-07-13,-6.0,15,in_bounds
2026-07-13 16:30:00+00:00,1,2.0,1.0,HB303,Clinton St & 7 St,18,2026-07-13,16,30,2026-07-13,-5.0,15,in_bounds
2026-07-13 16:45:00+00:00,3,0.0,-3.0,HB303,Clinton St & 7 St,18,2026-07-13,16,45,2026-07-13,-8.0,15,in_bounds
2026-07-13 17:00:00+00:00,0,4.0,4.0,HB303,Clinton St & 7 St,18,2026-07-13,17,0,2026-07-13,-4.0,15,in_bounds
2026-07-13 17:15:00+00:00,5,2.0,-3.0,HB303,Clinton St & 7 St,18,2026-07-13,17,15,2026-07-13,-7.0,15,in_bounds
2026-07-13 17:30:00+00:00,2,3.0,1.0,HB303,Clinton St & 7 St,18,2026-07-13,17,30,2026-07-13,-6.0,15,in_bounds
2026-07-13 17:45:00+00:00,3,1.0,-2.0,HB303,Clinton St & 7 St,18,2026-07-13,17,45,2026-07-13,-8.0,15,in_bounds
2026-07-13 18:00:00+00:00,2,2.0,0.0,HB303,Clinton St & 7 St,18,2026-07-13,18,0,2026-07-13,-8.0,15,in_bounds
2026-07-13 18:15:00+00:00,0,3.0,3.0,HB303,Clinton St & 7 St,18,2026-07-13,18,15,2026-07-13,-5.0,15,in_bounds
2026-07-13 18:30:00+00:00,2,1.0,-1.0,HB303,Clinton St & 7 St,18,2026-07-13,18,30,2026-07-13,-6.0,15,in_bounds
2026-07-13 18:45:00+00:00,2,1.0,-1.0,HB303,Clinton St & 7 St,18,2026-07-13,18,45,2026-07-13,-7.0,15,in_bounds
2026-07-13 19:00:00+00:00,0,0.0,0.0,HB303,Clinton St & 7 St,18,2026-07-13,19,0,2026-07-13,-7.0,15,in_bounds
2026-07-13 19:15:00+00:00,0,0.0,0.0,HB303,Clinton St & 7 St,18,2026-07-13,19,15,2026-07-13,-7.0,15,in_bounds
2026-07-13 19:30:00+00:00,1,1.0,0.0,HB303,Clinton St & 7 St,18,2026-07-13,19,30,2026-07-13,-7.0,15,in_bounds
2026-07-13 19:45:00+00:00,0,1.0,1.0,HB303,Clinton St & 7 St,18,2026-07-13,19,45,2026-07-13,-6.0,15,in_bounds
2026-07-13 20:00:00+00:00,2,1.0,-1.0,HB303,Clinton St & 7 St,18,2026-07-13,20,0,2026-07-13,-7.0,15,in_bounds
2026-07-13 20:15:00+00:00,0,0.0,0.0,HB303,Clinton St & 7 St,18,2026-07-13,20,15,2026-07-13,-7.0,15,in_bounds
2026-07-13 20:30:00+00:00,1,4.0,3.0,HB303,Clinton St & 7 St,18,2026-07-13,20,30,2026-07-13,-4.0,15,in_bounds
2026-07-13 20:45:00+00:00,1,0.0,-1.0,HB303,Clinton St & 7 St,18,2026-07-13,20,45,2026-07-13,-5.0,15,in_bounds
2026-07-13 21:00:00+00:00,1,0.0,-1.0,HB303,Clinton St & 7 St,18,2026-07-13,21,0,2026-07-13,-6.0,15,in_bounds
2026-07-13 21:15:00+00:00,1,5.0,4.0,HB303,Clinton St & 7 St,18,2026-07-13,21,15,2026-07-13,-2.0,15,in_bounds
2026-07-13 21:30:00+00:00,0,0.0,0.0,HB303,Clinton St & 7 St,18,2026-07-13,21,30,2026-07-13,-2.0,15,in_bounds
2026-07-13 21:45:00+00:00,0,1.0,1.0,HB303,Clinton St & 7 St,18,2026-07-13,21,45,2026-07-13,-1.0,15,in_bounds
2026-07-13 22:00:00+00:00,0,2.0,2.0,HB303,Clinton St & 7 St,18,2026-07-13,22,0,2026-07-13,1.0,15,in_bounds
2026-07-13 22:15:00+00:00,2,1.0,-1.0,HB303,Clinton St & 7 St,18,2026-07-13,22,15,2026-07-13,0.0,15,in_bounds
2026-07-13 22:30:00+00:00,3,0.0,-3.0,HB303,Clinton St & 7 St,18,2026-07-13,22,30,2026-07-13,-3.0,15,in_bounds
2026-07-13 22:45:00+00:00,0,2.0,2.0,HB303,Clinton St & 7 St,18,2026-07-13,22,45,2026-07-13,-1.0,15,in_bounds
2026-07-13 23:00:00+00:00,0,1.0,1.0,HB303,Clinton St & 7 St,18,2026-07-13,23,0,2026-07-13,0.0,15,in_bounds
2026-07-13 23:15:00+00:00,0,0.0,0.0,HB303,Clinton St & 7 St,18,2026-07-13,23,15,2026-07-13,0.0,15,in_bounds
2026-07-13 23:30:00+00:00,0,0.0,0.0,HB303,Clinton St & 7 St,18,2026-07-13,23,30,2026-07-13,0.0,15,in_bounds
2026-07-13 23:45:00+00:00,0,0.0,0.0,HB303,Clinton St & 7 St,18,2026-07-13,23,45,2026-07-13,0.0,15,in_bounds
2026-07-14 00:00:00+00:00,2,0.0,-2.0,HB303,Clinton St & 7 St,18,2026-07-14,0,0,2026-07-13,-2.0,15,in_bounds
2026-07-14 00:15:00+00:00,0,0.0,0.0,HB303,Clinton St & 7 St,18,2026-07-14,0,15,2026-07-13,-2.0,15,in_bounds
2026-07-14 00:30:00+00:00,0,0.0,0.0,HB303,Clinton St & 7 St,18,2026-07-14,0,30,2026-07-13,-2.0,15,in_bounds
2026-07-14 00:45:00+00:00,0,1.0,1.0,HB303,Clinton St & 7 St,18,2026-07-14,0,45,2026-07-13,-1.0,15,in_bounds
2026-07-14 01:00:00+00:00,0,0.0,0.0,HB303,Clinton St & 7 St,18,2026-07-14,1,0,2026-07-13,-1.0,15,in_bounds
2026-07-14 01:15:00+00:00,0,0.0,0.0,HB303,Clinton St & 7 St,18,2026-07-14,1,15,2026-07-13,-1.0,15,in_bounds
2026-07-14 01:30:00+00:00,0,0.0,0.0,HB303,Clinton St & 7 St,18,2026-07-14,1,30,2026-07-13,-1.0,15,in_bounds
2026-07-14 01:45:00+00:00,0,0.0,0.0,HB303,Clinton St & 7 St,18,2026-07-14,1,45,2026-07-13,-1.0,15,in_bounds
2026-07-14 02:00:00+00:00,0,0.0,0.0,HB303,Clinton St & 7 St,18,2026-07-14,2,0,2026-07-13,-1.0,15,in_bounds
2026-07-14 02:15:00+00:00,0,0.0,0.0,HB303,Clinton St & 7 St,18,2026-07-14,2,15,2026-07-13,-1.0,15,in_bounds
2026-07-14 02:30:00+00:00,0,0.0,0.0,HB303,Clinton St & 7 St,18,2026-07-14,2,30,2026-07-13,-1.0,15,in_bounds
2026-07-14 02:45:00+00:00,0,0.0,0.0,HB303,Clinton St & 7 St,18,2026-07-14,2,45,2026-07-13,-1.0,15,in_bounds
2026-07-14 03:00:00+00:00,0,0.0,0.0,HB303,Clinton St & 7 St,18,2026-07-14,3,0,2026-07-13,-1.0,15,in_bounds
2026-07-14 03:15:00+00:00,0,0.0,0.0,HB303,Clinton St & 7 St,18,2026-07-14,3,15,2026-07-13,-1.0,15,in_bounds
2026-07-14 03:30:00+00:00,0,0.0,0.0,HB303,Clinton St & 7 St,18,2026-07-14,3,30,2026-07-13,-1.0,15,in_bounds
2026-07-14 03:45:00+00:00,0,0.0,0.0,HB303,Clinton St & 7 St,18,2026-07-14,3,45,2026-07-13,-1.0,15,in_bounds
2026-07-14 04:00:00+00:00,0,0.0,0.0,HB303,Clinton St & 7 St,18,2026-07-14,4,0,2026-07-13,-1.0,15,in_bounds
2026-07-14 04:15:00+00:00,0,0.0,0.0,HB303,Clinton St & 7 St,18,2026-07-14,4,15,2026-07-13,-1.0,15,in_bounds
2026-07-14 04:30:00+00:00,0,0.0,0.0,HB303,Clinton St & 7 St,18,2026-07-14,4,30,2026-07-13,-1.0,15,in_bounds
2026-07-14 04:45:00+00:00,0,0.0,0.0,HB303,Clinton St & 7 St,18,2026-07-14,4,45,2026-07-13,-1.0,15,in_bounds
2026-07-14 05:00:00+00:00,0,0.0,0.0,HB303,Clinton St & 7 St,18,2026-07-14,5,0,2026-07-14,0.0,15,in_bounds
2026-07-14 05:15:00+00:00,0,0.0,0.0,HB303,Clinton St & 7 St,18,2026-07-14,5,15,2026-07-14,0.0,15,in_bounds
2026-07-14 05:30:00+00:00,0,0.0,0.0,HB303,Clinton St & 7 St,18,2026-07-14,5,30,2026-07-14,0.0,15,in_bounds
2026-07-14 05:45:00+00:00,0,0.0,0.0,HB303,Clinton St & 7 St,18,2026-07-14,5,45,2026-07-14,0.0,15,in_bounds
2026-07-14 06:00:00+00:00,0,0.0,0.0,HB303,Clinton St & 7 St,18,2026-07-14,6,0,2026-07-14,0.0,15,in_bounds
2026-07-14 06:15:00+00:00,1,0.0,-1.0,HB303,Clinton St & 7 St,18,2026-07-14,6,15,2026-07-14,-1.0,15,in_bounds
2026-07-14 06:30:00+00:00,3,0.0,-3.0,HB303,Clinton St & 7 St,18,2026-07-14,6,30,2026-07-14,-4.0,15,in_bounds
2026-07-14 06:45:00+00:00,0,0.0,0.0,HB303,Clinton St & 7 St,18,2026-07-14,6,45,2026-07-14,-4.0,15,in_bounds
2026-07-14 07:00:00+00:00,3,0.0,-3.0,HB303,Clinton St & 7 St,18,2026-07-14,7,0,2026-07-14,-7.0,15,in_bounds
2026-07-14 07:15:00+00:00,0,0.0,0.0,HB303,Clinton St & 7 St,18,2026-07-14,7,15,2026-07-14,-7.0,15,in_bounds
2026-07-14 07:30:00+00:00,1,2.0,1.0,HB303,Clinton St & 7 St,18,2026-07-14,7,30,2026-07-14,-6.0,15,in_bounds
2026-07-14 07:45:00+00:00,1,1.0,0.0,HB303,Clinton St & 7 St,18,2026-07-14,7,45,2026-07-14,-6.0,15,in_bounds
2026-07-14 08:00:00+00:00,0,3.0,3.0,HB303,Clinton St & 7 St,18,2026-07-14,8,0,2026-07-14,-3.0,15,in_bounds
2026-07-14 08:15:00+00:00,3,1.0,-2.0,HB303,Clinton St & 7 St,18,2026-07-14,8,15,2026-07-14,-5.0,15,in_bounds
2026-07-14 08:30:00+00:00,3,1.0,-2.0,HB303,Clinton St & 7 St,18,2026-07-14,8,30,2026-07-14,-7.0,15,in_bounds
2026-07-14 08:45:00+00:00,1,2.0,1.0,HB303,Clinton St & 7 St,18,2026-07-14,8,45,2026-07-14,-6.0,15,in_bounds
2026-07-14 09:00:00+00:00,2,1.0,-1.0,HB303,Clinton St & 7 St,18,2026-07-14,9,0,2026-07-14,-7.0,15,in_bounds
2026-07-14 09:15:00+00:00,0,2.0,2.0,HB303,Clinton St & 7 St,18,2026-07-14,9,15,2026-07-14,-5.0,15,in_bounds
2026-07-14 09:30:00+00:00,0,0.0,0.0,HB303,Clinton St & 7 St,18,2026-07-14,9,30,2026-07-14,-5.0,15,in_bounds
2026-07-14 09:45:00+00:00,0,0.0,0.0,HB303,Clinton St & 7 St,18,2026-07-14,9,45,2026-07-14,-5.0,15,in_bounds
2026-07-14 10:00:00+00:00,1,0.0,-1.0,HB303,Clinton St & 7 St,18,2026-07-14,10,0,2026-07-14,-6.0,15,in_bounds
2026-07-14 10:15:00+00:00,0,0.0,0.0,HB303,Clinton St & 7 St,18,2026-07-14,10,15,2026-07-14,-6.0,15,in_bounds
2026-07-14 10:30:00+00:00,0,0.0,0.0,HB303,Clinton St & 7 St,18,2026-07-14,10,30,2026-07-14,-6.0,15,in_bounds
2026-07-14 10:45:00+00:00,0,0.0,0.0,HB303,Clinton St & 7 St,18,2026-07-14,10,45,2026-07-14,-6.0,15,in_bounds
2026-07-14 11:00:00+00:00,0,0.0,0.0,HB303,Clinton St & 7 St,18,2026-07-14,11,0,2026-07-14,-6.0,15,in_bounds
2026-07-14 11:15:00+00:00,1,0.0,-1.0,HB303,Clinton St & 7 St,18,2026-07-14,11,15,2026-07-14,-7.0,15,in_bounds
2026-07-14 11:30:00+00:00,0,0.0,0.0,HB303,Clinton St & 7 St,18,2026-07-14,11,30,2026-07-14,-7.0,15,in_bounds
2026-07-14 11:45:00+00:00,0,0.0,0.0,HB303,Clinton St & 7 St,18,2026-07-14,11,45,2026-07-14,-7.0,15,in_bounds
2026-07-14 12:00:00+00:00,0,0.0,0.0,HB303,Clinton St & 7 St,18,2026-07-14,12,0,2026-07-14,-7.0,15,in_bounds
2026-07-14 12:15:00+00:00,2,1.0,-1.0,HB303,Clinton St & 7 St,18,2026-07-14,12,15,2026-07-14,-8.0,15,in_bounds
2026-07-14 12:30:00+00:00,0,0.0,0.0,HB303,Clinton St & 7 St,18,2026-07-14,12,30,2026-07-14,-8.0,15,in_bounds
2026-07-14 12:45:00+00:00,1,0.0,-1.0,HB303,Clinton St & 7 St,18,2026-07-14,12,45,2026-07-14,-9.0,15,in_bounds
2026-07-14 13:00:00+00:00,0,0.0,0.0,HB303,Clinton St & 7 St,18,2026-07-14,13,0,2026-07-14,-9.0,15,in_bounds
2026-07-14 13:15:00+00:00,1,0.0,-1.0,HB303,Clinton St & 7 St,18,2026-07-14,13,15,2026-07-14,-10.0,15,in_bounds
2026-07-14 13:30:00+00:00,0,0.0,0.0,HB303,Clinton St & 7 St,18,2026-07-14,13,30,2026-07-14,-10.0,15,in_bounds
2026-07-14 13:45:00+00:00,1,0.0,-1.0,HB303,Clinton St & 7 St,18,2026-07-14,13,45,2026-07-14,-11.0,15,in_bounds
2026-07-14 14:00:00+00:00,1,1.0,0.0,HB303,Clinton St & 7 St,18,2026-07-14,14,0,2026-07-14,-11.0,15,in_bounds
2026-07-14 14:15:00+00:00,0,0.0,0.0,HB303,Clinton St & 7 St,18,2026-07-14,14,15,2026-07-14,-11.0,15,in_bounds
2026-07-14 14:30:00+00:00,2,0.0,-2.0,HB303,Clinton St & 7 St,18,2026-07-14,14,30,2026-07-14,-13.0,15,in_bounds
2026-07-14 14:45:00+00:00,0,0.0,0.0,HB303,Clinton St & 7 St,18,2026-07-14,14,45,2026-07-14,-13.0,15,in_bounds
2026-07-14 15:00:00+00:00,0,0.0,0.0,HB303,Clinton St & 7 St,18,2026-07-14,15,0,2026-07-14,-13.0,15,in_bounds
2026-07-14 15:15:00+00:00,0,1.0,1.0,HB303,Clinton St & 7 St,18,2026-07-14,15,15,2026-07-14,-12.0,15,in_bounds
2026-07-14 15:30:00+00:00,0,0.0,0.0,HB303,Clinton St & 7 St,18,2026-07-14,15,30,2026-07-14,-12.0,15,in_bounds
2026-07-14 15:45:00+00:00,1,0.0,-1.0,HB303,Clinton St & 7 St,18,2026-07-14,15,45,2026-07-14,-13.0,15,in_bounds
2026-07-14 16:00:00+00:00,1,1.0,0.0,HB303,Clinton St & 7 St,18,2026-07-14,16,0,2026-07-14,-13.0,15,in_bounds
2026-07-14 16:15:00+00:00,0,1.0,1.0,HB303,Clinton St & 7 St,18,2026-07-14,16,15,2026-07-14,-12.0,15,in_bounds
2026-07-14 16:30:00+00:00,0,1.0,1.0,HB303,Clinton St & 7 St,18,2026-07-14,16,30,2026-07-14,-11.0,15,in_bounds
2026-07-14 16:45:00+00:00,3,3.0,0.0,HB303,Clinton St & 7 St,18,2026-07-14,16,45,2026-07-14,-11.0,15,in_bounds
2026-07-14 17:00:00+00:00,1,1.0,0.0,HB303,Clinton St & 7 St,18,2026-07-14,17,0,2026-07-14,-11.0,15,in_bounds
2026-07-14 17:15:00+00:00,1,1.0,0.0,HB303,Clinton St & 7 St,18,2026-07-14,17,15,2026-07-14,-11.0,15,in_bounds
2026-07-14 17:30:00+00:00,1,4.0,3.0,HB303,Clinton St & 7 St,18,2026-07-14,17,30,2026-07-14,-8.0,15,in_bounds
2026-07-14 17:45:00+00:00,2,3.0,1.0,HB303,Clinton St & 7 St,18,2026-07-14,17,45,2026-07-14,-7.0,15,in_bounds
2026-07-14 18:00:00+00:00,0,2.0,2.0,HB303,Clinton St & 7 St,18,2026-07-14,18,0,2026-07-14,-5.0,15,in_bounds
2026-07-14 18:15:00+00:00,0,1.0,1.0,HB303,Clinton St & 7 St,18,2026-07-14,18,15,2026-07-14,-4.0,15,in_bounds
2026-07-14 18:30:00+00:00,1,1.0,0.0,HB303,Clinton St & 7 St,18,2026-07-14,18,30,2026-07-14,-4.0,15,in_bounds
2026-07-14 18:45:00+00:00,2,1.0,-1.0,HB303,Clinton St & 7 St,18,2026-07-14,18,45,2026-07-14,-5.0,15,in_bounds
2026-07-14 19:00:00+00:00,0,3.0,3.0,HB303,Clinton St & 7 St,18,2026-07-14,19,0,2026-07-14,-2.0,15,in_bounds
2026-07-14 19:15:00+00:00,0,2.0,2.0,HB303,Clinton St & 7 St,18,2026-07-14,19,15,2026-07-14,0.0,15,in_bounds
2026-07-14 19:30:00+00:00,0,2.0,2.0,HB303,Clinton St & 7 St,18,2026-07-14,19,30,2026-07-14,2.0,15,in_bounds
2026-07-14 19:45:00+00:00,1,2.0,1.0,HB303,Clinton St & 7 St,18,2026-07-14,19,45,2026-07-14,3.0,15,in_bounds
2026-07-14 20:00:00+00:00,0,0.0,0.0,HB303,Clinton St & 7 St,18,2026-07-14,20,0,2026-07-14,3.0,15,in_bounds
2026-07-14 20:15:00+00:00,0,0.0,0.0,HB303,Clinton St & 7 St,18,2026-07-14,20,15,2026-07-14,3.0,15,in_bounds
2026-07-14 20:30:00+00:00,0,0.0,0.0,HB303,Clinton St & 7 St,18,2026-07-14,20,30,2026-07-14,3.0,15,in_bounds
2026-07-14 20:45:00+00:00,0,0.0,0.0,HB303,Clinton St & 7 St,18,2026-07-14,20,45,2026-07-14,3.0,15,in_bounds
2026-07-14 21:00:00+00:00,1,1.0,0.0,HB303,Clinton St & 7 St,18,2026-07-14,21,0,2026-07-14,3.0,15,in_bounds
2026-07-14 21:15:00+00:00,0,0.0,0.0,HB303,Clinton St & 7 St,18,2026-07-14,21,15,2026-07-14,3.0,15,in_bounds
2026-07-14 21:30:00+00:00,0,0.0,0.0,HB303,Clinton St & 7 St,18,2026-07-14,21,30,2026-07-14,3.0,15,in_bounds
2026-07-14 21:45:00+00:00,0,0.0,0.0,HB303,Clinton St & 7 St,18,2026-07-14,21,45,2026-07-14,3.0,15,in_bounds
2026-07-14 22:00:00+00:00,0,0.0,0.0,HB303,Clinton St & 7 St,18,2026-07-14,22,0,2026-07-14,3.0,15,in_bounds
2026-07-14 22:15:00+00:00,0,0.0,0.0,HB303,Clinton St & 7 St,18,2026-07-14,22,15,2026-07-14,3.0,15,in_bounds
2026-07-14 22:30:00+00:00,0,0.0,0.0,HB303,Clinton St & 7 St,18,2026-07-14,22,30,2026-07-14,3.0,15,in_bounds
2026-07-14 22:45:00+00:00,1,0.0,-1.0,HB303,Clinton St & 7 St,18,2026-07-14,22,45,2026-07-14,2.0,15,in_bounds
2026-07-14 23:00:00+00:00,0,0.0,0.0,HB303,Clinton St & 7 St,18,2026-07-14,23,0,2026-07-14,2.0,15,in_bounds
2026-07-14 23:15:00+00:00,0,0.0,0.0,HB303,Clinton St & 7 St,18,2026-07-14,23,15,2026-07-14,2.0,15,in_bounds
2026-07-14 23:30:00+00:00,0,0.0,0.0,HB303,Clinton St & 7 St,18,2026-07-14,23,30,2026-07-14,2.0,15,in_bounds
2026-07-14 23:45:00+00:00,0,1.0,1.0,HB303,Clinton St & 7 St,18,2026-07-14,23,45,2026-07-14,3.0,15,in_bounds
2026-07-15 00:00:00+00:00,0,0.0,0.0,HB303,Clinton St & 7 St,18,2026-07-15,0,0,2026-07-14,3.0,15,in_bounds
2026-07-15 00:15:00+00:00,0,0.0,0.0,HB303,Clinton St & 7 St,18,2026-07-15,0,15,2026-07-14,3.0,15,in_bounds
2026-07-15 00:30:00+00:00,0,0.0,0.0,HB303,Clinton St & 7 St,18,2026-07-15,0,30,2026-07-14,3.0,15,in_bounds
2026-07-15 00:45:00+00:00,0,0.0,0.0,HB303,Clinton St & 7 St,18,2026-07-15,0,45,2026-07-14,3.0,15,in_bounds
2026-07-15 01:00:00+00:00,0,0.0,0.0,HB303,Clinton St & 7 St,18,2026-07-15,1,0,2026-07-14,3.0,15,in_bounds
2026-07-15 01:15:00+00:00,0,0.0,0.0,HB303,Clinton St & 7 St,18,2026-07-15,1,15,2026-07-14,3.0,15,in_bounds
2026-07-15 01:30:00+00:00,0,0.0,0.0,HB303,Clinton St & 7 St,18,2026-07-15,1,30,2026-07-14,3.0,15,in_bounds
2026-07-15 01:45:00+00:00,0,0.0,0.0,HB303,Clinton St & 7 St,18,2026-07-15,1,45,2026-07-14,3.0,15,in_bounds
2026-07-15 02:00:00+00:00,0,0.0,0.0,HB303,Clinton St & 7 St,18,2026-07-15,2,0,2026-07-14,3.0,15,in_bounds
2026-07-15 02:15:00+00:00,0,0.0,0.0,HB303,Clinton St & 7 St,18,2026-07-15,2,15,2026-07-14,3.0,15,in_bounds
2026-07-15 02:30:00+00:00,0,0.0,0.0,HB303,Clinton St & 7 St,18,2026-07-15,2,30,2026-07-14,3.0,15,in_bounds
2026-07-15 02:45:00+00:00,0,0.0,0.0,HB303,Clinton St & 7 St,18,2026-07-15,2,45,2026-07-14,3.0,15,in_bounds
2026-07-15 03:00:00+00:00,0,0.0,0.0,HB303,Clinton St & 7 St,18,2026-07-15,3,0,2026-07-14,3.0,15,in_bounds
2026-07-15 03:15:00+00:00,0,0.0,0.0,HB303,Clinton St & 7 St,18,2026-07-15,3,15,2026-07-14,3.0,15,in_bounds
2026-07-15 03:30:00+00:00,0,0.0,0.0,HB303,Clinton St & 7 St,18,2026-07-15,3,30,2026-07-14,3.0,15,in_bounds
2026-07-15 03:45:00+00:00,0,0.0,0.0,HB303,Clinton St & 7 St,18,2026-07-15,3,45,2026-07-14,3.0,15,in_bounds
2026-07-15 04:00:00+00:00,0,0.0,0.0,HB303,Clinton St & 7 St,18,2026-07-15,4,0,2026-07-14,3.0,15,in_bounds
2026-07-15 04:15:00+00:00,0,0.0,0.0,HB303,Clinton St & 7 St,18,2026-07-15,4,15,2026-07-14,3.0,15,in_bounds
2026-07-15 04:30:00+00:00,0,0.0,0.0,HB303,Clinton St & 7 St,18,2026-07-15,4,30,2026-07-14,3.0,15,in_bounds
2026-07-15 04:45:00+00:00,0,0.0,0.0,HB303,Clinton St & 7 St,18,2026-07-15,4,45,2026-07-14,3.0,15,in_bounds
2026-07-15 05:00:00+00:00,0,0.0,0.0,HB303,Clinton St & 7 St,18,2026-07-15,5,0,2026-07-15,0.0,15,in_bounds
2026-07-15 05:15:00+00:00,0,0.0,0.0,HB303,Clinton St & 7 St,18,2026-07-15,5,15,2026-07-15,0.0,15,in_bounds
2026-07-15 05:30:00+00:00,0,0.0,0.0,HB303,Clinton St & 7 St,18,2026-07-15,5,30,2026-07-15,0.0,15,in_bounds
2026-07-15 05:45:00+00:00,1,0.0,-1.0,HB303,Clinton St & 7 St,18,2026-07-15,5,45,2026-07-15,-1.0,15,in_bounds
2026-07-15 06:00:00+00:00,0,0.0,0.0,HB303,Clinton St & 7 St,18,2026-07-15,6,0,2026-07-15,-1.0,15,in_bounds
2026-07-15 06:15:00+00:00,2,0.0,-2.0,HB303,Clinton St & 7 St,18,2026-07-15,6,15,2026-07-15,-3.0,15,in_bounds
2026-07-15 06:30:00+00:00,2,0.0,-2.0,HB303,Clinton St & 7 St,18,2026-07-15,6,30,2026-07-15,-5.0,15,in_bounds
2026-07-15 06:45:00+00:00,1,1.0,0.0,HB303,Clinton St & 7 St,18,2026-07-15,6,45,2026-07-15,-5.0,15,in_bounds
2026-07-15 07:00:00+00:00,4,0.0,-4.0,HB303,Clinton St & 7 St,18,2026-07-15,7,0,2026-07-15,-9.0,15,in_bounds
2026-07-15 07:15:00+00:00,1,0.0,-1.0,HB303,Clinton St & 7 St,18,2026-07-15,7,15,2026-07-15,-10.0,15,in_bounds
2026-07-15 07:30:00+00:00,4,2.0,-2.0,HB303,Clinton St & 7 St,18,2026-07-15,7,30,2026-07-15,-12.0,15,in_bounds
2026-07-15 07:45:00+00:00,3,0.0,-3.0,HB303,Clinton St & 7 St,18,2026-07-15,7,45,2026-07-15,-15.0,15,in_bounds
2026-07-15 08:00:00+00:00,2,1.0,-1.0,HB303,Clinton St & 7 St,18,2026-07-15,8,0,2026-07-15,-16.0,15,below_zero
2026-07-15 08:15:00+00:00,1,1.0,0.0,HB303,Clinton St & 7 St,18,2026-07-15,8,15,2026-07-15,-16.0,15,below_zero
2026-07-15 08:30:00+00:00,2,1.0,-1.0,HB303,Clinton St & 7 St,18,2026-07-15,8,30,2026-07-15,-17.0,15,below_zero
2026-07-15 08:45:00+00:00,1,4.0,3.0,HB303,Clinton St & 7 St,18,2026-07-15,8,45,2026-07-15,-14.0,15,in_bounds
2026-07-15 09:00:00+00:00,2,0.0,-2.0,HB303,Clinton St & 7 St,18,2026-07-15,9,0,2026-07-15,-16.0,15,below_zero
2026-07-15 09:15:00+00:00,1,0.0,-1.0,HB303,Clinton St & 7 St,18,2026-07-15,9,15,2026-07-15,-17.0,15,below_zero
2026-07-15 09:30:00+00:00,0,0.0,0.0,HB303,Clinton St & 7 St,18,2026-07-15,9,30,2026-07-15,-17.0,15,below_zero
2026-07-15 09:45:00+00:00,0,0.0,0.0,HB303,Clinton St & 7 St,18,2026-07-15,9,45,2026-07-15,-17.0,15,below_zero
2026-07-15 10:00:00+00:00,1,1.0,0.0,HB303,Clinton St & 7 St,18,2026-07-15,10,0,2026-07-15,-17.0,15,below_zero
2026-07-15 10:15:00+00:00,0,0.0,0.0,HB303,Clinton St & 7 St,18,2026-07-15,10,15,2026-07-15,-17.0,15,below_zero
2026-07-15 10:30:00+00:00,0,0.0,0.0,HB303,Clinton St & 7 St,18,2026-07-15,10,30,2026-07-15,-17.0,15,below_zero
2026-07-15 10:45:00+00:00,0,0.0,0.0,HB303,Clinton St & 7 St,18,2026-07-15,10,45,2026-07-15,-17.0,15,below_zero
2026-07-15 11:00:00+00:00,0,1.0,1.0,HB303,Clinton St & 7 St,18,2026-07-15,11,0,2026-07-15,-16.0,15,below_zero
2026-07-15 11:15:00+00:00,1,0.0,-1.0,HB303,Clinton St & 7 St,18,2026-07-15,11,15,2026-07-15,-17.0,15,below_zero
2026-07-15 11:30:00+00:00,0,0.0,0.0,HB303,Clinton St & 7 St,18,2026-07-15,11,30,2026-07-15,-17.0,15,below_zero
2026-07-15 11:45:00+00:00,0,0.0,0.0,HB303,Clinton St & 7 St,18,2026-07-15,11,45,2026-07-15,-17.0,15,below_zero
2026-07-15 12:00:00+00:00,0,0.0,0.0,HB303,Clinton St & 7 St,18,2026-07-15,12,0,2026-07-15,-17.0,15,below_zero
2026-07-15 12:15:00+00:00,0,1.0,1.0,HB303,Clinton St & 7 St,18,2026-07-15,12,15,2026-07-15,-16.0,15,below_zero
2026-07-15 12:30:00+00:00,0,2.0,2.0,HB303,Clinton St & 7 St,18,2026-07-15,12,30,2026-07-15,-14.0,15,in_bounds
2026-07-15 12:45:00+00:00,1,0.0,-1.0,HB303,Clinton St & 7 St,18,2026-07-15,12,45,2026-07-15,-15.0,15,in_bounds
2026-07-15 13:00:00+00:00,1,1.0,0.0,HB303,Clinton St & 7 St,18,2026-07-15,13,0,2026-07-15,-15.0,15,in_bounds
2026-07-15 13:15:00+00:00,0,1.0,1.0,HB303,Clinton St & 7 St,18,2026-07-15,13,15,2026-07-15,-14.0,15,in_bounds
2026-07-15 13:30:00+00:00,2,0.0,-2.0,HB303,Clinton St & 7 St,18,2026-07-15,13,30,2026-07-15,-16.0,15,below_zero
2026-07-15 13:45:00+00:00,0,0.0,0.0,HB303,Clinton St & 7 St,18,2026-07-15,13,45,2026-07-15,-16.0,15,below_zero
2026-07-15 14:00:00+00:00,1,1.0,0.0,HB303,Clinton St & 7 St,18,2026-07-15,14,0,2026-07-15,-16.0,15,below_zero
2026-07-15 14:15:00+00:00,0,0.0,0.0,HB303,Clinton St & 7 St,18,2026-07-15,14,15,2026-07-15,-16.0,15,below_zero
2026-07-15 14:30:00+00:00,0,0.0,0.0,HB303,Clinton St & 7 St,18,2026-07-15,14,30,2026-07-15,-16.0,15,below_zero
2026-07-15 14:45:00+00:00,0,2.0,2.0,HB303,Clinton St & 7 St,18,2026-07-15,14,45,2026-07-15,-14.0,15,in_bounds
2026-07-15 15:00:00+00:00,0,0.0,0.0,HB303,Clinton St & 7 St,18,2026-07-15,15,0,2026-07-15,-14.0,15,in_bounds
2026-07-15 15:15:00+00:00,1,4.0,3.0,HB303,Clinton St & 7 St,18,2026-07-15,15,15,2026-07-15,-11.0,15,in_bounds
2026-07-15 15:30:00+00:00,0,0.0,0.0,HB303,Clinton St & 7 St,18,2026-07-15,15,30,2026-07-15,-11.0,15,in_bounds
2026-07-15 15:45:00+00:00,0,0.0,0.0,HB303,Clinton St & 7 St,18,2026-07-15,15,45,2026-07-15,-11.0,15,in_bounds
2026-07-15 16:00:00+00:00,1,1.0,0.0,HB303,Clinton St & 7 St,18,2026-07-15,16,0,2026-07-15,-11.0,15,in_bounds
2026-07-15 16:15:00+00:00,1,1.0,0.0,HB303,Clinton St & 7 St,18,2026-07-15,16,15,2026-07-15,-11.0,15,in_bounds
2026-07-15 16:30:00+00:00,0,1.0,1.0,HB303,Clinton St & 7 St,18,2026-07-15,16,30,2026-07-15,-10.0,15,in_bounds
2026-07-15 16:45:00+00:00,0,3.0,3.0,HB303,Clinton St & 7 St,18,2026-07-15,16,45,2026-07-15,-7.0,15,in_bounds
2026-07-15 17:00:00+00:00,0,2.0,2.0,HB303,Clinton St & 7 St,18,2026-07-15,17,0,2026-07-15,-5.0,15,in_bounds
2026-07-15 17:15:00+00:00,0,0.0,0.0,HB303,Clinton St & 7 St,18,2026-07-15,17,15,2026-07-15,-5.0,15,in_bounds
2026-07-15 17:30:00+00:00,0,3.0,3.0,HB303,Clinton St & 7 St,18,2026-07-15,17,30,2026-07-15,-2.0,15,in_bounds
2026-07-15 17:45:00+00:00,3,3.0,0.0,HB303,Clinton St & 7 St,18,2026-07-15,17,45,2026-07-15,-2.0,15,in_bounds
2026-07-15 18:00:00+00:00,1,2.0,1.0,HB303,Clinton St & 7 St,18,2026-07-15,18,0,2026-07-15,-1.0,15,in_bounds
2026-07-15 18:15:00+00:00,1,1.0,0.0,HB303,Clinton St & 7 St,18,2026-07-15,18,15,2026-07-15,-1.0,15,in_bounds
2026-07-15 18:30:00+00:00,1,0.0,-1.0,HB303,Clinton St & 7 St,18,2026-07-15,18,30,2026-07-15,-2.0,15,in_bounds
2026-07-15 18:45:00+00:00,3,3.0,0.0,HB303,Clinton St & 7 St,18,2026-07-15,18,45,2026-07-15,-2.0,15,in_bounds
2026-07-15 19:00:00+00:00,2,3.0,1.0,HB303,Clinton St & 7 St,18,2026-07-15,19,0,2026-07-15,-1.0,15,in_bounds
2026-07-15 19:15:00+00:00,2,1.0,-1.0,HB303,Clinton St & 7 St,18,2026-07-15,19,15,2026-07-15,-2.0,15,in_bounds
2026-07-15 19:30:00+00:00,1,1.0,0.0,HB303,Clinton St & 7 St,18,2026-07-15,19,30,2026-07-15,-2.0,15,in_bounds
2026-07-15 19:45:00+00:00,1,2.0,1.0,HB303,Clinton St & 7 St,18,2026-07-15,19,45,2026-07-15,-1.0,15,in_bounds
2026-07-15 20:00:00+00:00,0,1.0,1.0,HB303,Clinton St & 7 St,18,2026-07-15,20,0,2026-07-15,0.0,15,in_bounds
2026-07-15 20:15:00+00:00,0,0.0,0.0,HB303,Clinton St & 7 St,18,2026-07-15,20,15,2026-07-15,0.0,15,in_bounds
2026-07-15 20:30:00+00:00,0,0.0,0.0,HB303,Clinton St & 7 St,18,2026-07-15,20,30,2026-07-15,0.0,15,in_bounds
2026-07-15 20:45:00+00:00,0,0.0,0.0,HB303,Clinton St & 7 St,18,2026-07-15,20,45,2026-07-15,0.0,15,in_bounds
2026-07-15 21:00:00+00:00,0,0.0,0.0,HB303,Clinton St & 7 St,18,2026-07-15,21,0,2026-07-15,0.0,15,in_bounds
2026-07-15 21:15:00+00:00,1,0.0,-1.0,HB303,Clinton St & 7 St,18,2026-07-15,21,15,2026-07-15,-1.0,15,in_bounds
2026-07-15 21:30:00+00:00,1,0.0,-1.0,HB303,Clinton St & 7 St,18,2026-07-15,21,30,2026-07-15,-2.0,15,in_bounds
2026-07-15 21:45:00+00:00,0,0.0,0.0,HB303,Clinton St & 7 St,18,2026-07-15,21,45,2026-07-15,-2.0,15,in_bounds
2026-07-15 22:00:00+00:00,0,1.0,1.0,HB303,Clinton St & 7 St,18,2026-07-15,22,0,2026-07-15,-1.0,15,in_bounds
2026-07-15 22:15:00+00:00,0,1.0,1.0,HB303,Clinton St & 7 St,18,2026-07-15,22,15,2026-07-15,0.0,15,in_bounds
2026-07-15 22:30:00+00:00,0,0.0,0.0,HB303,Clinton St & 7 St,18,2026-07-15,22,30,2026-07-15,0.0,15,in_bounds
2026-07-15 22:45:00+00:00,0,0.0,0.0,HB303,Clinton St & 7 St,18,2026-07-15,22,45,2026-07-15,0.0,15,in_bounds
2026-07-15 23:00:00+00:00,1,0.0,-1.0,HB303,Clinton St & 7 St,18,2026-07-15,23,0,2026-07-15,-1.0,15,in_bounds
2026-07-15 23:15:00+00:00,0,0.0,0.0,HB303,Clinton St & 7 St,18,2026-07-15,23,15,2026-07-15,-1.0,15,in_bounds
2026-07-15 23:30:00+00:00,1,1.0,0.0,HB303,Clinton St & 7 St,18,2026-07-15,23,30,2026-07-15,-1.0,15,in_bounds
2026-07-15 23:45:00+00:00,0,0.0,0.0,HB303,Clinton St & 7 St,18,2026-07-15,23,45,2026-07-15,-1.0,15,in_bounds
2026-07-16 00:00:00+00:00,0,1.0,1.0,HB303,Clinton St & 7 St,18,2026-07-16,0,0,2026-07-15,0.0,15,in_bounds
2026-07-16 00:15:00+00:00,0,0.0,0.0,HB303,Clinton St & 7 St,18,2026-07-16,0,15,2026-07-15,0.0,15,in_bounds
2026-07-16 00:30:00+00:00,2,0.0,-2.0,HB303,Clinton St & 7 St,18,2026-07-16,0,30,2026-07-15,-2.0,15,in_bounds
2026-07-16 00:45:00+00:00,0,0.0,0.0,HB303,Clinton St & 7 St,18,2026-07-16,0,45,2026-07-15,-2.0,15,in_bounds
2026-07-16 01:00:00+00:00,0,0.0,0.0,HB303,Clinton St & 7 St,18,2026-07-16,1,0,2026-07-15,-2.0,15,in_bounds
2026-07-16 01:15:00+00:00,0,0.0,0.0,HB303,Clinton St & 7 St,18,2026-07-16,1,15,2026-07-15,-2.0,15,in_bounds
2026-07-16 01:30:00+00:00,0,0.0,0.0,HB303,Clinton St & 7 St,18,2026-07-16,1,30,2026-07-15,-2.0,15,in_bounds
2026-07-16 01:45:00+00:00,0,0.0,0.0,HB303,Clinton St & 7 St,18,2026-07-16,1,45,2026-07-15,-2.0,15,in_bounds
2026-07-16 02:00:00+00:00,0,0.0,0.0,HB303,Clinton St & 7 St,18,2026-07-16,2,0,2026-07-15,-2.0,15,in_bounds
2026-07-16 02:15:00+00:00,0,0.0,0.0,HB303,Clinton St & 7 St,18,2026-07-16,2,15,2026-07-15,-2.0,15,in_bounds
2026-07-16 02:30:00+00:00,0,0.0,0.0,HB303,Clinton St & 7 St,18,2026-07-16,2,30,2026-07-15,-2.0,15,in_bounds
2026-07-16 02:45:00+00:00,0,0.0,0.0,HB303,Clinton St & 7 St,18,2026-07-16,2,45,2026-07-15,-2.0,15,in_bounds
2026-07-16 03:00:00+00:00,0,0.0,0.0,HB303,Clinton St & 7 St,18,2026-07-16,3,0,2026-07-15,-2.0,15,in_bounds
2026-07-16 03:15:00+00:00,0,0.0,0.0,HB303,Clinton St & 7 St,18,2026-07-16,3,15,2026-07-15,-2.0,15,in_bounds
2026-07-16 03:30:00+00:00,0,0.0,0.0,HB303,Clinton St & 7 St,18,2026-07-16,3,30,2026-07-15,-2.0,15,in_bounds
2026-07-16 03:45:00+00:00,0,1.0,1.0,HB303,Clinton St & 7 St,18,2026-07-16,3,45,2026-07-15,-1.0,15,in_bounds
2026-07-16 04:00:00+00:00,0,0.0,0.0,HB303,Clinton St & 7 St,18,2026-07-16,4,0,2026-07-15,-1.0,15,in_bounds
2026-07-16 04:15:00+00:00,0,0.0,0.0,HB303,Clinton St & 7 St,18,2026-07-16,4,15,2026-07-15,-1.0,15,in_bounds
2026-07-16 04:30:00+00:00,0,0.0,0.0,HB303,Clinton St & 7 St,18,2026-07-16,4,30,2026-07-15,-1.0,15,in_bounds
2026-07-16 04:45:00+00:00,0,0.0,0.0,HB303,Clinton St & 7 St,18,2026-07-16,4,45,2026-07-15,-1.0,15,in_bounds
2026-07-16 05:00:00+00:00,0,0.0,0.0,HB303,Clinton St & 7 St,18,2026-07-16,5,0,2026-07-16,0.0,15,in_bounds
2026-07-16 05:15:00+00:00,0,0.0,0.0,HB303,Clinton St & 7 St,18,2026-07-16,5,15,2026-07-16,0.0,15,in_bounds
2026-07-16 05:30:00+00:00,0,0.0,0.0,HB303,Clinton St & 7 St,18,2026-07-16,5,30,2026-07-16,0.0,15,in_bounds
2026-07-16 05:45:00+00:00,0,0.0,0.0,HB303,Clinton St & 7 St,18,2026-07-16,5,45,2026-07-16,0.0,15,in_bounds
2026-07-16 06:00:00+00:00,0,0.0,0.0,HB303,Clinton St & 7 St,18,2026-07-16,6,0,2026-07-16,0.0,15,in_bounds
2026-07-16 06:15:00+00:00,0,0.0,0.0,HB303,Clinton St & 7 St,18,2026-07-16,6,15,2026-07-16,0.0,15,in_bounds
2026-07-16 06:30:00+00:00,1,0.0,-1.0,HB303,Clinton St & 7 St,18,2026-07-16,6,30,2026-07-16,-1.0,15,in_bounds
2026-07-16 06:45:00+00:00,1,0.0,-1.0,HB303,Clinton St & 7 St,18,2026-07-16,6,45,2026-07-16,-2.0,15,in_bounds
2026-07-16 07:00:00+00:00,1,0.0,-1.0,HB303,Clinton St & 7 St,18,2026-07-16,7,0,2026-07-16,-3.0,15,in_bounds
2026-07-16 07:15:00+00:00,3,0.0,-3.0,HB303,Clinton St & 7 St,18,2026-07-16,7,15,2026-07-16,-6.0,15,in_bounds
2026-07-16 07:30:00+00:00,3,0.0,-3.0,HB303,Clinton St & 7 St,18,2026-07-16,7,30,2026-07-16,-9.0,15,in_bounds
2026-07-16 07:45:00+00:00,2,0.0,-2.0,HB303,Clinton St & 7 St,18,2026-07-16,7,45,2026-07-16,-11.0,15,in_bounds
2026-07-16 08:00:00+00:00,3,1.0,-2.0,HB303,Clinton St & 7 St,18,2026-07-16,8,0,2026-07-16,-13.0,15,in_bounds
2026-07-16 08:15:00+00:00,2,1.0,-1.0,HB303,Clinton St & 7 St,18,2026-07-16,8,15,2026-07-16,-14.0,15,in_bounds
2026-07-16 08:30:00+00:00,1,0.0,-1.0,HB303,Clinton St & 7 St,18,2026-07-16,8,30,2026-07-16,-15.0,15,in_bounds
2026-07-16 08:45:00+00:00,0,1.0,1.0,HB303,Clinton St & 7 St,18,2026-07-16,8,45,2026-07-16,-14.0,15,in_bounds
2026-07-16 09:00:00+00:00,0,0.0,0.0,HB303,Clinton St & 7 St,18,2026-07-16,9,0,2026-07-16,-14.0,15,in_bounds
2026-07-16 09:15:00+00:00,0,0.0,0.0,HB303,Clinton St & 7 St,18,2026-07-16,9,15,2026-07-16,-14.0,15,in_bounds
2026-07-16 09:30:00+00:00,1,1.0,0.0,HB303,Clinton St & 7 St,18,2026-07-16,9,30,2026-07-16,-14.0,15,in_bounds
2026-07-16 09:45:00+00:00,1,0.0,-1.0,HB303,Clinton St & 7 St,18,2026-07-16,9,45,2026-07-16,-15.0,15,in_bounds
2026-07-16 10:00:00+00:00,0,2.0,2.0,HB303,Clinton St & 7 St,18,2026-07-16,10,0,2026-07-16,-13.0,15,in_bounds
2026-07-16 10:15:00+00:00,0,2.0,2.0,HB303,Clinton St & 7 St,18,2026-07-16,10,15,2026-07-16,-11.0,15,in_bounds
2026-07-16 10:30:00+00:00,1,1.0,0.0,HB303,Clinton St & 7 St,18,2026-07-16,10,30,2026-07-16,-11.0,15,in_bounds
2026-07-16 10:45:00+00:00,0,0.0,0.0,HB303,Clinton St & 7 St,18,2026-07-16,10,45,2026-07-16,-11.0,15,in_bounds
2026-07-16 11:00:00+00:00,1,1.0,0.0,HB303,Clinton St & 7 St,18,2026-07-16,11,0,2026-07-16,-11.0,15,in_bounds
2026-07-16 11:15:00+00:00,0,0.0,0.0,HB303,Clinton St & 7 St,18,2026-07-16,11,15,2026-07-16,-11.0,15,in_bounds
2026-07-16 11:30:00+00:00,0,0.0,0.0,HB303,Clinton St & 7 St,18,2026-07-16,11,30,2026-07-16,-11.0,15,in_bounds
2026-07-16 11:45:00+00:00,1,0.0,-1.0,HB303,Clinton St & 7 St,18,2026-07-16,11,45,2026-07-16,-12.0,15,in_bounds
2026-07-16 12:00:00+00:00,1,0.0,-1.0,HB303,Clinton St & 7 St,18,2026-07-16,12,0,2026-07-16,-13.0,15,in_bounds
2026-07-16 12:15:00+00:00,0,0.0,0.0,HB303,Clinton St & 7 St,18,2026-07-16,12,15,2026-07-16,-13.0,15,in_bounds
2026-07-16 12:30:00+00:00,0,0.0,0.0,HB303,Clinton St & 7 St,18,2026-07-16,12,30,2026-07-16,-13.0,15,in_bounds
2026-07-16 12:45:00+00:00,0,1.0,1.0,HB303,Clinton St & 7 St,18,2026-07-16,12,45,2026-07-16,-12.0,15,in_bounds
2026-07-16 13:00:00+00:00,2,0.0,-2.0,HB303,Clinton St & 7 St,18,2026-07-16,13,0,2026-07-16,-14.0,15,in_bounds
2026-07-16 13:15:00+00:00,0,0.0,0.0,HB303,Clinton St & 7 St,18,2026-07-16,13,15,2026-07-16,-14.0,15,in_bounds
2026-07-16 13:30:00+00:00,2,1.0,-1.0,HB303,Clinton St & 7 St,18,2026-07-16,13,30,2026-07-16,-15.0,15,in_bounds
2026-07-16 13:45:00+00:00,0,2.0,2.0,HB303,Clinton St & 7 St,18,2026-07-16,13,45,2026-07-16,-13.0,15,in_bounds
2026-07-16 14:00:00+00:00,0,2.0,2.0,HB303,Clinton St & 7 St,18,2026-07-16,14,0,2026-07-16,-11.0,15,in_bounds
2026-07-16 14:15:00+00:00,0,0.0,0.0,HB303,Clinton St & 7 St,18,2026-07-16,14,15,2026-07-16,-11.0,15,in_bounds
2026-07-16 14:30:00+00:00,0,0.0,0.0,HB303,Clinton St & 7 St,18,2026-07-16,14,30,2026-07-16,-11.0,15,in_bounds
2026-07-16 14:45:00+00:00,1,1.0,0.0,HB303,Clinton St & 7 St,18,2026-07-16,14,45,2026-07-16,-11.0,15,in_bounds
2026-07-16 15:00:00+00:00,0,0.0,0.0,HB303,Clinton St & 7 St,18,2026-07-16,15,0,2026-07-16,-11.0,15,in_bounds
2026-07-16 15:15:00+00:00,1,1.0,0.0,HB303,Clinton St & 7 St,18,2026-07-16,15,15,2026-07-16,-11.0,15,in_bounds
2026-07-16 15:30:00+00:00,0,1.0,1.0,HB303,Clinton St & 7 St,18,2026-07-16,15,30,2026-07-16,-10.0,15,in_bounds
2026-07-16 15:45:00+00:00,2,0.0,-2.0,HB303,Clinton St & 7 St,18,2026-07-16,15,45,2026-07-16,-12.0,15,in_bounds
2026-07-16 16:00:00+00:00,0,0.0,0.0,HB303,Clinton St & 7 St,18,2026-07-16,16,0,2026-07-16,-12.0,15,in_bounds
2026-07-16 16:15:00+00:00,1,1.0,0.0,HB303,Clinton St & 7 St,18,2026-07-16,16,15,2026-07-16,-12.0,15,in_bounds
2026-07-16 16:30:00+00:00,1,2.0,1.0,HB303,Clinton St & 7 St,18,2026-07-16,16,30,2026-07-16,-11.0,15,in_bounds
2026-07-16 16:45:00+00:00,0,0.0,0.0,HB303,Clinton St & 7 St,18,2026-07-16,16,45,2026-07-16,-11.0,15,in_bounds
2026-07-16 17:00:00+00:00,0,2.0,2.0,HB303,Clinton St & 7 St,18,2026-07-16,17,0,2026-07-16,-9.0,15,in_bounds
2026-07-16 17:15:00+00:00,2,3.0,1.0,HB303,Clinton St & 7 St,18,2026-07-16,17,15,2026-07-16,-8.0,15,in_bounds
2026-07-16 17:30:00+00:00,0,3.0,3.0,HB303,Clinton St & 7 St,18,2026-07-16,17,30,2026-07-16,-5.0,15,in_bounds
2026-07-16 17:45:00+00:00,2,3.0,1.0,HB303,Clinton St & 7 St,18,2026-07-16,17,45,2026-07-16,-4.0,15,in_bounds
2026-07-16 18:00:00+00:00,2,6.0,4.0,HB303,Clinton St & 7 St,18,2026-07-16,18,0,2026-07-16,0.0,15,in_bounds
2026-07-16 18:15:00+00:00,2,1.0,-1.0,HB303,Clinton St & 7 St,18,2026-07-16,18,15,2026-07-16,-1.0,15,in_bounds
2026-07-16 18:30:00+00:00,0,2.0,2.0,HB303,Clinton St & 7 St,18,2026-07-16,18,30,2026-07-16,1.0,15,in_bounds
2026-07-16 18:45:00+00:00,1,2.0,1.0,HB303,Clinton St & 7 St,18,2026-07-16,18,45,2026-07-16,2.0,15,in_bounds
2026-07-16 19:00:00+00:00,0,0.0,0.0,HB303,Clinton St & 7 St,18,2026-07-16,19,0,2026-07-16,2.0,15,in_bounds
2026-07-16 19:15:00+00:00,1,0.0,-1.0,HB303,Clinton St & 7 St,18,2026-07-16,19,15,2026-07-16,1.0,15,in_bounds
2026-07-16 19:30:00+00:00,0,0.0,0.0,HB303,Clinton St & 7 St,18,2026-07-16,19,30,2026-07-16,1.0,15,in_bounds
2026-07-16 19:45:00+00:00,0,0.0,0.0,HB303,Clinton St & 7 St,18,2026-07-16,19,45,2026-07-16,1.0,15,in_bounds
2026-07-16 20:00:00+00:00,0,1.0,1.0,HB303,Clinton St & 7 St,18,2026-07-16,20,0,2026-07-16,2.0,15,in_bounds
2026-07-16 20:15:00+00:00,1,1.0,0.0,HB303,Clinton St & 7 St,18,2026-07-16,20,15,2026-07-16,2.0,15,in_bounds
2026-07-16 20:30:00+00:00,3,1.0,-2.0,HB303,Clinton St & 7 St,18,2026-07-16,20,30,2026-07-16,0.0,15,in_bounds
2026-07-16 20:45:00+00:00,0,2.0,2.0,HB303,Clinton St & 7 St,18,2026-07-16,20,45,2026-07-16,2.0,15,in_bounds
2026-07-16 21:00:00+00:00,0,0.0,0.0,HB303,Clinton St & 7 St,18,2026-07-16,21,0,2026-07-16,2.0,15,in_bounds
2026-07-16 21:15:00+00:00,1,1.0,0.0,HB303,Clinton St & 7 St,18,2026-07-16,21,15,2026-07-16,2.0,15,in_bounds
2026-07-16 21:30:00+00:00,1,0.0,-1.0,HB303,Clinton St & 7 St,18,2026-07-16,21,30,2026-07-16,1.0,15,in_bounds
2026-07-16 21:45:00+00:00,1,1.0,0.0,HB303,Clinton St & 7 St,18,2026-07-16,21,45,2026-07-16,1.0,15,in_bounds
2026-07-16 22:00:00+00:00,0,0.0,0.0,HB303,Clinton St & 7 St,18,2026-07-16,22,0,2026-07-16,1.0,15,in_bounds
2026-07-16 22:15:00+00:00,0,0.0,0.0,HB303,Clinton St & 7 St,18,2026-07-16,22,15,2026-07-16,1.0,15,in_bounds
2026-07-16 22:30:00+00:00,1,0.0,-1.0,HB303,Clinton St & 7 St,18,2026-07-16,22,30,2026-07-16,0.0,15,in_bounds
2026-07-16 22:45:00+00:00,0,1.0,1.0,HB303,Clinton St & 7 St,18,2026-07-16,22,45,2026-07-16,1.0,15,in_bounds
2026-07-16 23:00:00+00:00,0,0.0,0.0,HB303,Clinton St & 7 St,18,2026-07-16,23,0,2026-07-16,1.0,15,in_bounds
2026-07-16 23:15:00+00:00,1,0.0,-1.0,HB303,Clinton St & 7 St,18,2026-07-16,23,15,2026-07-16,0.0,15,in_bounds
2026-07-16 23:30:00+00:00,0,0.0,0.0,HB303,Clinton St & 7 St,18,2026-07-16,23,30,2026-07-16,0.0,15,in_bounds
2026-07-16 23:45:00+00:00,1,0.0,-1.0,HB303,Clinton St & 7 St,18,2026-07-16,23,45,2026-07-16,-1.0,15,in_bounds
2026-07-17 00:00:00+00:00,0,0.0,0.0,HB303,Clinton St & 7 St,18,2026-07-17,0,0,2026-07-16,-1.0,15,in_bounds
2026-07-17 00:15:00+00:00,0,1.0,1.0,HB303,Clinton St & 7 St,18,2026-07-17,0,15,2026-07-16,0.0,15,in_bounds
2026-07-17 00:30:00+00:00,0,0.0,0.0,HB303,Clinton St & 7 St,18,2026-07-17,0,30,2026-07-16,0.0,15,in_bounds
2026-07-17 00:45:00+00:00,0,0.0,0.0,HB303,Clinton St & 7 St,18,2026-07-17,0,45,2026-07-16,0.0,15,in_bounds
2026-07-17 01:00:00+00:00,0,0.0,0.0,HB303,Clinton St & 7 St,18,2026-07-17,1,0,2026-07-16,0.0,15,in_bounds
2026-07-17 01:15:00+00:00,0,0.0,0.0,HB303,Clinton St & 7 St,18,2026-07-17,1,15,2026-07-16,0.0,15,in_bounds
2026-07-17 01:30:00+00:00,0,0.0,0.0,HB303,Clinton St & 7 St,18,2026-07-17,1,30,2026-07-16,0.0,15,in_bounds
2026-07-17 01:45:00+00:00,0,0.0,0.0,HB303,Clinton St & 7 St,18,2026-07-17,1,45,2026-07-16,0.0,15,in_bounds
2026-07-17 02:00:00+00:00,0,0.0,0.0,HB303,Clinton St & 7 St,18,2026-07-17,2,0,2026-07-16,0.0,15,in_bounds
2026-07-17 02:15:00+00:00,0,0.0,0.0,HB303,Clinton St & 7 St,18,2026-07-17,2,15,2026-07-16,0.0,15,in_bounds
2026-07-17 02:30:00+00:00,0,0.0,0.0,HB303,Clinton St & 7 St,18,2026-07-17,2,30,2026-07-16,0.0,15,in_bounds
2026-07-17 02:45:00+00:00,0,0.0,0.0,HB303,Clinton St & 7 St,18,2026-07-17,2,45,2026-07-16,0.0,15,in_bounds
2026-07-17 03:00:00+00:00,0,0.0,0.0,HB303,Clinton St & 7 St,18,2026-07-17,3,0,2026-07-16,0.0,15,in_bounds
2026-07-17 03:15:00+00:00,0,0.0,0.0,HB303,Clinton St & 7 St,18,2026-07-17,3,15,2026-07-16,0.0,15,in_bounds
2026-07-17 03:30:00+00:00,0,0.0,0.0,HB303,Clinton St & 7 St,18,2026-07-17,3,30,2026-07-16,0.0,15,in_bounds
2026-07-17 03:45:00+00:00,0,0.0,0.0,HB303,Clinton St & 7 St,18,2026-07-17,3,45,2026-07-16,0.0,15,in_bounds
2026-07-17 04:00:00+00:00,0,0.0,0.0,HB303,Clinton St & 7 St,18,2026-07-17,4,0,2026-07-16,0.0,15,in_bounds
2026-07-17 04:15:00+00:00,0,0.0,0.0,HB303,Clinton St & 7 St,18,2026-07-17,4,15,2026-07-16,0.0,15,in_bounds
2026-07-17 04:30:00+00:00,0,0.0,0.0,HB303,Clinton St & 7 St,18,2026-07-17,4,30,2026-07-16,0.0,15,in_bounds
2026-07-17 04:45:00+00:00,0,0.0,0.0,HB303,Clinton St & 7 St,18,2026-07-17,4,45,2026-07-16,0.0,15,in_bounds
2026-07-17 05:00:00+00:00,0,0.0,0.0,HB303,Clinton St & 7 St,18,2026-07-17,5,0,2026-07-17,0.0,15,in_bounds
2026-07-17 05:15:00+00:00,0,0.0,0.0,HB303,Clinton St & 7 St,18,2026-07-17,5,15,2026-07-17,0.0,15,in_bounds
2026-07-17 05:30:00+00:00,0,0.0,0.0,HB303,Clinton St & 7 St,18,2026-07-17,5,30,2026-07-17,0.0,15,in_bounds
2026-07-17 05:45:00+00:00,0,0.0,0.0,HB303,Clinton St & 7 St,18,2026-07-17,5,45,2026-07-17,0.0,15,in_bounds
2026-07-17 06:00:00+00:00,0,0.0,0.0,HB303,Clinton St & 7 St,18,2026-07-17,6,0,2026-07-17,0.0,15,in_bounds
2026-07-17 06:15:00+00:00,1,0.0,-1.0,HB303,Clinton St & 7 St,18,2026-07-17,6,15,2026-07-17,-1.0,15,in_bounds
2026-07-17 06:30:00+00:00,1,0.0,-1.0,HB303,Clinton St & 7 St,18,2026-07-17,6,30,2026-07-17,-2.0,15,in_bounds
2026-07-17 06:45:00+00:00,3,0.0,-3.0,HB303,Clinton St & 7 St,18,2026-07-17,6,45,2026-07-17,-5.0,15,in_bounds
2026-07-17 07:00:00+00:00,2,0.0,-2.0,HB303,Clinton St & 7 St,18,2026-07-17,7,0,2026-07-17,-7.0,15,in_bounds
2026-07-17 07:15:00+00:00,0,0.0,0.0,HB303,Clinton St & 7 St,18,2026-07-17,7,15,2026-07-17,-7.0,15,in_bounds
2026-07-17 07:30:00+00:00,1,0.0,-1.0,HB303,Clinton St & 7 St,18,2026-07-17,7,30,2026-07-17,-8.0,15,in_bounds
2026-07-17 07:45:00+00:00,1,1.0,0.0,HB303,Clinton St & 7 St,18,2026-07-17,7,45,2026-07-17,-8.0,15,in_bounds
2026-07-17 08:00:00+00:00,1,1.0,0.0,HB303,Clinton St & 7 St,18,2026-07-17,8,0,2026-07-17,-8.0,15,in_bounds
2026-07-17 08:15:00+00:00,2,0.0,-2.0,HB303,Clinton St & 7 St,18,2026-07-17,8,15,2026-07-17,-10.0,15,in_bounds
2026-07-17 08:30:00+00:00,0,1.0,1.0,HB303,Clinton St & 7 St,18,2026-07-17,8,30,2026-07-17,-9.0,15,in_bounds
2026-07-17 08:45:00+00:00,1,0.0,-1.0,HB303,Clinton St & 7 St,18,2026-07-17,8,45,2026-07-17,-10.0,15,in_bounds
2026-07-17 09:00:00+00:00,3,0.0,-3.0,HB303,Clinton St & 7 St,18,2026-07-17,9,0,2026-07-17,-13.0,15,in_bounds
2026-07-17 09:15:00+00:00,1,1.0,0.0,HB303,Clinton St & 7 St,18,2026-07-17,9,15,2026-07-17,-13.0,15,in_bounds
2026-07-17 09:30:00+00:00,0,0.0,0.0,HB303,Clinton St & 7 St,18,2026-07-17,9,30,2026-07-17,-13.0,15,in_bounds
2026-07-17 09:45:00+00:00,0,0.0,0.0,HB303,Clinton St & 7 St,18,2026-07-17,9,45,2026-07-17,-13.0,15,in_bounds
2026-07-17 10:00:00+00:00,0,0.0,0.0,HB303,Clinton St & 7 St,18,2026-07-17,10,0,2026-07-17,-13.0,15,in_bounds
2026-07-17 10:15:00+00:00,1,1.0,0.0,HB303,Clinton St & 7 St,18,2026-07-17,10,15,2026-07-17,-13.0,15,in_bounds
2026-07-17 10:30:00+00:00,0,1.0,1.0,HB303,Clinton St & 7 St,18,2026-07-17,10,30,2026-07-17,-12.0,15,in_bounds
2026-07-17 10:45:00+00:00,1,0.0,-1.0,HB303,Clinton St & 7 St,18,2026-07-17,10,45,2026-07-17,-13.0,15,in_bounds
2026-07-17 11:00:00+00:00,0,0.0,0.0,HB303,Clinton St & 7 St,18,2026-07-17,11,0,2026-07-17,-13.0,15,in_bounds
2026-07-17 11:15:00+00:00,0,0.0,0.0,HB303,Clinton St & 7 St,18,2026-07-17,11,15,2026-07-17,-13.0,15,in_bounds
2026-07-17 11:30:00+00:00,0,0.0,0.0,HB303,Clinton St & 7 St,18,2026-07-17,11,30,2026-07-17,-13.0,15,in_bounds
2026-07-17 11:45:00+00:00,1,1.0,0.0,HB303,Clinton St & 7 St,18,2026-07-17,11,45,2026-07-17,-13.0,15,in_bounds
2026-07-17 12:00:00+00:00,3,2.0,-1.0,HB303,Clinton St & 7 St,18,2026-07-17,12,0,2026-07-17,-14.0,15,in_bounds
2026-07-17 12:15:00+00:00,0,1.0,1.0,HB303,Clinton St & 7 St,18,2026-07-17,12,15,2026-07-17,-13.0,15,in_bounds
2026-07-17 12:30:00+00:00,2,1.0,-1.0,HB303,Clinton St & 7 St,18,2026-07-17,12,30,2026-07-17,-14.0,15,in_bounds
2026-07-17 12:45:00+00:00,1,1.0,0.0,HB303,Clinton St & 7 St,18,2026-07-17,12,45,2026-07-17,-14.0,15,in_bounds
2026-07-17 13:00:00+00:00,0,1.0,1.0,HB303,Clinton St & 7 St,18,2026-07-17,13,0,2026-07-17,-13.0,15,in_bounds
2026-07-17 13:15:00+00:00,0,0.0,0.0,HB303,Clinton St & 7 St,18,2026-07-17,13,15,2026-07-17,-13.0,15,in_bounds
2026-07-17 13:30:00+00:00,1,0.0,-1.0,HB303,Clinton St & 7 St,18,2026-07-17,13,30,2026-07-17,-14.0,15,in_bounds
2026-07-17 13:45:00+00:00,1,2.0,1.0,HB303,Clinton St & 7 St,18,2026-07-17,13,45,2026-07-17,-13.0,15,in_bounds
2026-07-17 14:00:00+00:00,0,1.0,1.0,HB303,Clinton St & 7 St,18,2026-07-17,14,0,2026-07-17,-12.0,15,in_bounds
2026-07-17 14:15:00+00:00,0,0.0,0.0,HB303,Clinton St & 7 St,18,2026-07-17,14,15,2026-07-17,-12.0,15,in_bounds
2026-07-17 14:30:00+00:00,1,0.0,-1.0,HB303,Clinton St & 7 St,18,2026-07-17,14,30,2026-07-17,-13.0,15,in_bounds
2026-07-17 14:45:00+00:00,0,0.0,0.0,HB303,Clinton St & 7 St,18,2026-07-17,14,45,2026-07-17,-13.0,15,in_bounds
2026-07-17 15:00:00+00:00,0,2.0,2.0,HB303,Clinton St & 7 St,18,2026-07-17,15,0,2026-07-17,-11.0,15,in_bounds
2026-07-17 15:15:00+00:00,0,2.0,2.0,HB303,Clinton St & 7 St,18,2026-07-17,15,15,2026-07-17,-9.0,15,in_bounds
2026-07-17 15:30:00+00:00,0,0.0,0.0,HB303,Clinton St & 7 St,18,2026-07-17,15,30,2026-07-17,-9.0,15,in_bounds
2026-07-17 15:45:00+00:00,1,1.0,0.0,HB303,Clinton St & 7 St,18,2026-07-17,15,45,2026-07-17,-9.0,15,in_bounds
2026-07-17 16:00:00+00:00,1,0.0,-1.0,HB303,Clinton St & 7 St,18,2026-07-17,16,0,2026-07-17,-10.0,15,in_bounds
2026-07-17 16:15:00+00:00,1,1.0,0.0,HB303,Clinton St & 7 St,18,2026-07-17,16,15,2026-07-17,-10.0,15,in_bounds
2026-07-17 16:30:00+00:00,2,3.0,1.0,HB303,Clinton St & 7 St,18,2026-07-17,16,30,2026-07-17,-9.0,15,in_bounds
2026-07-17 16:45:00+00:00,2,2.0,0.0,HB303,Clinton St & 7 St,18,2026-07-17,16,45,2026-07-17,-9.0,15,in_bounds
2026-07-17 17:00:00+00:00,1,1.0,0.0,HB303,Clinton St & 7 St,18,2026-07-17,17,0,2026-07-17,-9.0,15,in_bounds
2026-07-17 17:15:00+00:00,3,1.0,-2.0,HB303,Clinton St & 7 St,18,2026-07-17,17,15,2026-07-17,-11.0,15,in_bounds
2026-07-17 17:30:00+00:00,3,1.0,-2.0,HB303,Clinton St & 7 St,18,2026-07-17,17,30,2026-07-17,-13.0,15,in_bounds
2026-07-17 17:45:00+00:00,0,0.0,0.0,HB303,Clinton St & 7 St,18,2026-07-17,17,45,2026-07-17,-13.0,15,in_bounds
2026-07-17 18:00:00+00:00,1,0.0,-1.0,HB303,Clinton St & 7 St,18,2026-07-17,18,0,2026-07-17,-14.0,15,in_bounds
2026-07-17 18:15:00+00:00,2,2.0,0.0,HB303,Clinton St & 7 St,18,2026-07-17,18,15,2026-07-17,-14.0,15,in_bounds
2026-07-17 18:30:00+00:00,2,2.0,0.0,HB303,Clinton St & 7 St,18,2026-07-17,18,30,2026-07-17,-14.0,15,in_bounds
2026-07-17 18:45:00+00:00,0,2.0,2.0,HB303,Clinton St & 7 St,18,2026-07-17,18,45,2026-07-17,-12.0,15,in_bounds
2026-07-17 19:00:00+00:00,2,1.0,-1.0,HB303,Clinton St & 7 St,18,2026-07-17,19,0,2026-07-17,-13.0,15,in_bounds
2026-07-17 19:15:00+00:00,0,1.0,1.0,HB303,Clinton St & 7 St,18,2026-07-17,19,15,2026-07-17,-12.0,15,in_bounds
2026-07-17 19:30:00+00:00,0,0.0,0.0,HB303,Clinton St & 7 St,18,2026-07-17,19,30,2026-07-17,-12.0,15,in_bounds
2026-07-17 19:45:00+00:00,0,1.0,1.0,HB303,Clinton St & 7 St,18,2026-07-17,19,45,2026-07-17,-11.0,15,in_bounds
2026-07-17 20:00:00+00:00,3,0.0,-3.0,HB303,Clinton St & 7 St,18,2026-07-17,20,0,2026-07-17,-14.0,15,in_bounds
2026-07-17 20:15:00+00:00,0,0.0,0.0,HB303,Clinton St & 7 St,18,2026-07-17,20,15,2026-07-17,-14.0,15,in_bounds
2026-07-17 20:30:00+00:00,0,1.0,1.0,HB303,Clinton St & 7 St,18,2026-07-17,20,30,2026-07-17,-13.0,15,in_bounds
2026-07-17 20:45:00+00:00,1,0.0,-1.0,HB303,Clinton St & 7 St,18,2026-07-17,20,45,2026-07-17,-14.0,15,in_bounds
2026-07-17 21:00:00+00:00,0,0.0,0.0,HB303,Clinton St & 7 St,18,2026-07-17,21,0,2026-07-17,-14.0,15,in_bounds
2026-07-17 21:15:00+00:00,0,0.0,0.0,HB303,Clinton St & 7 St,18,2026-07-17,21,15,2026-07-17,-14.0,15,in_bounds
2026-07-17 21:30:00+00:00,1,1.0,0.0,HB303,Clinton St & 7 St,18,2026-07-17,21,30,2026-07-17,-14.0,15,in_bounds
2026-07-17 21:45:00+00:00,0,0.0,0.0,HB303,Clinton St & 7 St,18,2026-07-17,21,45,2026-07-17,-14.0,15,in_bounds
2026-07-17 22:00:00+00:00,0,0.0,0.0,HB303,Clinton St & 7 St,18,2026-07-17,22,0,2026-07-17,-14.0,15,in_bounds
2026-07-17 22:15:00+00:00,0,0.0,0.0,HB303,Clinton St & 7 St,18,2026-07-17,22,15,2026-07-17,-14.0,15,in_bounds
2026-07-17 22:30:00+00:00,1,0.0,-1.0,HB303,Clinton St & 7 St,18,2026-07-17,22,30,2026-07-17,-15.0,15,in_bounds
2026-07-17 22:45:00+00:00,0,0.0,0.0,HB303,Clinton St & 7 St,18,2026-07-17,22,45,2026-07-17,-15.0,15,in_bounds
2026-07-17 23:00:00+00:00,0,1.0,1.0,HB303,Clinton St & 7 St,18,2026-07-17,23,0,2026-07-17,-14.0,15,in_bounds
2026-07-17 23:15:00+00:00,0,2.0,2.0,HB303,Clinton St & 7 St,18,2026-07-17,23,15,2026-07-17,-12.0,15,in_bounds
2026-07-17 23:30:00+00:00,0,0.0,0.0,HB303,Clinton St & 7 St,18,2026-07-17,23,30,2026-07-17,-12.0,15,in_bounds
2026-07-17 23:45:00+00:00,0,0.0,0.0,HB303,Clinton St & 7 St,18,2026-07-17,23,45,2026-07-17,-12.0,15,in_bounds
2026-07-18 00:00:00+00:00,0,0.0,0.0,HB303,Clinton St & 7 St,18,2026-07-18,0,0,2026-07-17,-12.0,15,in_bounds
2026-07-18 00:15:00+00:00,0,0.0,0.0,HB303,Clinton St & 7 St,18,2026-07-18,0,15,2026-07-17,-12.0,15,in_bounds
2026-07-18 00:30:00+00:00,0,0.0,0.0,HB303,Clinton St & 7 St,18,2026-07-18,0,30,2026-07-17,-12.0,15,in_bounds
2026-07-18 00:45:00+00:00,0,1.0,1.0,HB303,Clinton St & 7 St,18,2026-07-18,0,45,2026-07-17,-11.0,15,in_bounds
2026-07-18 01:00:00+00:00,0,0.0,0.0,HB303,Clinton St & 7 St,18,2026-07-18,1,0,2026-07-17,-11.0,15,in_bounds
2026-07-18 01:15:00+00:00,0,1.0,1.0,HB303,Clinton St & 7 St,18,2026-07-18,1,15,2026-07-17,-10.0,15,in_bounds
2026-07-18 01:30:00+00:00,0,0.0,0.0,HB303,Clinton St & 7 St,18,2026-07-18,1,30,2026-07-17,-10.0,15,in_bounds
2026-07-18 01:45:00+00:00,0,0.0,0.0,HB303,Clinton St & 7 St,18,2026-07-18,1,45,2026-07-17,-10.0,15,in_bounds
2026-07-18 02:00:00+00:00,0,0.0,0.0,HB303,Clinton St & 7 St,18,2026-07-18,2,0,2026-07-17,-10.0,15,in_bounds
2026-07-18 02:15:00+00:00,0,0.0,0.0,HB303,Clinton St & 7 St,18,2026-07-18,2,15,2026-07-17,-10.0,15,in_bounds
2026-07-18 02:30:00+00:00,0,0.0,0.0,HB303,Clinton St & 7 St,18,2026-07-18,2,30,2026-07-17,-10.0,15,in_bounds
2026-07-18 02:45:00+00:00,0,0.0,0.0,HB303,Clinton St & 7 St,18,2026-07-18,2,45,2026-07-17,-10.0,15,in_bounds
2026-07-18 03:00:00+00:00,0,0.0,0.0,HB303,Clinton St & 7 St,18,2026-07-18,3,0,2026-07-17,-10.0,15,in_bounds
2026-07-18 03:15:00+00:00,0,0.0,0.0,HB303,Clinton St & 7 St,18,2026-07-18,3,15,2026-07-17,-10.0,15,in_bounds
2026-07-18 03:30:00+00:00,0,0.0,0.0,HB303,Clinton St & 7 St,18,2026-07-18,3,30,2026-07-17,-10.0,15,in_bounds
2026-07-18 03:45:00+00:00,0,0.0,0.0,HB303,Clinton St & 7 St,18,2026-07-18,3,45,2026-07-17,-10.0,15,in_bounds
2026-07-18 04:00:00+00:00,0,0.0,0.0,HB303,Clinton St & 7 St,18,2026-07-18,4,0,2026-07-17,-10.0,15,in_bounds
2026-07-18 04:15:00+00:00,0,0.0,0.0,HB303,Clinton St & 7 St,18,2026-07-18,4,15,2026-07-17,-10.0,15,in_bounds
2026-07-18 04:30:00+00:00,0,0.0,0.0,HB303,Clinton St & 7 St,18,2026-07-18,4,30,2026-07-17,-10.0,15,in_bounds
2026-07-18 04:45:00+00:00,0,0.0,0.0,HB303,Clinton St & 7 St,18,2026-07-18,4,45,2026-07-17,-10.0,15,in_bounds
2026-07-18 05:00:00+00:00,0,0.0,0.0,HB303,Clinton St & 7 St,18,2026-07-18,5,0,2026-07-18,0.0,15,in_bounds
2026-07-18 05:15:00+00:00,0,0.0,0.0,HB303,Clinton St & 7 St,18,2026-07-18,5,15,2026-07-18,0.0,15,in_bounds
2026-07-18 05:30:00+00:00,0,0.0,0.0,HB303,Clinton St & 7 St,18,2026-07-18,5,30,2026-07-18,0.0,15,in_bounds
2026-07-18 05:45:00+00:00,0,0.0,0.0,HB303,Clinton St & 7 St,18,2026-07-18,5,45,2026-07-18,0.0,15,in_bounds
2026-07-18 06:00:00+00:00,0,0.0,0.0,HB303,Clinton St & 7 St,18,2026-07-18,6,0,2026-07-18,0.0,15,in_bounds
2026-07-18 06:15:00+00:00,1,0.0,-1.0,HB303,Clinton St & 7 St,18,2026-07-18,6,15,2026-07-18,-1.0,15,in_bounds
2026-07-18 06:30:00+00:00,0,0.0,0.0,HB303,Clinton St & 7 St,18,2026-07-18,6,30,2026-07-18,-1.0,15,in_bounds
2026-07-18 06:45:00+00:00,0,0.0,0.0,HB303,Clinton St & 7 St,18,2026-07-18,6,45,2026-07-18,-1.0,15,in_bounds
2026-07-18 07:00:00+00:00,0,0.0,0.0,HB303,Clinton St & 7 St,18,2026-07-18,7,0,2026-07-18,-1.0,15,in_bounds
2026-07-18 07:15:00+00:00,0,0.0,0.0,HB303,Clinton St & 7 St,18,2026-07-18,7,15,2026-07-18,-1.0,15,in_bounds
2026-07-18 07:30:00+00:00,0,0.0,0.0,HB303,Clinton St & 7 St,18,2026-07-18,7,30,2026-07-18,-1.0,15,in_bounds
2026-07-18 07:45:00+00:00,0,0.0,0.0,HB303,Clinton St & 7 St,18,2026-07-18,7,45,2026-07-18,-1.0,15,in_bounds
2026-07-18 08:00:00+00:00,0,1.0,1.0,HB303,Clinton St & 7 St,18,2026-07-18,8,0,2026-07-18,0.0,15,in_bounds
2026-07-18 08:15:00+00:00,1,0.0,-1.0,HB303,Clinton St & 7 St,18,2026-07-18,8,15,2026-07-18,-1.0,15,in_bounds
2026-07-18 08:30:00+00:00,0,0.0,0.0,HB303,Clinton St & 7 St,18,2026-07-18,8,30,2026-07-18,-1.0,15,in_bounds
2026-07-18 08:45:00+00:00,0,1.0,1.0,HB303,Clinton St & 7 St,18,2026-07-18,8,45,2026-07-18,0.0,15,in_bounds
2026-07-18 09:00:00+00:00,2,1.0,-1.0,HB303,Clinton St & 7 St,18,2026-07-18,9,0,2026-07-18,-1.0,15,in_bounds
2026-07-18 09:15:00+00:00,2,0.0,-2.0,HB303,Clinton St & 7 St,18,2026-07-18,9,15,2026-07-18,-3.0,15,in_bounds
2026-07-18 09:30:00+00:00,0,0.0,0.0,HB303,Clinton St & 7 St,18,2026-07-18,9,30,2026-07-18,-3.0,15,in_bounds
2026-07-18 09:45:00+00:00,0,0.0,0.0,HB303,Clinton St & 7 St,18,2026-07-18,9,45,2026-07-18,-3.0,15,in_bounds
2026-07-18 10:00:00+00:00,0,0.0,0.0,HB303,Clinton St & 7 St,18,2026-07-18,10,0,2026-07-18,-3.0,15,in_bounds
2026-07-18 10:15:00+00:00,0,0.0,0.0,HB303,Clinton St & 7 St,18,2026-07-18,10,15,2026-07-18,-3.0,15,in_bounds
2026-07-18 10:30:00+00:00,0,0.0,0.0,HB303,Clinton St & 7 St,18,2026-07-18,10,30,2026-07-18,-3.0,15,in_bounds
2026-07-18 10:45:00+00:00,0,0.0,0.0,HB303,Clinton St & 7 St,18,2026-07-18,10,45,2026-07-18,-3.0,15,in_bounds
2026-07-18 11:00:00+00:00,1,0.0,-1.0,HB303,Clinton St & 7 St,18,2026-07-18,11,0,2026-07-18,-4.0,15,in_bounds
2026-07-18 11:15:00+00:00,0,1.0,1.0,HB303,Clinton St & 7 St,18,2026-07-18,11,15,2026-07-18,-3.0,15,in_bounds
2026-07-18 11:30:00+00:00,0,0.0,0.0,HB303,Clinton St & 7 St,18,2026-07-18,11,30,2026-07-18,-3.0,15,in_bounds
2026-07-18 11:45:00+00:00,0,0.0,0.0,HB303,Clinton St & 7 St,18,2026-07-18,11,45,2026-07-18,-3.0,15,in_bounds
2026-07-18 12:00:00+00:00,0,0.0,0.0,HB303,Clinton St & 7 St,18,2026-07-18,12,0,2026-07-18,-3.0,15,in_bounds
2026-07-18 12:15:00+00:00,0,0.0,0.0,HB303,Clinton St & 7 St,18,2026-07-18,12,15,2026-07-18,-3.0,15,in_bounds
2026-07-18 12:30:00+00:00,0,0.0,0.0,HB303,Clinton St & 7 St,18,2026-07-18,12,30,2026-07-18,-3.0,15,in_bounds
2026-07-18 12:45:00+00:00,0,0.0,0.0,HB303,Clinton St & 7 St,18,2026-07-18,12,45,2026-07-18,-3.0,15,in_bounds
2026-07-18 13:00:00+00:00,0,1.0,1.0,HB303,Clinton St & 7 St,18,2026-07-18,13,0,2026-07-18,-2.0,15,in_bounds
2026-07-18 13:15:00+00:00,0,0.0,0.0,HB303,Clinton St & 7 St,18,2026-07-18,13,15,2026-07-18,-2.0,15,in_bounds
2026-07-18 13:30:00+00:00,0,0.0,0.0,HB303,Clinton St & 7 St,18,2026-07-18,13,30,2026-07-18,-2.0,15,in_bounds
2026-07-18 13:45:00+00:00,0,0.0,0.0,HB303,Clinton St & 7 St,18,2026-07-18,13,45,2026-07-18,-2.0,15,in_bounds
2026-07-18 14:00:00+00:00,1,0.0,-1.0,HB303,Clinton St & 7 St,18,2026-07-18,14,0,2026-07-18,-3.0,15,in_bounds
2026-07-18 14:15:00+00:00,0,0.0,0.0,HB303,Clinton St & 7 St,18,2026-07-18,14,15,2026-07-18,-3.0,15,in_bounds
2026-07-18 14:30:00+00:00,0,0.0,0.0,HB303,Clinton St & 7 St,18,2026-07-18,14,30,2026-07-18,-3.0,15,in_bounds
2026-07-18 14:45:00+00:00,0,0.0,0.0,HB303,Clinton St & 7 St,18,2026-07-18,14,45,2026-07-18,-3.0,15,in_bounds
2026-07-18 15:00:00+00:00,0,0.0,0.0,HB303,Clinton St & 7 St,18,2026-07-18,15,0,2026-07-18,-3.0,15,in_bounds
2026-07-18 15:15:00+00:00,0,1.0,1.0,HB303,Clinton St & 7 St,18,2026-07-18,15,15,2026-07-18,-2.0,15,in_bounds
2026-07-18 15:30:00+00:00,0,0.0,0.0,HB303,Clinton St & 7 St,18,2026-07-18,15,30,2026-07-18,-2.0,15,in_bounds
2026-07-18 15:45:00+00:00,0,0.0,0.0,HB303,Clinton St & 7 St,18,2026-07-18,15,45,2026-07-18,-2.0,15,in_bounds
2026-07-18 16:00:00+00:00,0,0.0,0.0,HB303,Clinton St & 7 St,18,2026-07-18,16,0,2026-07-18,-2.0,15,in_bounds
2026-07-18 16:15:00+00:00,0,1.0,1.0,HB303,Clinton St & 7 St,18,2026-07-18,16,15,2026-07-18,-1.0,15,in_bounds
2026-07-18 16:30:00+00:00,1,0.0,-1.0,HB303,Clinton St & 7 St,18,2026-07-18,16,30,2026-07-18,-2.0,15,in_bounds
2026-07-18 16:45:00+00:00,0,0.0,0.0,HB303,Clinton St & 7 St,18,2026-07-18,16,45,2026-07-18,-2.0,15,in_bounds
2026-07-18 17:00:00+00:00,1,1.0,0.0,HB303,Clinton St & 7 St,18,2026-07-18,17,0,2026-07-18,-2.0,15,in_bounds
2026-07-18 17:15:00+00:00,0,0.0,0.0,HB303,Clinton St & 7 St,18,2026-07-18,17,15,2026-07-18,-2.0,15,in_bounds
2026-07-18 17:30:00+00:00,0,1.0,1.0,HB303,Clinton St & 7 St,18,2026-07-18,17,30,2026-07-18,-1.0,15,in_bounds
2026-07-18 17:45:00+00:00,1,1.0,0.0,HB303,Clinton St & 7 St,18,2026-07-18,17,45,2026-07-18,-1.0,15,in_bounds
2026-07-18 18:00:00+00:00,0,1.0,1.0,HB303,Clinton St & 7 St,18,2026-07-18,18,0,2026-07-18,0.0,15,in_bounds
2026-07-18 18:15:00+00:00,1,1.0,0.0,HB303,Clinton St & 7 St,18,2026-07-18,18,15,2026-07-18,0.0,15,in_bounds
2026-07-18 18:30:00+00:00,1,2.0,1.0,HB303,Clinton St & 7 St,18,2026-07-18,18,30,2026-07-18,1.0,15,in_bounds
2026-07-18 18:45:00+00:00,0,0.0,0.0,HB303,Clinton St & 7 St,18,2026-07-18,18,45,2026-07-18,1.0,15,in_bounds
2026-07-18 19:00:00+00:00,3,0.0,-3.0,HB303,Clinton St & 7 St,18,2026-07-18,19,0,2026-07-18,-2.0,15,in_bounds
2026-07-18 19:15:00+00:00,0,2.0,2.0,HB303,Clinton St & 7 St,18,2026-07-18,19,15,2026-07-18,0.0,15,in_bounds
2026-07-18 19:30:00+00:00,1,0.0,-1.0,HB303,Clinton St & 7 St,18,2026-07-18,19,30,2026-07-18,-1.0,15,in_bounds
2026-07-18 19:45:00+00:00,1,0.0,-1.0,HB303,Clinton St & 7 St,18,2026-07-18,19,45,2026-07-18,-2.0,15,in_bounds
2026-07-18 20:00:00+00:00,0,2.0,2.0,HB303,Clinton St & 7 St,18,2026-07-18,20,0,2026-07-18,0.0,15,in_bounds
2026-07-18 20:15:00+00:00,0,0.0,0.0,HB303,Clinton St & 7 St,18,2026-07-18,20,15,2026-07-18,0.0,15,in_bounds
2026-07-18 20:30:00+00:00,0,1.0,1.0,HB303,Clinton St & 7 St,18,2026-07-18,20,30,2026-07-18,1.0,15,in_bounds
2026-07-18 20:45:00+00:00,0,0.0,0.0,HB303,Clinton St & 7 St,18,2026-07-18,20,45,2026-07-18,1.0,15,in_bounds
2026-07-18 21:00:00+00:00,0,0.0,0.0,HB303,Clinton St & 7 St,18,2026-07-18,21,0,2026-07-18,1.0,15,in_bounds
2026-07-18 21:15:00+00:00,1,0.0,-1.0,HB303,Clinton St & 7 St,18,2026-07-18,21,15,2026-07-18,0.0,15,in_bounds
2026-07-18 21:30:00+00:00,0,0.0,0.0,HB303,Clinton St & 7 St,18,2026-07-18,21,30,2026-07-18,0.0,15,in_bounds
2026-07-18 21:45:00+00:00,0,1.0,1.0,HB303,Clinton St & 7 St,18,2026-07-18,21,45,2026-07-18,1.0,15,in_bounds
2026-07-18 22:00:00+00:00,0,0.0,0.0,HB303,Clinton St & 7 St,18,2026-07-18,22,0,2026-07-18,1.0,15,in_bounds
2026-07-18 22:15:00+00:00,0,0.0,0.0,HB303,Clinton St & 7 St,18,2026-07-18,22,15,2026-07-18,1.0,15,in_bounds
2026-07-18 22:30:00+00:00,0,0.0,0.0,HB303,Clinton St & 7 St,18,2026-07-18,22,30,2026-07-18,1.0,15,in_bounds
2026-07-18 22:45:00+00:00,0,0.0,0.0,HB303,Clinton St & 7 St,18,2026-07-18,22,45,2026-07-18,1.0,15,in_bounds
2026-07-18 23:00:00+00:00,0,0.0,0.0,HB303,Clinton St & 7 St,18,2026-07-18,23,0,2026-07-18,1.0,15,in_bounds
2026-07-18 23:15:00+00:00,1,0.0,-1.0,HB303,Clinton St & 7 St,18,2026-07-18,23,15,2026-07-18,0.0,15,in_bounds
2026-07-18 23:30:00+00:00,0,0.0,0.0,HB303,Clinton St & 7 St,18,2026-07-18,23,30,2026-07-18,0.0,15,in_bounds
2026-07-18 23:45:00+00:00,0,0.0,0.0,HB303,Clinton St & 7 St,18,2026-07-18,23,45,2026-07-18,0.0,15,in_bounds
2026-07-19 00:00:00+00:00,3,1.0,-2.0,HB303,Clinton St & 7 St,18,2026-07-19,0,0,2026-07-18,-2.0,15,in_bounds
2026-07-19 00:15:00+00:00,0,0.0,0.0,HB303,Clinton St & 7 St,18,2026-07-19,0,15,2026-07-18,-2.0,15,in_bounds
2026-07-19 00:30:00+00:00,0,0.0,0.0,HB303,Clinton St & 7 St,18,2026-07-19,0,30,2026-07-18,-2.0,15,in_bounds
2026-07-19 00:45:00+00:00,0,0.0,0.0,HB303,Clinton St & 7 St,18,2026-07-19,0,45,2026-07-18,-2.0,15,in_bounds
2026-07-19 01:00:00+00:00,0,0.0,0.0,HB303,Clinton St & 7 St,18,2026-07-19,1,0,2026-07-18,-2.0,15,in_bounds
2026-07-19 01:15:00+00:00,0,0.0,0.0,HB303,Clinton St & 7 St,18,2026-07-19,1,15,2026-07-18,-2.0,15,in_bounds
2026-07-19 01:30:00+00:00,0,2.0,2.0,HB303,Clinton St & 7 St,18,2026-07-19,1,30,2026-07-18,0.0,15,in_bounds
2026-07-19 01:45:00+00:00,1,0.0,-1.0,HB303,Clinton St & 7 St,18,2026-07-19,1,45,2026-07-18,-1.0,15,in_bounds
2026-07-19 02:00:00+00:00,0,0.0,0.0,HB303,Clinton St & 7 St,18,2026-07-19,2,0,2026-07-18,-1.0,15,in_bounds
2026-07-19 02:15:00+00:00,0,1.0,1.0,HB303,Clinton St & 7 St,18,2026-07-19,2,15,2026-07-18,0.0,15,in_bounds
2026-07-19 02:30:00+00:00,0,0.0,0.0,HB303,Clinton St & 7 St,18,2026-07-19,2,30,2026-07-18,0.0,15,in_bounds
2026-07-19 02:45:00+00:00,0,0.0,0.0,HB303,Clinton St & 7 St,18,2026-07-19,2,45,2026-07-18,0.0,15,in_bounds
2026-07-19 03:00:00+00:00,0,0.0,0.0,HB303,Clinton St & 7 St,18,2026-07-19,3,0,2026-07-18,0.0,15,in_bounds
2026-07-19 03:15:00+00:00,0,0.0,0.0,HB303,Clinton St & 7 St,18,2026-07-19,3,15,2026-07-18,0.0,15,in_bounds
2026-07-19 03:30:00+00:00,0,0.0,0.0,HB303,Clinton St & 7 St,18,2026-07-19,3,30,2026-07-18,0.0,15,in_bounds
2026-07-19 03:45:00+00:00,0,0.0,0.0,HB303,Clinton St & 7 St,18,2026-07-19,3,45,2026-07-18,0.0,15,in_bounds
2026-07-19 04:00:00+00:00,0,0.0,0.0,HB303,Clinton St & 7 St,18,2026-07-19,4,0,2026-07-18,0.0,15,in_bounds
2026-07-19 04:15:00+00:00,0,0.0,0.0,HB303,Clinton St & 7 St,18,2026-07-19,4,15,2026-07-18,0.0,15,in_bounds
2026-07-19 04:30:00+00:00,0,0.0,0.0,HB303,Clinton St & 7 St,18,2026-07-19,4,30,2026-07-18,0.0,15,in_bounds
2026-07-19 04:45:00+00:00,0,0.0,0.0,HB303,Clinton St & 7 St,18,2026-07-19,4,45,2026-07-18,0.0,15,in_bounds
2026-07-19 05:00:00+00:00,0,0.0,0.0,HB303,Clinton St & 7 St,18,2026-07-19,5,0,2026-07-19,0.0,15,in_bounds
2026-07-19 05:15:00+00:00,1,0.0,-1.0,HB303,Clinton St & 7 St,18,2026-07-19,5,15,2026-07-19,-1.0,15,in_bounds
2026-07-19 05:30:00+00:00,0,0.0,0.0,HB303,Clinton St & 7 St,18,2026-07-19,5,30,2026-07-19,-1.0,15,in_bounds
2026-07-19 05:45:00+00:00,0,0.0,0.0,HB303,Clinton St & 7 St,18,2026-07-19,5,45,2026-07-19,-1.0,15,in_bounds
2026-07-19 06:00:00+00:00,1,0.0,-1.0,HB303,Clinton St & 7 St,18,2026-07-19,6,0,2026-07-19,-2.0,15,in_bounds
2026-07-19 06:15:00+00:00,0,0.0,0.0,HB303,Clinton St & 7 St,18,2026-07-19,6,15,2026-07-19,-2.0,15,in_bounds
2026-07-19 06:30:00+00:00,0,0.0,0.0,HB303,Clinton St & 7 St,18,2026-07-19,6,30,2026-07-19,-2.0,15,in_bounds
2026-07-19 06:45:00+00:00,0,1.0,1.0,HB303,Clinton St & 7 St,18,2026-07-19,6,45,2026-07-19,-1.0,15,in_bounds
2026-07-19 07:00:00+00:00,0,0.0,0.0,HB303,Clinton St & 7 St,18,2026-07-19,7,0,2026-07-19,-1.0,15,in_bounds
2026-07-19 07:15:00+00:00,0,0.0,0.0,HB303,Clinton St & 7 St,18,2026-07-19,7,15,2026-07-19,-1.0,15,in_bounds
2026-07-19 07:30:00+00:00,0,1.0,1.0,HB303,Clinton St & 7 St,18,2026-07-19,7,30,2026-07-19,0.0,15,in_bounds
2026-07-19 07:45:00+00:00,0,0.0,0.0,HB303,Clinton St & 7 St,18,2026-07-19,7,45,2026-07-19,0.0,15,in_bounds
2026-07-19 08:00:00+00:00,2,1.0,-1.0,HB303,Clinton St & 7 St,18,2026-07-19,8,0,2026-07-19,-1.0,15,in_bounds
2026-07-19 08:15:00+00:00,0,1.0,1.0,HB303,Clinton St & 7 St,18,2026-07-19,8,15,2026-07-19,0.0,15,in_bounds
2026-07-19 08:30:00+00:00,0,0.0,0.0,HB303,Clinton St & 7 St,18,2026-07-19,8,30,2026-07-19,0.0,15,in_bounds
2026-07-19 08:45:00+00:00,0,0.0,0.0,HB303,Clinton St & 7 St,18,2026-07-19,8,45,2026-07-19,0.0,15,in_bounds
2026-07-19 09:00:00+00:00,1,0.0,-1.0,HB303,Clinton St & 7 St,18,2026-07-19,9,0,2026-07-19,-1.0,15,in_bounds
2026-07-19 09:15:00+00:00,0,0.0,0.0,HB303,Clinton St & 7 St,18,2026-07-19,9,15,2026-07-19,-1.0,15,in_bounds
2026-07-19 09:30:00+00:00,1,0.0,-1.0,HB303,Clinton St & 7 St,18,2026-07-19,9,30,2026-07-19,-2.0,15,in_bounds
2026-07-19 09:45:00+00:00,0,0.0,0.0,HB303,Clinton St & 7 St,18,2026-07-19,9,45,2026-07-19,-2.0,15,in_bounds
2026-07-19 10:00:00+00:00,0,0.0,0.0,HB303,Clinton St & 7 St,18,2026-07-19,10,0,2026-07-19,-2.0,15,in_bounds
2026-07-19 10:15:00+00:00,0,2.0,2.0,HB303,Clinton St & 7 St,18,2026-07-19,10,15,2026-07-19,0.0,15,in_bounds
2026-07-19 10:30:00+00:00,0,3.0,3.0,HB303,Clinton St & 7 St,18,2026-07-19,10,30,2026-07-19,3.0,15,in_bounds
2026-07-19 10:45:00+00:00,0,2.0,2.0,HB303,Clinton St & 7 St,18,2026-07-19,10,45,2026-07-19,5.0,15,over_capacity
2026-07-19 11:00:00+00:00,3,2.0,-1.0,HB303,Clinton St & 7 St,18,2026-07-19,11,0,2026-07-19,4.0,15,over_capacity
2026-07-19 11:15:00+00:00,2,0.0,-2.0,HB303,Clinton St & 7 St,18,2026-07-19,11,15,2026-07-19,2.0,15,in_bounds
2026-07-19 11:30:00+00:00,0,2.0,2.0,HB303,Clinton St & 7 St,18,2026-07-19,11,30,2026-07-19,4.0,15,over_capacity
2026-07-19 11:45:00+00:00,4,0.0,-4.0,HB303,Clinton St & 7 St,18,2026-07-19,11,45,2026-07-19,0.0,15,in_bounds
2026-07-19 12:00:00+00:00,1,0.0,-1.0,HB303,Clinton St & 7 St,18,2026-07-19,12,0,2026-07-19,-1.0,15,in_bounds
2026-07-19 12:15:00+00:00,0,0.0,0.0,HB303,Clinton St & 7 St,18,2026-07-19,12,15,2026-07-19,-1.0,15,in_bounds
2026-07-19 12:30:00+00:00,0,1.0,1.0,HB303,Clinton St & 7 St,18,2026-07-19,12,30,2026-07-19,0.0,15,in_bounds
2026-07-19 12:45:00+00:00,0,1.0,1.0,HB303,Clinton St & 7 St,18,2026-07-19,12,45,2026-07-19,1.0,15,in_bounds
2026-07-19 13:00:00+00:00,1,0.0,-1.0,HB303,Clinton St & 7 St,18,2026-07-19,13,0,2026-07-19,0.0,15,in_bounds
2026-07-19 13:15:00+00:00,1,0.0,-1.0,HB303,Clinton St & 7 St,18,2026-07-19,13,15,2026-07-19,-1.0,15,in_bounds
2026-07-19 13:30:00+00:00,0,0.0,0.0,HB303,Clinton St & 7 St,18,2026-07-19,13,30,2026-07-19,-1.0,15,in_bounds
2026-07-19 13:45:00+00:00,2,2.0,0.0,HB303,Clinton St & 7 St,18,2026-07-19,13,45,2026-07-19,-1.0,15,in_bounds
2026-07-19 14:00:00+00:00,4,2.0,-2.0,HB303,Clinton St & 7 St,18,2026-07-19,14,0,2026-07-19,-3.0,15,in_bounds
2026-07-19 14:15:00+00:00,1,2.0,1.0,HB303,Clinton St & 7 St,18,2026-07-19,14,15,2026-07-19,-2.0,15,in_bounds
2026-07-19 14:30:00+00:00,1,3.0,2.0,HB303,Clinton St & 7 St,18,2026-07-19,14,30,2026-07-19,0.0,15,in_bounds
2026-07-19 14:45:00+00:00,0,1.0,1.0,HB303,Clinton St & 7 St,18,2026-07-19,14,45,2026-07-19,1.0,15,in_bounds
2026-07-19 15:00:00+00:00,1,2.0,1.0,HB303,Clinton St & 7 St,18,2026-07-19,15,0,2026-07-19,2.0,15,in_bounds
2026-07-19 15:15:00+00:00,0,2.0,2.0,HB303,Clinton St & 7 St,18,2026-07-19,15,15,2026-07-19,4.0,15,over_capacity
2026-07-19 15:30:00+00:00,1,0.0,-1.0,HB303,Clinton St & 7 St,18,2026-07-19,15,30,2026-07-19,3.0,15,in_bounds
2026-07-19 15:45:00+00:00,1,2.0,1.0,HB303,Clinton St & 7 St,18,2026-07-19,15,45,2026-07-19,4.0,15,over_capacity
2026-07-19 16:00:00+00:00,0,0.0,0.0,HB303,Clinton St & 7 St,18,2026-07-19,16,0,2026-07-19,4.0,15,over_capacity
2026-07-19 16:15:00+00:00,2,0.0,-2.0,HB303,Clinton St & 7 St,18,2026-07-19,16,15,2026-07-19,2.0,15,in_bounds
2026-07-19 16:30:00+00:00,1,0.0,-1.0,HB303,Clinton St & 7 St,18,2026-07-19,16,30,2026-07-19,1.0,15,in_bounds
2026-07-19 16:45:00+00:00,1,0.0,-1.0,HB303,Clinton St & 7 St,18,2026-07-19,16,45,2026-07-19,0.0,15,in_bounds
2026-07-19 17:00:00+00:00,0,0.0,0.0,HB303,Clinton St & 7 St,18,2026-07-19,17,0,2026-07-19,0.0,15,in_bounds
2026-07-19 17:15:00+00:00,0,1.0,1.0,HB303,Clinton St & 7 St,18,2026-07-19,17,15,2026-07-19,1.0,15,in_bounds
2026-07-19 17:30:00+00:00,0,2.0,2.0,HB303,Clinton St & 7 St,18,2026-07-19,17,30,2026-07-19,3.0,15,in_bounds
2026-07-19 17:45:00+00:00,0,0.0,0.0,HB303,Clinton St & 7 St,18,2026-07-19,17,45,2026-07-19,3.0,15,in_bounds
2026-07-19 18:00:00+00:00,4,1.0,-3.0,HB303,Clinton St & 7 St,18,2026-07-19,18,0,2026-07-19,0.0,15,in_bounds
2026-07-19 18:15:00+00:00,1,1.0,0.0,HB303,Clinton St & 7 St,18,2026-07-19,18,15,2026-07-19,0.0,15,in_bounds
2026-07-19 18:30:00+00:00,1,1.0,0.0,HB303,Clinton St & 7 St,18,2026-07-19,18,30,2026-07-19,0.0,15,in_bounds
2026-07-19 18:45:00+00:00,1,2.0,1.0,HB303,Clinton St & 7 St,18,2026-07-19,18,45,2026-07-19,1.0,15,in_bounds
2026-07-19 19:00:00+00:00,0,2.0,2.0,HB303,Clinton St & 7 St,18,2026-07-19,19,0,2026-07-19,3.0,15,in_bounds
2026-07-19 19:15:00+00:00,1,1.0,0.0,HB303,Clinton St & 7 St,18,2026-07-19,19,15,2026-07-19,3.0,15,in_bounds
2026-07-19 19:30:00+00:00,1,0.0,-1.0,HB303,Clinton St & 7 St,18,2026-07-19,19,30,2026-07-19,2.0,15,in_bounds
2026-07-19 19:45:00+00:00,0,0.0,0.0,HB303,Clinton St & 7 St,18,2026-07-19,19,45,2026-07-19,2.0,15,in_bounds
2026-07-19 20:00:00+00:00,0,3.0,3.0,HB303,Clinton St & 7 St,18,2026-07-19,20,0,2026-07-19,5.0,15,over_capacity
2026-07-19 20:15:00+00:00,0,1.0,1.0,HB303,Clinton St & 7 St,18,2026-07-19,20,15,2026-07-19,6.0,15,over_capacity
2026-07-19 20:30:00+00:00,0,2.0,2.0,HB303,Clinton St & 7 St,18,2026-07-19,20,30,2026-07-19,8.0,15,over_capacity
2026-07-19 20:45:00+00:00,1,0.0,-1.0,HB303,Clinton St & 7 St,18,2026-07-19,20,45,2026-07-19,7.0,15,over_capacity
2026-07-19 21:00:00+00:00,0,0.0,0.0,HB303,Clinton St & 7 St,18,2026-07-19,21,0,2026-07-19,7.0,15,over_capacity
2026-07-19 21:15:00+00:00,0,1.0,1.0,HB303,Clinton St & 7 St,18,2026-07-19,21,15,2026-07-19,8.0,15,over_capacity
2026-07-19 21:30:00+00:00,0,0.0,0.0,HB303,Clinton St & 7 St,18,2026-07-19,21,30,2026-07-19,8.0,15,over_capacity
2026-07-19 21:45:00+00:00,2,1.0,-1.0,HB303,Clinton St & 7 St,18,2026-07-19,21,45,2026-07-19,7.0,15,over_capacity
2026-07-19 22:00:00+00:00,1,0.0,-1.0,HB303,Clinton St & 7 St,18,2026-07-19,22,0,2026-07-19,6.0,15,over_capacity
2026-07-19 22:15:00+00:00,0,0.0,0.0,HB303,Clinton St & 7 St,18,2026-07-19,22,15,2026-07-19,6.0,15,over_capacity
2026-07-19 22:30:00+00:00,0,0.0,0.0,HB303,Clinton St & 7 St,18,2026-07-19,22,30,2026-07-19,6.0,15,over_capacity
2026-07-19 22:45:00+00:00,0,0.0,0.0,HB303,Clinton St & 7 St,18,2026-07-19,22,45,2026-07-19,6.0,15,over_capacity
2026-07-19 23:00:00+00:00,0,0.0,0.0,HB303,Clinton St & 7 St,18,2026-07-19,23,0,2026-07-19,6.0,15,over_capacity
2026-07-19 23:15:00+00:00,0,0.0,0.0,HB303,Clinton St & 7 St,18,2026-07-19,23,15,2026-07-19,6.0,15,over_capacity
2026-07-19 23:30:00+00:00,0,0.0,0.0,HB303,Clinton St & 7 St,18,2026-07-19,23,30,2026-07-19,6.0,15,over_capacity
2026-07-19 23:45:00+00:00,1,2.0,1.0,HB303,Clinton St & 7 St,18,2026-07-19,23,45,2026-07-19,7.0,15,over_capacity
2026-07-20 00:00:00+00:00,0,0.0,0.0,HB303,Clinton St & 7 St,18,2026-07-20,0,0,2026-07-19,7.0,15,over_capacity
2026-07-20 00:15:00+00:00,0,0.0,0.0,HB303,Clinton St & 7 St,18,2026-07-20,0,15,2026-07-19,7.0,15,over_capacity
2026-07-20 00:30:00+00:00,0,0.0,0.0,HB303,Clinton St & 7 St,18,2026-07-20,0,30,2026-07-19,7.0,15,over_capacity
2026-07-20 00:45:00+00:00,0,0.0,0.0,HB303,Clinton St & 7 St,18,2026-07-20,0,45,2026-07-19,7.0,15,over_capacity
2026-07-20 01:00:00+00:00,0,0.0,0.0,HB303,Clinton St & 7 St,18,2026-07-20,1,0,2026-07-19,7.0,15,over_capacity
2026-07-20 01:15:00+00:00,0,0.0,0.0,HB303,Clinton St & 7 St,18,2026-07-20,1,15,2026-07-19,7.0,15,over_capacity
2026-07-20 01:30:00+00:00,0,0.0,0.0,HB303,Clinton St & 7 St,18,2026-07-20,1,30,2026-07-19,7.0,15,over_capacity
2026-07-20 01:45:00+00:00,0,0.0,0.0,HB303,Clinton St & 7 St,18,2026-07-20,1,45,2026-07-19,7.0,15,over_capacity
2026-07-20 02:00:00+00:00,0,0.0,0.0,HB303,Clinton St & 7 St,18,2026-07-20,2,0,2026-07-19,7.0,15,over_capacity
2026-07-20 02:15:00+00:00,0,0.0,0.0,HB303,Clinton St & 7 St,18,2026-07-20,2,15,2026-07-19,7.0,15,over_capacity
2026-07-20 02:30:00+00:00,0,0.0,0.0,HB303,Clinton St & 7 St,18,2026-07-20,2,30,2026-07-19,7.0,15,over_capacity
2026-07-20 02:45:00+00:00,0,0.0,0.0,HB303,Clinton St & 7 St,18,2026-07-20,2,45,2026-07-19,7.0,15,over_capacity
2026-07-20 03:00:00+00:00,0,0.0,0.0,HB303,Clinton St & 7 St,18,2026-07-20,3,0,2026-07-19,7.0,15,over_capacity
2026-07-20 03:15:00+00:00,0,0.0,0.0,HB303,Clinton St & 7 St,18,2026-07-20,3,15,2026-07-19,7.0,15,over_capacity
2026-07-20 03:30:00+00:00,0,0.0,0.0,HB303,Clinton St & 7 St,18,2026-07-20,3,30,2026-07-19,7.0,15,over_capacity
2026-07-20 03:45:00+00:00,0,0.0,0.0,HB303,Clinton St & 7 St,18,2026-07-20,3,45,2026-07-19,7.0,15,over_capacity
2026-07-20 04:00:00+00:00,0,0.0,0.0,HB303,Clinton St & 7 St,18,2026-07-20,4,0,2026-07-19,7.0,15,over_capacity
2026-07-20 04:15:00+00:00,0,0.0,0.0,HB303,Clinton St & 7 St,18,2026-07-20,4,15,2026-07-19,7.0,15,over_capacity
2026-07-20 04:30:00+00:00,0,0.0,0.0,HB303,Clinton St & 7 St,18,2026-07-20,4,30,2026-07-19,7.0,15,over_capacity
2026-07-20 04:45:00+00:00,0,0.0,0.0,HB303,Clinton St & 7 St,18,2026-07-20,4,45,2026-07-19,7.0,15,over_capacity
2026-07-20 05:00:00+00:00,0,0.0,0.0,HB303,Clinton St & 7 St,18,2026-07-20,5,0,2026-07-20,0.0,15,in_bounds
2026-07-20 05:15:00+00:00,0,0.0,0.0,HB303,Clinton St & 7 St,18,2026-07-20,5,15,2026-07-20,0.0,15,in_bounds
2026-07-20 05:30:00+00:00,1,0.0,-1.0,HB303,Clinton St & 7 St,18,2026-07-20,5,30,2026-07-20,-1.0,15,in_bounds
2026-07-20 05:45:00+00:00,1,0.0,-1.0,HB303,Clinton St & 7 St,18,2026-07-20,5,45,2026-07-20,-2.0,15,in_bounds
2026-07-20 06:00:00+00:00,1,0.0,-1.0,HB303,Clinton St & 7 St,18,2026-07-20,6,0,2026-07-20,-3.0,15,in_bounds
2026-07-20 06:15:00+00:00,2,0.0,-2.0,HB303,Clinton St & 7 St,18,2026-07-20,6,15,2026-07-20,-5.0,15,in_bounds
2026-07-20 06:30:00+00:00,1,0.0,-1.0,HB303,Clinton St & 7 St,18,2026-07-20,6,30,2026-07-20,-6.0,15,in_bounds
2026-07-20 06:45:00+00:00,0,0.0,0.0,HB303,Clinton St & 7 St,18,2026-07-20,6,45,2026-07-20,-6.0,15,in_bounds
2026-07-20 07:00:00+00:00,0,0.0,0.0,HB303,Clinton St & 7 St,18,2026-07-20,7,0,2026-07-20,-6.0,15,in_bounds
2026-07-20 07:15:00+00:00,0,0.0,0.0,HB303,Clinton St & 7 St,18,2026-07-20,7,15,2026-07-20,-6.0,15,in_bounds
2026-07-20 07:30:00+00:00,2,2.0,0.0,HB303,Clinton St & 7 St,18,2026-07-20,7,30,2026-07-20,-6.0,15,in_bounds
2026-07-20 07:45:00+00:00,1,0.0,-1.0,HB303,Clinton St & 7 St,18,2026-07-20,7,45,2026-07-20,-7.0,15,in_bounds
2026-07-20 08:00:00+00:00,1,1.0,0.0,HB303,Clinton St & 7 St,18,2026-07-20,8,0,2026-07-20,-7.0,15,in_bounds
2026-07-20 08:15:00+00:00,1,1.0,0.0,HB303,Clinton St & 7 St,18,2026-07-20,8,15,2026-07-20,-7.0,15,in_bounds
2026-07-20 08:30:00+00:00,2,1.0,-1.0,HB303,Clinton St & 7 St,18,2026-07-20,8,30,2026-07-20,-8.0,15,in_bounds
2026-07-20 08:45:00+00:00,2,2.0,0.0,HB303,Clinton St & 7 St,18,2026-07-20,8,45,2026-07-20,-8.0,15,in_bounds
2026-07-20 09:00:00+00:00,0,0.0,0.0,HB303,Clinton St & 7 St,18,2026-07-20,9,0,2026-07-20,-8.0,15,in_bounds
2026-07-20 09:15:00+00:00,0,2.0,2.0,HB303,Clinton St & 7 St,18,2026-07-20,9,15,2026-07-20,-6.0,15,in_bounds
2026-07-20 09:30:00+00:00,0,0.0,0.0,HB303,Clinton St & 7 St,18,2026-07-20,9,30,2026-07-20,-6.0,15,in_bounds
2026-07-20 09:45:00+00:00,0,0.0,0.0,HB303,Clinton St & 7 St,18,2026-07-20,9,45,2026-07-20,-6.0,15,in_bounds
2026-07-20 10:00:00+00:00,0,1.0,1.0,HB303,Clinton St & 7 St,18,2026-07-20,10,0,2026-07-20,-5.0,15,in_bounds
2026-07-20 10:15:00+00:00,0,0.0,0.0,HB303,Clinton St & 7 St,18,2026-07-20,10,15,2026-07-20,-5.0,15,in_bounds
2026-07-20 10:30:00+00:00,0,0.0,0.0,HB303,Clinton St & 7 St,18,2026-07-20,10,30,2026-07-20,-5.0,15,in_bounds
2026-07-20 10:45:00+00:00,2,0.0,-2.0,HB303,Clinton St & 7 St,18,2026-07-20,10,45,2026-07-20,-7.0,15,in_bounds
2026-07-20 11:00:00+00:00,1,0.0,-1.0,HB303,Clinton St & 7 St,18,2026-07-20,11,0,2026-07-20,-8.0,15,in_bounds
2026-07-20 11:15:00+00:00,1,0.0,-1.0,HB303,Clinton St & 7 St,18,2026-07-20,11,15,2026-07-20,-9.0,15,in_bounds
2026-07-20 11:30:00+00:00,0,0.0,0.0,HB303,Clinton St & 7 St,18,2026-07-20,11,30,2026-07-20,-9.0,15,in_bounds
2026-07-20 11:45:00+00:00,0,0.0,0.0,HB303,Clinton St & 7 St,18,2026-07-20,11,45,2026-07-20,-9.0,15,in_bounds
2026-07-20 12:00:00+00:00,0,1.0,1.0,HB303,Clinton St & 7 St,18,2026-07-20,12,0,2026-07-20,-8.0,15,in_bounds
2026-07-20 12:15:00+00:00,1,1.0,0.0,HB303,Clinton St & 7 St,18,2026-07-20,12,15,2026-07-20,-8.0,15,in_bounds
2026-07-20 12:30:00+00:00,1,3.0,2.0,HB303,Clinton St & 7 St,18,2026-07-20,12,30,2026-07-20,-6.0,15,in_bounds
2026-07-20 12:45:00+00:00,0,1.0,1.0,HB303,Clinton St & 7 St,18,2026-07-20,12,45,2026-07-20,-5.0,15,in_bounds
2026-07-20 13:00:00+00:00,1,1.0,0.0,HB303,Clinton St & 7 St,18,2026-07-20,13,0,2026-07-20,-5.0,15,in_bounds
2026-07-20 13:15:00+00:00,0,0.0,0.0,HB303,Clinton St & 7 St,18,2026-07-20,13,15,2026-07-20,-5.0,15,in_bounds
2026-07-20 13:30:00+00:00,0,1.0,1.0,HB303,Clinton St & 7 St,18,2026-07-20,13,30,2026-07-20,-4.0,15,in_bounds
2026-07-20 13:45:00+00:00,1,0.0,-1.0,HB303,Clinton St & 7 St,18,2026-07-20,13,45,2026-07-20,-5.0,15,in_bounds
2026-07-20 14:00:00+00:00,0,0.0,0.0,HB303,Clinton St & 7 St,18,2026-07-20,14,0,2026-07-20,-5.0,15,in_bounds
2026-07-20 14:15:00+00:00,0,0.0,0.0,HB303,Clinton St & 7 St,18,2026-07-20,14,15,2026-07-20,-5.0,15,in_bounds
2026-07-20 14:30:00+00:00,0,1.0,1.0,HB303,Clinton St & 7 St,18,2026-07-20,14,30,2026-07-20,-4.0,15,in_bounds
2026-07-20 14:45:00+00:00,0,0.0,0.0,HB303,Clinton St & 7 St,18,2026-07-20,14,45,2026-07-20,-4.0,15,in_bounds
2026-07-20 15:00:00+00:00,0,1.0,1.0,HB303,Clinton St & 7 St,18,2026-07-20,15,0,2026-07-20,-3.0,15,in_bounds
2026-07-20 15:15:00+00:00,2,1.0,-1.0,HB303,Clinton St & 7 St,18,2026-07-20,15,15,2026-07-20,-4.0,15,in_bounds
2026-07-20 15:30:00+00:00,0,0.0,0.0,HB303,Clinton St & 7 St,18,2026-07-20,15,30,2026-07-20,-4.0,15,in_bounds
2026-07-20 15:45:00+00:00,0,0.0,0.0,HB303,Clinton St & 7 St,18,2026-07-20,15,45,2026-07-20,-4.0,15,in_bounds
2026-07-20 16:00:00+00:00,4,1.0,-3.0,HB303,Clinton St & 7 St,18,2026-07-20,16,0,2026-07-20,-7.0,15,in_bounds
2026-07-20 16:15:00+00:00,0,1.0,1.0,HB303,Clinton St & 7 St,18,2026-07-20,16,15,2026-07-20,-6.0,15,in_bounds
2026-07-20 16:30:00+00:00,0,0.0,0.0,HB303,Clinton St & 7 St,18,2026-07-20,16,30,2026-07-20,-6.0,15,in_bounds
2026-07-20 16:45:00+00:00,1,2.0,1.0,HB303,Clinton St & 7 St,18,2026-07-20,16,45,2026-07-20,-5.0,15,in_bounds
2026-07-20 17:00:00+00:00,0,3.0,3.0,HB303,Clinton St & 7 St,18,2026-07-20,17,0,2026-07-20,-2.0,15,in_bounds
2026-07-20 17:15:00+00:00,1,3.0,2.0,HB303,Clinton St & 7 St,18,2026-07-20,17,15,2026-07-20,0.0,15,in_bounds
2026-07-20 17:30:00+00:00,2,3.0,1.0,HB303,Clinton St & 7 St,18,2026-07-20,17,30,2026-07-20,1.0,15,in_bounds
2026-07-20 17:45:00+00:00,2,1.0,-1.0,HB303,Clinton St & 7 St,18,2026-07-20,17,45,2026-07-20,0.0,15,in_bounds
2026-07-20 18:00:00+00:00,3,4.0,1.0,HB303,Clinton St & 7 St,18,2026-07-20,18,0,2026-07-20,1.0,15,in_bounds
2026-07-20 18:15:00+00:00,0,1.0,1.0,HB303,Clinton St & 7 St,18,2026-07-20,18,15,2026-07-20,2.0,15,in_bounds
2026-07-20 18:30:00+00:00,0,0.0,0.0,HB303,Clinton St & 7 St,18,2026-07-20,18,30,2026-07-20,2.0,15,in_bounds
2026-07-20 18:45:00+00:00,1,3.0,2.0,HB303,Clinton St & 7 St,18,2026-07-20,18,45,2026-07-20,4.0,15,over_capacity
2026-07-20 19:00:00+00:00,0,1.0,1.0,HB303,Clinton St & 7 St,18,2026-07-20,19,0,2026-07-20,5.0,15,over_capacity
2026-07-20 19:15:00+00:00,2,3.0,1.0,HB303,Clinton St & 7 St,18,2026-07-20,19,15,2026-07-20,6.0,15,over_capacity
2026-07-20 19:30:00+00:00,0,2.0,2.0,HB303,Clinton St & 7 St,18,2026-07-20,19,30,2026-07-20,8.0,15,over_capacity
2026-07-20 19:45:00+00:00,1,0.0,-1.0,HB303,Clinton St & 7 St,18,2026-07-20,19,45,2026-07-20,7.0,15,over_capacity
2026-07-20 20:00:00+00:00,1,1.0,0.0,HB303,Clinton St & 7 St,18,2026-07-20,20,0,2026-07-20,7.0,15,over_capacity
2026-07-20 20:15:00+00:00,1,1.0,0.0,HB303,Clinton St & 7 St,18,2026-07-20,20,15,2026-07-20,7.0,15,over_capacity
2026-07-20 20:30:00+00:00,0,1.0,1.0,HB303,Clinton St & 7 St,18,2026-07-20,20,30,2026-07-20,8.0,15,over_capacity
2026-07-20 20:45:00+00:00,0,0.0,0.0,HB303,Clinton St & 7 St,18,2026-07-20,20,45,2026-07-20,8.0,15,over_capacity
2026-07-20 21:00:00+00:00,2,1.0,-1.0,HB303,Clinton St & 7 St,18,2026-07-20,21,0,2026-07-20,7.0,15,over_capacity
2026-07-20 21:15:00+00:00,0,0.0,0.0,HB303,Clinton St & 7 St,18,2026-07-20,21,15,2026-07-20,7.0,15,over_capacity
2026-07-20 21:30:00+00:00,0,1.0,1.0,HB303,Clinton St & 7 St,18,2026-07-20,21,30,2026-07-20,8.0,15,over_capacity
2026-07-20 21:45:00+00:00,0,0.0,0.0,HB303,Clinton St & 7 St,18,2026-07-20,21,45,2026-07-20,8.0,15,over_capacity
2026-07-20 22:00:00+00:00,2,1.0,-1.0,HB303,Clinton St & 7 St,18,2026-07-20,22,0,2026-07-20,7.0,15,over_capacity
2026-07-20 22:15:00+00:00,0,1.0,1.0,HB303,Clinton St & 7 St,18,2026-07-20,22,15,2026-07-20,8.0,15,over_capacity
2026-07-20 22:30:00+00:00,0,0.0,0.0,HB303,Clinton St & 7 St,18,2026-07-20,22,30,2026-07-20,8.0,15,over_capacity
2026-07-20 22:45:00+00:00,0,0.0,0.0,HB303,Clinton St & 7 St,18,2026-07-20,22,45,2026-07-20,8.0,15,over_capacity
2026-07-20 23:00:00+00:00,4,3.0,-1.0,HB303,Clinton St & 7 St,18,2026-07-20,23,0,2026-07-20,7.0,15,over_capacity
2026-07-20 23:15:00+00:00,1,0.0,-1.0,HB303,Clinton St & 7 St,18,2026-07-20,23,15,2026-07-20,6.0,15,over_capacity
2026-07-20 23:30:00+00:00,0,0.0,0.0,HB303,Clinton St & 7 St,18,2026-07-20,23,30,2026-07-20,6.0,15,over_capacity
2026-07-20 23:45:00+00:00,0,0.0,0.0,HB303,Clinton St & 7 St,18,2026-07-20,23,45,2026-07-20,6.0,15,over_capacity
2026-07-21 00:00:00+00:00,0,0.0,0.0,HB303,Clinton St & 7 St,18,2026-07-21,0,0,2026-07-20,6.0,15,over_capacity
2026-07-21 00:15:00+00:00,0,0.0,0.0,HB303,Clinton St & 7 St,18,2026-07-21,0,15,2026-07-20,6.0,15,over_capacity
2026-07-21 00:30:00+00:00,0,0.0,0.0,HB303,Clinton St & 7 St,18,2026-07-21,0,30,2026-07-20,6.0,15,over_capacity
2026-07-21 00:45:00+00:00,0,0.0,0.0,HB303,Clinton St & 7 St,18,2026-07-21,0,45,2026-07-20,6.0,15,over_capacity
2026-07-21 01:00:00+00:00,0,0.0,0.0,HB303,Clinton St & 7 St,18,2026-07-21,1,0,2026-07-20,6.0,15,over_capacity
2026-07-21 01:15:00+00:00,0,0.0,0.0,HB303,Clinton St & 7 St,18,2026-07-21,1,15,2026-07-20,6.0,15,over_capacity
2026-07-21 01:30:00+00:00,0,0.0,0.0,HB303,Clinton St & 7 St,18,2026-07-21,1,30,2026-07-20,6.0,15,over_capacity
2026-07-21 01:45:00+00:00,0,0.0,0.0,HB303,Clinton St & 7 St,18,2026-07-21,1,45,2026-07-20,6.0,15,over_capacity
2026-07-21 02:00:00+00:00,0,0.0,0.0,HB303,Clinton St & 7 St,18,2026-07-21,2,0,2026-07-20,6.0,15,over_capacity
2026-07-21 02:15:00+00:00,0,0.0,0.0,HB303,Clinton St & 7 St,18,2026-07-21,2,15,2026-07-20,6.0,15,over_capacity
2026-07-21 02:30:00+00:00,0,0.0,0.0,HB303,Clinton St & 7 St,18,2026-07-21,2,30,2026-07-20,6.0,15,over_capacity
2026-07-21 02:45:00+00:00,0,0.0,0.0,HB303,Clinton St & 7 St,18,2026-07-21,2,45,2026-07-20,6.0,15,over_capacity
2026-07-21 03:00:00+00:00,0,0.0,0.0,HB303,Clinton St & 7 St,18,2026-07-21,3,0,2026-07-20,6.0,15,over_capacity
2026-07-21 03:15:00+00:00,0,0.0,0.0,HB303,Clinton St & 7 St,18,2026-07-21,3,15,2026-07-20,6.0,15,over_capacity
2026-07-21 03:30:00+00:00,0,0.0,0.0,HB303,Clinton St & 7 St,18,2026-07-21,3,30,2026-07-20,6.0,15,over_capacity
2026-07-21 03:45:00+00:00,0,0.0,0.0,HB303,Clinton St & 7 St,18,2026-07-21,3,45,2026-07-20,6.0,15,over_capacity
2026-07-21 04:00:00+00:00,0,0.0,0.0,HB303,Clinton St & 7 St,18,2026-07-21,4,0,2026-07-20,6.0,15,over_capacity
2026-07-21 04:15:00+00:00,0,0.0,0.0,HB303,Clinton St & 7 St,18,2026-07-21,4,15,2026-07-20,6.0,15,over_capacity
2026-07-21 04:30:00+00:00,0,0.0,0.0,HB303,Clinton St & 7 St,18,2026-07-21,4,30,2026-07-20,6.0,15,over_capacity
2026-07-21 04:45:00+00:00,1,0.0,-1.0,HB303,Clinton St & 7 St,18,2026-07-21,4,45,2026-07-20,5.0,15,over_capacity
2026-07-21 05:00:00+00:00,0,0.0,0.0,HB303,Clinton St & 7 St,18,2026-07-21,5,0,2026-07-21,0.0,15,in_bounds
2026-07-21 05:15:00+00:00,0,0.0,0.0,HB303,Clinton St & 7 St,18,2026-07-21,5,15,2026-07-21,0.0,15,in_bounds
2026-07-21 05:30:00+00:00,0,0.0,0.0,HB303,Clinton St & 7 St,18,2026-07-21,5,30,2026-07-21,0.0,15,in_bounds
2026-07-21 05:45:00+00:00,1,0.0,-1.0,HB303,Clinton St & 7 St,18,2026-07-21,5,45,2026-07-21,-1.0,15,in_bounds
2026-07-21 06:00:00+00:00,1,0.0,-1.0,HB303,Clinton St & 7 St,18,2026-07-21,6,0,2026-07-21,-2.0,15,in_bounds
2026-07-21 06:15:00+00:00,3,0.0,-3.0,HB303,Clinton St & 7 St,18,2026-07-21,6,15,2026-07-21,-5.0,15,in_bounds
2026-07-21 06:30:00+00:00,0,0.0,0.0,HB303,Clinton St & 7 St,18,2026-07-21,6,30,2026-07-21,-5.0,15,in_bounds
2026-07-21 06:45:00+00:00,4,1.0,-3.0,HB303,Clinton St & 7 St,18,2026-07-21,6,45,2026-07-21,-8.0,15,in_bounds
2026-07-21 07:00:00+00:00,0,0.0,0.0,HB303,Clinton St & 7 St,18,2026-07-21,7,0,2026-07-21,-8.0,15,in_bounds
2026-07-21 07:15:00+00:00,0,1.0,1.0,HB303,Clinton St & 7 St,18,2026-07-21,7,15,2026-07-21,-7.0,15,in_bounds
2026-07-21 07:30:00+00:00,2,1.0,-1.0,HB303,Clinton St & 7 St,18,2026-07-21,7,30,2026-07-21,-8.0,15,in_bounds
2026-07-21 07:45:00+00:00,0,0.0,0.0,HB303,Clinton St & 7 St,18,2026-07-21,7,45,2026-07-21,-8.0,15,in_bounds
2026-07-21 08:00:00+00:00,2,0.0,-2.0,HB303,Clinton St & 7 St,18,2026-07-21,8,0,2026-07-21,-10.0,15,in_bounds
2026-07-21 08:15:00+00:00,5,0.0,-5.0,HB303,Clinton St & 7 St,18,2026-07-21,8,15,2026-07-21,-15.0,15,in_bounds
2026-07-21 08:30:00+00:00,2,2.0,0.0,HB303,Clinton St & 7 St,18,2026-07-21,8,30,2026-07-21,-15.0,15,in_bounds
2026-07-21 08:45:00+00:00,0,1.0,1.0,HB303,Clinton St & 7 St,18,2026-07-21,8,45,2026-07-21,-14.0,15,in_bounds
2026-07-21 09:00:00+00:00,0,0.0,0.0,HB303,Clinton St & 7 St,18,2026-07-21,9,0,2026-07-21,-14.0,15,in_bounds
2026-07-21 09:15:00+00:00,0,1.0,1.0,HB303,Clinton St & 7 St,18,2026-07-21,9,15,2026-07-21,-13.0,15,in_bounds
2026-07-21 09:30:00+00:00,2,0.0,-2.0,HB303,Clinton St & 7 St,18,2026-07-21,9,30,2026-07-21,-15.0,15,in_bounds
2026-07-21 09:45:00+00:00,0,0.0,0.0,HB303,Clinton St & 7 St,18,2026-07-21,9,45,2026-07-21,-15.0,15,in_bounds
2026-07-21 10:00:00+00:00,1,1.0,0.0,HB303,Clinton St & 7 St,18,2026-07-21,10,0,2026-07-21,-15.0,15,in_bounds
2026-07-21 10:15:00+00:00,1,1.0,0.0,HB303,Clinton St & 7 St,18,2026-07-21,10,15,2026-07-21,-15.0,15,in_bounds
2026-07-21 10:30:00+00:00,2,2.0,0.0,HB303,Clinton St & 7 St,18,2026-07-21,10,30,2026-07-21,-15.0,15,in_bounds
2026-07-21 10:45:00+00:00,1,0.0,-1.0,HB303,Clinton St & 7 St,18,2026-07-21,10,45,2026-07-21,-16.0,15,below_zero
2026-07-21 11:00:00+00:00,0,0.0,0.0,HB303,Clinton St & 7 St,18,2026-07-21,11,0,2026-07-21,-16.0,15,below_zero
2026-07-21 11:15:00+00:00,1,2.0,1.0,HB303,Clinton St & 7 St,18,2026-07-21,11,15,2026-07-21,-15.0,15,in_bounds
2026-07-21 11:30:00+00:00,0,1.0,1.0,HB303,Clinton St & 7 St,18,2026-07-21,11,30,2026-07-21,-14.0,15,in_bounds
2026-07-21 11:45:00+00:00,0,2.0,2.0,HB303,Clinton St & 7 St,18,2026-07-21,11,45,2026-07-21,-12.0,15,in_bounds
2026-07-21 12:00:00+00:00,3,2.0,-1.0,HB303,Clinton St & 7 St,18,2026-07-21,12,0,2026-07-21,-13.0,15,in_bounds
2026-07-21 12:15:00+00:00,0,0.0,0.0,HB303,Clinton St & 7 St,18,2026-07-21,12,15,2026-07-21,-13.0,15,in_bounds
2026-07-21 12:30:00+00:00,0,0.0,0.0,HB303,Clinton St & 7 St,18,2026-07-21,12,30,2026-07-21,-13.0,15,in_bounds
2026-07-21 12:45:00+00:00,0,1.0,1.0,HB303,Clinton St & 7 St,18,2026-07-21,12,45,2026-07-21,-12.0,15,in_bounds
2026-07-21 13:00:00+00:00,1,0.0,-1.0,HB303,Clinton St & 7 St,18,2026-07-21,13,0,2026-07-21,-13.0,15,in_bounds
2026-07-21 13:15:00+00:00,0,0.0,0.0,HB303,Clinton St & 7 St,18,2026-07-21,13,15,2026-07-21,-13.0,15,in_bounds
2026-07-21 13:30:00+00:00,0,0.0,0.0,HB303,Clinton St & 7 St,18,2026-07-21,13,30,2026-07-21,-13.0,15,in_bounds
2026-07-21 13:45:00+00:00,0,0.0,0.0,HB303,Clinton St & 7 St,18,2026-07-21,13,45,2026-07-21,-13.0,15,in_bounds
2026-07-21 14:00:00+00:00,0,1.0,1.0,HB303,Clinton St & 7 St,18,2026-07-21,14,0,2026-07-21,-12.0,15,in_bounds
2026-07-21 14:15:00+00:00,0,0.0,0.0,HB303,Clinton St & 7 St,18,2026-07-21,14,15,2026-07-21,-12.0,15,in_bounds
2026-07-21 14:30:00+00:00,0,0.0,0.0,HB303,Clinton St & 7 St,18,2026-07-21,14,30,2026-07-21,-12.0,15,in_bounds
2026-07-21 14:45:00+00:00,1,1.0,0.0,HB303,Clinton St & 7 St,18,2026-07-21,14,45,2026-07-21,-12.0,15,in_bounds
2026-07-21 15:00:00+00:00,0,1.0,1.0,HB303,Clinton St & 7 St,18,2026-07-21,15,0,2026-07-21,-11.0,15,in_bounds
2026-07-21 15:15:00+00:00,0,0.0,0.0,HB303,Clinton St & 7 St,18,2026-07-21,15,15,2026-07-21,-11.0,15,in_bounds
2026-07-21 15:30:00+00:00,0,0.0,0.0,HB303,Clinton St & 7 St,18,2026-07-21,15,30,2026-07-21,-11.0,15,in_bounds
2026-07-21 15:45:00+00:00,2,1.0,-1.0,HB303,Clinton St & 7 St,18,2026-07-21,15,45,2026-07-21,-12.0,15,in_bounds
2026-07-21 16:00:00+00:00,1,0.0,-1.0,HB303,Clinton St & 7 St,18,2026-07-21,16,0,2026-07-21,-13.0,15,in_bounds
2026-07-21 16:15:00+00:00,0,0.0,0.0,HB303,Clinton St & 7 St,18,2026-07-21,16,15,2026-07-21,-13.0,15,in_bounds
2026-07-21 16:30:00+00:00,1,1.0,0.0,HB303,Clinton St & 7 St,18,2026-07-21,16,30,2026-07-21,-13.0,15,in_bounds
2026-07-21 16:45:00+00:00,0,0.0,0.0,HB303,Clinton St & 7 St,18,2026-07-21,16,45,2026-07-21,-13.0,15,in_bounds
2026-07-21 17:00:00+00:00,2,4.0,2.0,HB303,Clinton St & 7 St,18,2026-07-21,17,0,2026-07-21,-11.0,15,in_bounds
2026-07-21 17:15:00+00:00,0,1.0,1.0,HB303,Clinton St & 7 St,18,2026-07-21,17,15,2026-07-21,-10.0,15,in_bounds
2026-07-21 17:30:00+00:00,0,1.0,1.0,HB303,Clinton St & 7 St,18,2026-07-21,17,30,2026-07-21,-9.0,15,in_bounds
2026-07-21 17:45:00+00:00,1,2.0,1.0,HB303,Clinton St & 7 St,18,2026-07-21,17,45,2026-07-21,-8.0,15,in_bounds
2026-07-21 18:00:00+00:00,1,3.0,2.0,HB303,Clinton St & 7 St,18,2026-07-21,18,0,2026-07-21,-6.0,15,in_bounds
2026-07-21 18:15:00+00:00,1,1.0,0.0,HB303,Clinton St & 7 St,18,2026-07-21,18,15,2026-07-21,-6.0,15,in_bounds
2026-07-21 18:30:00+00:00,0,1.0,1.0,HB303,Clinton St & 7 St,18,2026-07-21,18,30,2026-07-21,-5.0,15,in_bounds
2026-07-21 18:45:00+00:00,1,1.0,0.0,HB303,Clinton St & 7 St,18,2026-07-21,18,45,2026-07-21,-5.0,15,in_bounds
2026-07-21 19:00:00+00:00,1,1.0,0.0,HB303,Clinton St & 7 St,18,2026-07-21,19,0,2026-07-21,-5.0,15,in_bounds
2026-07-21 19:15:00+00:00,1,0.0,-1.0,HB303,Clinton St & 7 St,18,2026-07-21,19,15,2026-07-21,-6.0,15,in_bounds
2026-07-21 19:30:00+00:00,0,0.0,0.0,HB303,Clinton St & 7 St,18,2026-07-21,19,30,2026-07-21,-6.0,15,in_bounds
2026-07-21 19:45:00+00:00,0,0.0,0.0,HB303,Clinton St & 7 St,18,2026-07-21,19,45,2026-07-21,-6.0,15,in_bounds
2026-07-21 20:00:00+00:00,0,3.0,3.0,HB303,Clinton St & 7 St,18,2026-07-21,20,0,2026-07-21,-3.0,15,in_bounds
2026-07-21 20:15:00+00:00,1,0.0,-1.0,HB303,Clinton St & 7 St,18,2026-07-21,20,15,2026-07-21,-4.0,15,in_bounds
2026-07-21 20:30:00+00:00,2,2.0,0.0,HB303,Clinton St & 7 St,18,2026-07-21,20,30,2026-07-21,-4.0,15,in_bounds
2026-07-21 20:45:00+00:00,0,2.0,2.0,HB303,Clinton St & 7 St,18,2026-07-21,20,45,2026-07-21,-2.0,15,in_bounds
2026-07-21 21:00:00+00:00,0,0.0,0.0,HB303,Clinton St & 7 St,18,2026-07-21,21,0,2026-07-21,-2.0,15,in_bounds
2026-07-21 21:15:00+00:00,0,1.0,1.0,HB303,Clinton St & 7 St,18,2026-07-21,21,15,2026-07-21,-1.0,15,in_bounds
2026-07-21 21:30:00+00:00,1,4.0,3.0,HB303,Clinton St & 7 St,18,2026-07-21,21,30,2026-07-21,2.0,15,in_bounds
2026-07-21 21:45:00+00:00,0,1.0,1.0,HB303,Clinton St & 7 St,18,2026-07-21,21,45,2026-07-21,3.0,15,in_bounds
2026-07-21 22:00:00+00:00,0,0.0,0.0,HB303,Clinton St & 7 St,18,2026-07-21,22,0,2026-07-21,3.0,15,in_bounds
2026-07-21 22:15:00+00:00,0,0.0,0.0,HB303,Clinton St & 7 St,18,2026-07-21,22,15,2026-07-21,3.0,15,in_bounds
2026-07-21 22:30:00+00:00,0,0.0,0.0,HB303,Clinton St & 7 St,18,2026-07-21,22,30,2026-07-21,3.0,15,in_bounds
2026-07-21 22:45:00+00:00,0,0.0,0.0,HB303,Clinton St & 7 St,18,2026-07-21,22,45,2026-07-21,3.0,15,in_bounds
2026-07-21 23:00:00+00:00,1,1.0,0.0,HB303,Clinton St & 7 St,18,2026-07-21,23,0,2026-07-21,3.0,15,in_bounds
2026-07-21 23:15:00+00:00,0,1.0,1.0,HB303,Clinton St & 7 St,18,2026-07-21,23,15,2026-07-21,4.0,15,over_capacity
2026-07-21 23:30:00+00:00,0,0.0,0.0,HB303,Clinton St & 7 St,18,2026-07-21,23,30,2026-07-21,4.0,15,over_capacity
2026-07-21 23:45:00+00:00,0,0.0,0.0,HB303,Clinton St & 7 St,18,2026-07-21,23,45,2026-07-21,4.0,15,over_capacity
2026-07-22 00:00:00+00:00,0,0.0,0.0,HB303,Clinton St & 7 St,18,2026-07-22,0,0,2026-07-21,4.0,15,over_capacity
2026-07-22 00:15:00+00:00,0,0.0,0.0,HB303,Clinton St & 7 St,18,2026-07-22,0,15,2026-07-21,4.0,15,over_capacity
2026-07-22 00:30:00+00:00,0,0.0,0.0,HB303,Clinton St & 7 St,18,2026-07-22,0,30,2026-07-21,4.0,15,over_capacity
2026-07-22 00:45:00+00:00,0,0.0,0.0,HB303,Clinton St & 7 St,18,2026-07-22,0,45,2026-07-21,4.0,15,over_capacity
2026-07-22 01:00:00+00:00,0,0.0,0.0,HB303,Clinton St & 7 St,18,2026-07-22,1,0,2026-07-21,4.0,15,over_capacity
2026-07-22 01:15:00+00:00,0,0.0,0.0,HB303,Clinton St & 7 St,18,2026-07-22,1,15,2026-07-21,4.0,15,over_capacity
2026-07-22 01:30:00+00:00,0,0.0,0.0,HB303,Clinton St & 7 St,18,2026-07-22,1,30,2026-07-21,4.0,15,over_capacity
2026-07-22 01:45:00+00:00,0,0.0,0.0,HB303,Clinton St & 7 St,18,2026-07-22,1,45,2026-07-21,4.0,15,over_capacity
2026-07-22 02:00:00+00:00,0,0.0,0.0,HB303,Clinton St & 7 St,18,2026-07-22,2,0,2026-07-21,4.0,15,over_capacity
2026-07-22 02:15:00+00:00,0,0.0,0.0,HB303,Clinton St & 7 St,18,2026-07-22,2,15,2026-07-21,4.0,15,over_capacity
2026-07-22 02:30:00+00:00,0,0.0,0.0,HB303,Clinton St & 7 St,18,2026-07-22,2,30,2026-07-21,4.0,15,over_capacity
2026-07-22 02:45:00+00:00,0,0.0,0.0,HB303,Clinton St & 7 St,18,2026-07-22,2,45,2026-07-21,4.0,15,over_capacity
2026-07-22 03:00:00+00:00,0,0.0,0.0,HB303,Clinton St & 7 St,18,2026-07-22,3,0,2026-07-21,4.0,15,over_capacity
2026-07-22 03:15:00+00:00,0,0.0,0.0,HB303,Clinton St & 7 St,18,2026-07-22,3,15,2026-07-21,4.0,15,over_capacity
2026-07-22 03:30:00+00:00,0,0.0,0.0,HB303,Clinton St & 7 St,18,2026-07-22,3,30,2026-07-21,4.0,15,over_capacity
2026-07-22 03:45:00+00:00,0,0.0,0.0,HB303,Clinton St & 7 St,18,2026-07-22,3,45,2026-07-21,4.0,15,over_capacity
2026-07-22 04:00:00+00:00,0,0.0,0.0,HB303,Clinton St & 7 St,18,2026-07-22,4,0,2026-07-21,4.0,15,over_capacity
2026-07-22 04:15:00+00:00,0,0.0,0.0,HB303,Clinton St & 7 St,18,2026-07-22,4,15,2026-07-21,4.0,15,over_capacity
2026-07-22 04:30:00+00:00,0,0.0,0.0,HB303,Clinton St & 7 St,18,2026-07-22,4,30,2026-07-21,4.0,15,over_capacity
2026-07-22 04:45:00+00:00,1,0.0,-1.0,HB303,Clinton St & 7 St,18,2026-07-22,4,45,2026-07-21,3.0,15,in_bounds
2026-07-22 05:00:00+00:00,0,0.0,0.0,HB303,Clinton St & 7 St,18,2026-07-22,5,0,2026-07-22,0.0,15,in_bounds
2026-07-22 05:15:00+00:00,0,0.0,0.0,HB303,Clinton St & 7 St,18,2026-07-22,5,15,2026-07-22,0.0,15,in_bounds
2026-07-22 05:30:00+00:00,0,0.0,0.0,HB303,Clinton St & 7 St,18,2026-07-22,5,30,2026-07-22,0.0,15,in_bounds
2026-07-22 05:45:00+00:00,2,0.0,-2.0,HB303,Clinton St & 7 St,18,2026-07-22,5,45,2026-07-22,-2.0,15,in_bounds
2026-07-22 06:00:00+00:00,1,0.0,-1.0,HB303,Clinton St & 7 St,18,2026-07-22,6,0,2026-07-22,-3.0,15,in_bounds
2026-07-22 06:15:00+00:00,1,1.0,0.0,HB303,Clinton St & 7 St,18,2026-07-22,6,15,2026-07-22,-3.0,15,in_bounds
2026-07-22 06:30:00+00:00,2,0.0,-2.0,HB303,Clinton St & 7 St,18,2026-07-22,6,30,2026-07-22,-5.0,15,in_bounds
2026-07-22 06:45:00+00:00,1,1.0,0.0,HB303,Clinton St & 7 St,18,2026-07-22,6,45,2026-07-22,-5.0,15,in_bounds
2026-07-22 07:00:00+00:00,1,1.0,0.0,HB303,Clinton St & 7 St,18,2026-07-22,7,0,2026-07-22,-5.0,15,in_bounds
2026-07-22 07:15:00+00:00,1,0.0,-1.0,HB303,Clinton St & 7 St,18,2026-07-22,7,15,2026-07-22,-6.0,15,in_bounds
2026-07-22 07:30:00+00:00,0,2.0,2.0,HB303,Clinton St & 7 St,18,2026-07-22,7,30,2026-07-22,-4.0,15,in_bounds
2026-07-22 07:45:00+00:00,4,0.0,-4.0,HB303,Clinton St & 7 St,18,2026-07-22,7,45,2026-07-22,-8.0,15,in_bounds
2026-07-22 08:00:00+00:00,4,1.0,-3.0,HB303,Clinton St & 7 St,18,2026-07-22,8,0,2026-07-22,-11.0,15,in_bounds
2026-07-22 08:15:00+00:00,1,1.0,0.0,HB303,Clinton St & 7 St,18,2026-07-22,8,15,2026-07-22,-11.0,15,in_bounds
2026-07-22 08:30:00+00:00,3,1.0,-2.0,HB303,Clinton St & 7 St,18,2026-07-22,8,30,2026-07-22,-13.0,15,in_bounds
2026-07-22 08:45:00+00:00,1,1.0,0.0,HB303,Clinton St & 7 St,18,2026-07-22,8,45,2026-07-22,-13.0,15,in_bounds
2026-07-22 09:00:00+00:00,0,0.0,0.0,HB303,Clinton St & 7 St,18,2026-07-22,9,0,2026-07-22,-13.0,15,in_bounds
2026-07-22 09:15:00+00:00,0,0.0,0.0,HB303,Clinton St & 7 St,18,2026-07-22,9,15,2026-07-22,-13.0,15,in_bounds
2026-07-22 09:30:00+00:00,0,0.0,0.0,HB303,Clinton St & 7 St,18,2026-07-22,9,30,2026-07-22,-13.0,15,in_bounds
2026-07-22 09:45:00+00:00,1,0.0,-1.0,HB303,Clinton St & 7 St,18,2026-07-22,9,45,2026-07-22,-14.0,15,in_bounds
2026-07-22 10:00:00+00:00,0,0.0,0.0,HB303,Clinton St & 7 St,18,2026-07-22,10,0,2026-07-22,-14.0,15,in_bounds
2026-07-22 10:15:00+00:00,0,0.0,0.0,HB303,Clinton St & 7 St,18,2026-07-22,10,15,2026-07-22,-14.0,15,in_bounds
2026-07-22 10:30:00+00:00,0,0.0,0.0,HB303,Clinton St & 7 St,18,2026-07-22,10,30,2026-07-22,-14.0,15,in_bounds
2026-07-22 10:45:00+00:00,1,0.0,-1.0,HB303,Clinton St & 7 St,18,2026-07-22,10,45,2026-07-22,-15.0,15,in_bounds
2026-07-22 11:00:00+00:00,2,1.0,-1.0,HB303,Clinton St & 7 St,18,2026-07-22,11,0,2026-07-22,-16.0,15,below_zero
2026-07-22 11:15:00+00:00,0,1.0,1.0,HB303,Clinton St & 7 St,18,2026-07-22,11,15,2026-07-22,-15.0,15,in_bounds
2026-07-22 11:30:00+00:00,0,0.0,0.0,HB303,Clinton St & 7 St,18,2026-07-22,11,30,2026-07-22,-15.0,15,in_bounds
2026-07-22 11:45:00+00:00,0,1.0,1.0,HB303,Clinton St & 7 St,18,2026-07-22,11,45,2026-07-22,-14.0,15,in_bounds
2026-07-22 12:00:00+00:00,1,0.0,-1.0,HB303,Clinton St & 7 St,18,2026-07-22,12,0,2026-07-22,-15.0,15,in_bounds
2026-07-22 12:15:00+00:00,0,0.0,0.0,HB303,Clinton St & 7 St,18,2026-07-22,12,15,2026-07-22,-15.0,15,in_bounds
2026-07-22 12:30:00+00:00,0,0.0,0.0,HB303,Clinton St & 7 St,18,2026-07-22,12,30,2026-07-22,-15.0,15,in_bounds
2026-07-22 12:45:00+00:00,0,1.0,1.0,HB303,Clinton St & 7 St,18,2026-07-22,12,45,2026-07-22,-14.0,15,in_bounds
2026-07-22 13:00:00+00:00,0,0.0,0.0,HB303,Clinton St & 7 St,18,2026-07-22,13,0,2026-07-22,-14.0,15,in_bounds
2026-07-22 13:15:00+00:00,1,0.0,-1.0,HB303,Clinton St & 7 St,18,2026-07-22,13,15,2026-07-22,-15.0,15,in_bounds
2026-07-22 13:30:00+00:00,0,0.0,0.0,HB303,Clinton St & 7 St,18,2026-07-22,13,30,2026-07-22,-15.0,15,in_bounds
2026-07-22 13:45:00+00:00,0,0.0,0.0,HB303,Clinton St & 7 St,18,2026-07-22,13,45,2026-07-22,-15.0,15,in_bounds
2026-07-22 14:00:00+00:00,0,0.0,0.0,HB303,Clinton St & 7 St,18,2026-07-22,14,0,2026-07-22,-15.0,15,in_bounds
2026-07-22 14:15:00+00:00,1,0.0,-1.0,HB303,Clinton St & 7 St,18,2026-07-22,14,15,2026-07-22,-16.0,15,below_zero
2026-07-22 14:30:00+00:00,0,0.0,0.0,HB303,Clinton St & 7 St,18,2026-07-22,14,30,2026-07-22,-16.0,15,below_zero
2026-07-22 14:45:00+00:00,0,0.0,0.0,HB303,Clinton St & 7 St,18,2026-07-22,14,45,2026-07-22,-16.0,15,below_zero
2026-07-22 15:00:00+00:00,0,0.0,0.0,HB303,Clinton St & 7 St,18,2026-07-22,15,0,2026-07-22,-16.0,15,below_zero
2026-07-22 15:15:00+00:00,0,0.0,0.0,HB303,Clinton St & 7 St,18,2026-07-22,15,15,2026-07-22,-16.0,15,below_zero
2026-07-22 15:30:00+00:00,0,0.0,0.0,HB303,Clinton St & 7 St,18,2026-07-22,15,30,2026-07-22,-16.0,15,below_zero
2026-07-22 15:45:00+00:00,0,0.0,0.0,HB303,Clinton St & 7 St,18,2026-07-22,15,45,2026-07-22,-16.0,15,below_zero
2026-07-22 16:00:00+00:00,0,0.0,0.0,HB303,Clinton St & 7 St,18,2026-07-22,16,0,2026-07-22,-16.0,15,below_zero
2026-07-22 16:15:00+00:00,0,1.0,1.0,HB303,Clinton St & 7 St,18,2026-07-22,16,15,2026-07-22,-15.0,15,in_bounds
2026-07-22 16:30:00+00:00,1,0.0,-1.0,HB303,Clinton St & 7 St,18,2026-07-22,16,30,2026-07-22,-16.0,15,below_zero
2026-07-22 16:45:00+00:00,1,2.0,1.0,HB303,Clinton St & 7 St,18,2026-07-22,16,45,2026-07-22,-15.0,15,in_bounds
2026-07-22 17:00:00+00:00,2,1.0,-1.0,HB303,Clinton St & 7 St,18,2026-07-22,17,0,2026-07-22,-16.0,15,below_zero
2026-07-22 17:15:00+00:00,0,3.0,3.0,HB303,Clinton St & 7 St,18,2026-07-22,17,15,2026-07-22,-13.0,15,in_bounds
2026-07-22 17:30:00+00:00,1,2.0,1.0,HB303,Clinton St & 7 St,18,2026-07-22,17,30,2026-07-22,-12.0,15,in_bounds
2026-07-22 17:45:00+00:00,2,4.0,2.0,HB303,Clinton St & 7 St,18,2026-07-22,17,45,2026-07-22,-10.0,15,in_bounds
2026-07-22 18:00:00+00:00,1,2.0,1.0,HB303,Clinton St & 7 St,18,2026-07-22,18,0,2026-07-22,-9.0,15,in_bounds
2026-07-22 18:15:00+00:00,1,5.0,4.0,HB303,Clinton St & 7 St,18,2026-07-22,18,15,2026-07-22,-5.0,15,in_bounds
2026-07-22 18:30:00+00:00,1,5.0,4.0,HB303,Clinton St & 7 St,18,2026-07-22,18,30,2026-07-22,-1.0,15,in_bounds
2026-07-22 18:45:00+00:00,2,1.0,-1.0,HB303,Clinton St & 7 St,18,2026-07-22,18,45,2026-07-22,-2.0,15,in_bounds
2026-07-22 19:00:00+00:00,3,3.0,0.0,HB303,Clinton St & 7 St,18,2026-07-22,19,0,2026-07-22,-2.0,15,in_bounds
2026-07-22 19:15:00+00:00,4,4.0,0.0,HB303,Clinton St & 7 St,18,2026-07-22,19,15,2026-07-22,-2.0,15,in_bounds
2026-07-22 19:30:00+00:00,2,2.0,0.0,HB303,Clinton St & 7 St,18,2026-07-22,19,30,2026-07-22,-2.0,15,in_bounds
2026-07-22 19:45:00+00:00,2,0.0,-2.0,HB303,Clinton St & 7 St,18,2026-07-22,19,45,2026-07-22,-4.0,15,in_bounds
2026-07-22 20:00:00+00:00,1,5.0,4.0,HB303,Clinton St & 7 St,18,2026-07-22,20,0,2026-07-22,0.0,15,in_bounds
2026-07-22 20:15:00+00:00,1,0.0,-1.0,HB303,Clinton St & 7 St,18,2026-07-22,20,15,2026-07-22,-1.0,15,in_bounds
2026-07-22 20:30:00+00:00,0,1.0,1.0,HB303,Clinton St & 7 St,18,2026-07-22,20,30,2026-07-22,0.0,15,in_bounds
2026-07-22 20:45:00+00:00,1,0.0,-1.0,HB303,Clinton St & 7 St,18,2026-07-22,20,45,2026-07-22,-1.0,15,in_bounds
2026-07-22 21:00:00+00:00,2,0.0,-2.0,HB303,Clinton St & 7 St,18,2026-07-22,21,0,2026-07-22,-3.0,15,in_bounds
2026-07-22 21:15:00+00:00,2,0.0,-2.0,HB303,Clinton St & 7 St,18,2026-07-22,21,15,2026-07-22,-5.0,15,in_bounds
2026-07-22 21:30:00+00:00,0,1.0,1.0,HB303,Clinton St & 7 St,18,2026-07-22,21,30,2026-07-22,-4.0,15,in_bounds
2026-07-22 21:45:00+00:00,0,1.0,1.0,HB303,Clinton St & 7 St,18,2026-07-22,21,45,2026-07-22,-3.0,15,in_bounds
2026-07-22 22:00:00+00:00,0,1.0,1.0,HB303,Clinton St & 7 St,18,2026-07-22,22,0,2026-07-22,-2.0,15,in_bounds
2026-07-22 22:15:00+00:00,0,2.0,2.0,HB303,Clinton St & 7 St,18,2026-07-22,22,15,2026-07-22,0.0,15,in_bounds
2026-07-22 22:30:00+00:00,1,0.0,-1.0,HB303,Clinton St & 7 St,18,2026-07-22,22,30,2026-07-22,-1.0,15,in_bounds
2026-07-22 22:45:00+00:00,1,1.0,0.0,HB303,Clinton St & 7 St,18,2026-07-22,22,45,2026-07-22,-1.0,15,in_bounds
2026-07-22 23:00:00+00:00,3,0.0,-3.0,HB303,Clinton St & 7 St,18,2026-07-22,23,0,2026-07-22,-4.0,15,in_bounds
2026-07-22 23:15:00+00:00,1,0.0,-1.0,HB303,Clinton St & 7 St,18,2026-07-22,23,15,2026-07-22,-5.0,15,in_bounds
2026-07-22 23:30:00+00:00,0,0.0,0.0,HB303,Clinton St & 7 St,18,2026-07-22,23,30,2026-07-22,-5.0,15,in_bounds
2026-07-22 23:45:00+00:00,0,0.0,0.0,HB303,Clinton St & 7 St,18,2026-07-22,23,45,2026-07-22,-5.0,15,in_bounds
2026-07-23 00:00:00+00:00,0,0.0,0.0,HB303,Clinton St & 7 St,18,2026-07-23,0,0,2026-07-22,-5.0,15,in_bounds
2026-07-23 00:15:00+00:00,0,0.0,0.0,HB303,Clinton St & 7 St,18,2026-07-23,0,15,2026-07-22,-5.0,15,in_bounds
2026-07-23 00:30:00+00:00,0,0.0,0.0,HB303,Clinton St & 7 St,18,2026-07-23,0,30,2026-07-22,-5.0,15,in_bounds
2026-07-23 00:45:00+00:00,0,0.0,0.0,HB303,Clinton St & 7 St,18,2026-07-23,0,45,2026-07-22,-5.0,15,in_bounds
2026-07-23 01:00:00+00:00,0,0.0,0.0,HB303,Clinton St & 7 St,18,2026-07-23,1,0,2026-07-22,-5.0,15,in_bounds
2026-07-23 01:15:00+00:00,0,0.0,0.0,HB303,Clinton St & 7 St,18,2026-07-23,1,15,2026-07-22,-5.0,15,in_bounds
2026-07-23 01:30:00+00:00,0,0.0,0.0,HB303,Clinton St & 7 St,18,2026-07-23,1,30,2026-07-22,-5.0,15,in_bounds
2026-07-23 01:45:00+00:00,0,0.0,0.0,HB303,Clinton St & 7 St,18,2026-07-23,1,45,2026-07-22,-5.0,15,in_bounds
2026-07-23 02:00:00+00:00,0,0.0,0.0,HB303,Clinton St & 7 St,18,2026-07-23,2,0,2026-07-22,-5.0,15,in_bounds
2026-07-23 02:15:00+00:00,0,0.0,0.0,HB303,Clinton St & 7 St,18,2026-07-23,2,15,2026-07-22,-5.0,15,in_bounds
2026-07-23 02:30:00+00:00,0,0.0,0.0,HB303,Clinton St & 7 St,18,2026-07-23,2,30,2026-07-22,-5.0,15,in_bounds
2026-07-23 02:45:00+00:00,0,0.0,0.0,HB303,Clinton St & 7 St,18,2026-07-23,2,45,2026-07-22,-5.0,15,in_bounds
2026-07-23 03:00:00+00:00,0,0.0,0.0,HB303,Clinton St & 7 St,18,2026-07-23,3,0,2026-07-22,-5.0,15,in_bounds
2026-07-23 03:15:00+00:00,0,0.0,0.0,HB303,Clinton St & 7 St,18,2026-07-23,3,15,2026-07-22,-5.0,15,in_bounds
2026-07-23 03:30:00+00:00,0,0.0,0.0,HB303,Clinton St & 7 St,18,2026-07-23,3,30,2026-07-22,-5.0,15,in_bounds
2026-07-23 03:45:00+00:00,0,0.0,0.0,HB303,Clinton St & 7 St,18,2026-07-23,3,45,2026-07-22,-5.0,15,in_bounds
2026-07-23 04:00:00+00:00,0,0.0,0.0,HB303,Clinton St & 7 St,18,2026-07-23,4,0,2026-07-22,-5.0,15,in_bounds
2026-07-23 04:15:00+00:00,0,0.0,0.0,HB303,Clinton St & 7 St,18,2026-07-23,4,15,2026-07-22,-5.0,15,in_bounds
2026-07-23 04:30:00+00:00,0,0.0,0.0,HB303,Clinton St & 7 St,18,2026-07-23,4,30,2026-07-22,-5.0,15,in_bounds
2026-07-23 04:45:00+00:00,0,0.0,0.0,HB303,Clinton St & 7 St,18,2026-07-23,4,45,2026-07-22,-5.0,15,in_bounds
2026-07-23 05:00:00+00:00,0,0.0,0.0,HB303,Clinton St & 7 St,18,2026-07-23,5,0,2026-07-23,0.0,15,in_bounds
2026-07-23 05:15:00+00:00,1,0.0,-1.0,HB303,Clinton St & 7 St,18,2026-07-23,5,15,2026-07-23,-1.0,15,in_bounds
2026-07-23 05:30:00+00:00,0,0.0,0.0,HB303,Clinton St & 7 St,18,2026-07-23,5,30,2026-07-23,-1.0,15,in_bounds
2026-07-23 05:45:00+00:00,0,0.0,0.0,HB303,Clinton St & 7 St,18,2026-07-23,5,45,2026-07-23,-1.0,15,in_bounds
2026-07-23 06:00:00+00:00,1,0.0,-1.0,HB303,Clinton St & 7 St,18,2026-07-23,6,0,2026-07-23,-2.0,15,in_bounds
2026-07-23 06:15:00+00:00,0,1.0,1.0,HB303,Clinton St & 7 St,18,2026-07-23,6,15,2026-07-23,-1.0,15,in_bounds
2026-07-23 06:30:00+00:00,0,0.0,0.0,HB303,Clinton St & 7 St,18,2026-07-23,6,30,2026-07-23,-1.0,15,in_bounds
2026-07-23 06:45:00+00:00,1,0.0,-1.0,HB303,Clinton St & 7 St,18,2026-07-23,6,45,2026-07-23,-2.0,15,in_bounds
2026-07-23 07:00:00+00:00,0,0.0,0.0,HB303,Clinton St & 7 St,18,2026-07-23,7,0,2026-07-23,-2.0,15,in_bounds
2026-07-23 07:15:00+00:00,0,1.0,1.0,HB303,Clinton St & 7 St,18,2026-07-23,7,15,2026-07-23,-1.0,15,in_bounds
2026-07-23 07:30:00+00:00,3,1.0,-2.0,HB303,Clinton St & 7 St,18,2026-07-23,7,30,2026-07-23,-3.0,15,in_bounds
2026-07-23 07:45:00+00:00,1,0.0,-1.0,HB303,Clinton St & 7 St,18,2026-07-23,7,45,2026-07-23,-4.0,15,in_bounds
2026-07-23 08:00:00+00:00,2,2.0,0.0,HB303,Clinton St & 7 St,18,2026-07-23,8,0,2026-07-23,-4.0,15,in_bounds
2026-07-23 08:15:00+00:00,0,0.0,0.0,HB303,Clinton St & 7 St,18,2026-07-23,8,15,2026-07-23,-4.0,15,in_bounds
2026-07-23 08:30:00+00:00,3,2.0,-1.0,HB303,Clinton St & 7 St,18,2026-07-23,8,30,2026-07-23,-5.0,15,in_bounds
2026-07-23 08:45:00+00:00,3,2.0,-1.0,HB303,Clinton St & 7 St,18,2026-07-23,8,45,2026-07-23,-6.0,15,in_bounds
2026-07-23 09:00:00+00:00,0,1.0,1.0,HB303,Clinton St & 7 St,18,2026-07-23,9,0,2026-07-23,-5.0,15,in_bounds
2026-07-23 09:15:00+00:00,0,1.0,1.0,HB303,Clinton St & 7 St,18,2026-07-23,9,15,2026-07-23,-4.0,15,in_bounds
2026-07-23 09:30:00+00:00,0,1.0,1.0,HB303,Clinton St & 7 St,18,2026-07-23,9,30,2026-07-23,-3.0,15,in_bounds
2026-07-23 09:45:00+00:00,1,0.0,-1.0,HB303,Clinton St & 7 St,18,2026-07-23,9,45,2026-07-23,-4.0,15,in_bounds
2026-07-23 10:00:00+00:00,2,0.0,-2.0,HB303,Clinton St & 7 St,18,2026-07-23,10,0,2026-07-23,-6.0,15,in_bounds
2026-07-23 10:15:00+00:00,0,0.0,0.0,HB303,Clinton St & 7 St,18,2026-07-23,10,15,2026-07-23,-6.0,15,in_bounds
2026-07-23 10:30:00+00:00,0,0.0,0.0,HB303,Clinton St & 7 St,18,2026-07-23,10,30,2026-07-23,-6.0,15,in_bounds
2026-07-23 10:45:00+00:00,0,0.0,0.0,HB303,Clinton St & 7 St,18,2026-07-23,10,45,2026-07-23,-6.0,15,in_bounds
2026-07-23 11:00:00+00:00,0,1.0,1.0,HB303,Clinton St & 7 St,18,2026-07-23,11,0,2026-07-23,-5.0,15,in_bounds
2026-07-23 11:15:00+00:00,1,0.0,-1.0,HB303,Clinton St & 7 St,18,2026-07-23,11,15,2026-07-23,-6.0,15,in_bounds
2026-07-23 11:30:00+00:00,1,0.0,-1.0,HB303,Clinton St & 7 St,18,2026-07-23,11,30,2026-07-23,-7.0,15,in_bounds
2026-07-23 11:45:00+00:00,1,1.0,0.0,HB303,Clinton St & 7 St,18,2026-07-23,11,45,2026-07-23,-7.0,15,in_bounds
2026-07-23 12:00:00+00:00,1,0.0,-1.0,HB303,Clinton St & 7 St,18,2026-07-23,12,0,2026-07-23,-8.0,15,in_bounds
2026-07-23 12:15:00+00:00,1,0.0,-1.0,HB303,Clinton St & 7 St,18,2026-07-23,12,15,2026-07-23,-9.0,15,in_bounds
2026-07-23 12:30:00+00:00,1,0.0,-1.0,HB303,Clinton St & 7 St,18,2026-07-23,12,30,2026-07-23,-10.0,15,in_bounds
2026-07-23 12:45:00+00:00,0,0.0,0.0,HB303,Clinton St & 7 St,18,2026-07-23,12,45,2026-07-23,-10.0,15,in_bounds
2026-07-23 13:00:00+00:00,0,0.0,0.0,HB303,Clinton St & 7 St,18,2026-07-23,13,0,2026-07-23,-10.0,15,in_bounds
2026-07-23 13:15:00+00:00,0,0.0,0.0,HB303,Clinton St & 7 St,18,2026-07-23,13,15,2026-07-23,-10.0,15,in_bounds
2026-07-23 13:30:00+00:00,0,0.0,0.0,HB303,Clinton St & 7 St,18,2026-07-23,13,30,2026-07-23,-10.0,15,in_bounds
2026-07-23 13:45:00+00:00,0,1.0,1.0,HB303,Clinton St & 7 St,18,2026-07-23,13,45,2026-07-23,-9.0,15,in_bounds
2026-07-23 14:00:00+00:00,0,0.0,0.0,HB303,Clinton St & 7 St,18,2026-07-23,14,0,2026-07-23,-9.0,15,in_bounds
2026-07-23 14:15:00+00:00,0,0.0,0.0,HB303,Clinton St & 7 St,18,2026-07-23,14,15,2026-07-23,-9.0,15,in_bounds
2026-07-23 14:30:00+00:00,0,0.0,0.0,HB303,Clinton St & 7 St,18,2026-07-23,14,30,2026-07-23,-9.0,15,in_bounds
2026-07-23 14:45:00+00:00,0,0.0,0.0,HB303,Clinton St & 7 St,18,2026-07-23,14,45,2026-07-23,-9.0,15,in_bounds
2026-07-23 15:00:00+00:00,0,0.0,0.0,HB303,Clinton St & 7 St,18,2026-07-23,15,0,2026-07-23,-9.0,15,in_bounds
2026-07-23 15:15:00+00:00,0,0.0,0.0,HB303,Clinton St & 7 St,18,2026-07-23,15,15,2026-07-23,-9.0,15,in_bounds
2026-07-23 15:30:00+00:00,0,0.0,0.0,HB303,Clinton St & 7 St,18,2026-07-23,15,30,2026-07-23,-9.0,15,in_bounds
2026-07-23 15:45:00+00:00,1,0.0,-1.0,HB303,Clinton St & 7 St,18,2026-07-23,15,45,2026-07-23,-10.0,15,in_bounds
2026-07-23 16:00:00+00:00,0,0.0,0.0,HB303,Clinton St & 7 St,18,2026-07-23,16,0,2026-07-23,-10.0,15,in_bounds
2026-07-23 16:15:00+00:00,0,0.0,0.0,HB303,Clinton St & 7 St,18,2026-07-23,16,15,2026-07-23,-10.0,15,in_bounds
2026-07-23 16:30:00+00:00,0,2.0,2.0,HB303,Clinton St & 7 St,18,2026-07-23,16,30,2026-07-23,-8.0,15,in_bounds
2026-07-23 16:45:00+00:00,1,2.0,1.0,HB303,Clinton St & 7 St,18,2026-07-23,16,45,2026-07-23,-7.0,15,in_bounds
2026-07-23 17:00:00+00:00,2,3.0,1.0,HB303,Clinton St & 7 St,18,2026-07-23,17,0,2026-07-23,-6.0,15,in_bounds
2026-07-23 17:15:00+00:00,0,0.0,0.0,HB303,Clinton St & 7 St,18,2026-07-23,17,15,2026-07-23,-6.0,15,in_bounds
2026-07-23 17:30:00+00:00,0,1.0,1.0,HB303,Clinton St & 7 St,18,2026-07-23,17,30,2026-07-23,-5.0,15,in_bounds
2026-07-23 17:45:00+00:00,2,1.0,-1.0,HB303,Clinton St & 7 St,18,2026-07-23,17,45,2026-07-23,-6.0,15,in_bounds
2026-07-23 18:00:00+00:00,0,1.0,1.0,HB303,Clinton St & 7 St,18,2026-07-23,18,0,2026-07-23,-5.0,15,in_bounds
2026-07-23 18:15:00+00:00,0,2.0,2.0,HB303,Clinton St & 7 St,18,2026-07-23,18,15,2026-07-23,-3.0,15,in_bounds
2026-07-23 18:30:00+00:00,3,1.0,-2.0,HB303,Clinton St & 7 St,18,2026-07-23,18,30,2026-07-23,-5.0,15,in_bounds
2026-07-23 18:45:00+00:00,0,3.0,3.0,HB303,Clinton St & 7 St,18,2026-07-23,18,45,2026-07-23,-2.0,15,in_bounds
2026-07-23 19:00:00+00:00,3,3.0,0.0,HB303,Clinton St & 7 St,18,2026-07-23,19,0,2026-07-23,-2.0,15,in_bounds
2026-07-23 19:15:00+00:00,3,5.0,2.0,HB303,Clinton St & 7 St,18,2026-07-23,19,15,2026-07-23,0.0,15,in_bounds
2026-07-23 19:30:00+00:00,0,4.0,4.0,HB303,Clinton St & 7 St,18,2026-07-23,19,30,2026-07-23,4.0,15,over_capacity
2026-07-23 19:45:00+00:00,0,2.0,2.0,HB303,Clinton St & 7 St,18,2026-07-23,19,45,2026-07-23,6.0,15,over_capacity
2026-07-23 20:00:00+00:00,0,0.0,0.0,HB303,Clinton St & 7 St,18,2026-07-23,20,0,2026-07-23,6.0,15,over_capacity
2026-07-23 20:15:00+00:00,3,2.0,-1.0,HB303,Clinton St & 7 St,18,2026-07-23,20,15,2026-07-23,5.0,15,over_capacity
2026-07-23 20:30:00+00:00,2,1.0,-1.0,HB303,Clinton St & 7 St,18,2026-07-23,20,30,2026-07-23,4.0,15,over_capacity
2026-07-23 20:45:00+00:00,0,1.0,1.0,HB303,Clinton St & 7 St,18,2026-07-23,20,45,2026-07-23,5.0,15,over_capacity
2026-07-23 21:00:00+00:00,1,1.0,0.0,HB303,Clinton St & 7 St,18,2026-07-23,21,0,2026-07-23,5.0,15,over_capacity
2026-07-23 21:15:00+00:00,0,0.0,0.0,HB303,Clinton St & 7 St,18,2026-07-23,21,15,2026-07-23,5.0,15,over_capacity
2026-07-23 21:30:00+00:00,2,3.0,1.0,HB303,Clinton St & 7 St,18,2026-07-23,21,30,2026-07-23,6.0,15,over_capacity
2026-07-23 21:45:00+00:00,2,0.0,-2.0,HB303,Clinton St & 7 St,18,2026-07-23,21,45,2026-07-23,4.0,15,over_capacity
2026-07-23 22:00:00+00:00,1,1.0,0.0,HB303,Clinton St & 7 St,18,2026-07-23,22,0,2026-07-23,4.0,15,over_capacity
2026-07-23 22:15:00+00:00,0,1.0,1.0,HB303,Clinton St & 7 St,18,2026-07-23,22,15,2026-07-23,5.0,15,over_capacity
2026-07-23 22:30:00+00:00,2,0.0,-2.0,HB303,Clinton St & 7 St,18,2026-07-23,22,30,2026-07-23,3.0,15,in_bounds
2026-07-23 22:45:00+00:00,1,0.0,-1.0,HB303,Clinton St & 7 St,18,2026-07-23,22,45,2026-07-23,2.0,15,in_bounds
2026-07-23 23:00:00+00:00,2,0.0,-2.0,HB303,Clinton St & 7 St,18,2026-07-23,23,0,2026-07-23,0.0,15,in_bounds
2026-07-23 23:15:00+00:00,1,0.0,-1.0,HB303,Clinton St & 7 St,18,2026-07-23,23,15,2026-07-23,-1.0,15,in_bounds
2026-07-23 23:30:00+00:00,1,2.0,1.0,HB303,Clinton St & 7 St,18,2026-07-23,23,30,2026-07-23,0.0,15,in_bounds
2026-07-23 23:45:00+00:00,0,0.0,0.0,HB303,Clinton St & 7 St,18,2026-07-23,23,45,2026-07-23,0.0,15,in_bounds
2026-07-24 00:00:00+00:00,0,0.0,0.0,HB303,Clinton St & 7 St,18,2026-07-24,0,0,2026-07-23,0.0,15,in_bounds
2026-07-24 00:15:00+00:00,0,0.0,0.0,HB303,Clinton St & 7 St,18,2026-07-24,0,15,2026-07-23,0.0,15,in_bounds
2026-07-24 00:30:00+00:00,0,0.0,0.0,HB303,Clinton St & 7 St,18,2026-07-24,0,30,2026-07-23,0.0,15,in_bounds
2026-07-24 00:45:00+00:00,0,0.0,0.0,HB303,Clinton St & 7 St,18,2026-07-24,0,45,2026-07-23,0.0,15,in_bounds
2026-07-24 01:00:00+00:00,0,0.0,0.0,HB303,Clinton St & 7 St,18,2026-07-24,1,0,2026-07-23,0.0,15,in_bounds
2026-07-24 01:15:00+00:00,0,1.0,1.0,HB303,Clinton St & 7 St,18,2026-07-24,1,15,2026-07-23,1.0,15,in_bounds
2026-07-24 01:30:00+00:00,1,0.0,-1.0,HB303,Clinton St & 7 St,18,2026-07-24,1,30,2026-07-23,0.0,15,in_bounds
2026-07-24 01:45:00+00:00,1,0.0,-1.0,HB303,Clinton St & 7 St,18,2026-07-24,1,45,2026-07-23,-1.0,15,in_bounds
2026-07-24 02:00:00+00:00,0,0.0,0.0,HB303,Clinton St & 7 St,18,2026-07-24,2,0,2026-07-23,-1.0,15,in_bounds
2026-07-24 02:15:00+00:00,0,0.0,0.0,HB303,Clinton St & 7 St,18,2026-07-24,2,15,2026-07-23,-1.0,15,in_bounds
2026-07-24 02:30:00+00:00,0,0.0,0.0,HB303,Clinton St & 7 St,18,2026-07-24,2,30,2026-07-23,-1.0,15,in_bounds
2026-07-24 02:45:00+00:00,0,0.0,0.0,HB303,Clinton St & 7 St,18,2026-07-24,2,45,2026-07-23,-1.0,15,in_bounds
2026-07-24 03:00:00+00:00,0,0.0,0.0,HB303,Clinton St & 7 St,18,2026-07-24,3,0,2026-07-23,-1.0,15,in_bounds
2026-07-24 03:15:00+00:00,0,0.0,0.0,HB303,Clinton St & 7 St,18,2026-07-24,3,15,2026-07-23,-1.0,15,in_bounds
2026-07-24 03:30:00+00:00,0,0.0,0.0,HB303,Clinton St & 7 St,18,2026-07-24,3,30,2026-07-23,-1.0,15,in_bounds
2026-07-24 03:45:00+00:00,0,0.0,0.0,HB303,Clinton St & 7 St,18,2026-07-24,3,45,2026-07-23,-1.0,15,in_bounds
2026-07-24 04:00:00+00:00,0,0.0,0.0,HB303,Clinton St & 7 St,18,2026-07-24,4,0,2026-07-23,-1.0,15,in_bounds
2026-07-24 04:15:00+00:00,0,0.0,0.0,HB303,Clinton St & 7 St,18,2026-07-24,4,15,2026-07-23,-1.0,15,in_bounds
2026-07-24 04:30:00+00:00,0,0.0,0.0,HB303,Clinton St & 7 St,18,2026-07-24,4,30,2026-07-23,-1.0,15,in_bounds
2026-07-24 04:45:00+00:00,0,0.0,0.0,HB303,Clinton St & 7 St,18,2026-07-24,4,45,2026-07-23,-1.0,15,in_bounds
2026-07-24 05:00:00+00:00,0,0.0,0.0,HB303,Clinton St & 7 St,18,2026-07-24,5,0,2026-07-24,0.0,15,in_bounds
2026-07-24 05:15:00+00:00,0,0.0,0.0,HB303,Clinton St & 7 St,18,2026-07-24,5,15,2026-07-24,0.0,15,in_bounds
2026-07-24 05:30:00+00:00,0,0.0,0.0,HB303,Clinton St & 7 St,18,2026-07-24,5,30,2026-07-24,0.0,15,in_bounds
2026-07-24 05:45:00+00:00,0,0.0,0.0,HB303,Clinton St & 7 St,18,2026-07-24,5,45,2026-07-24,0.0,15,in_bounds
2026-07-24 06:00:00+00:00,0,0.0,0.0,HB303,Clinton St & 7 St,18,2026-07-24,6,0,2026-07-24,0.0,15,in_bounds
2026-07-24 06:15:00+00:00,0,0.0,0.0,HB303,Clinton St & 7 St,18,2026-07-24,6,15,2026-07-24,0.0,15,in_bounds
2026-07-24 06:30:00+00:00,1,0.0,-1.0,HB303,Clinton St & 7 St,18,2026-07-24,6,30,2026-07-24,-1.0,15,in_bounds
2026-07-24 06:45:00+00:00,1,1.0,0.0,HB303,Clinton St & 7 St,18,2026-07-24,6,45,2026-07-24,-1.0,15,in_bounds
2026-07-24 07:00:00+00:00,1,0.0,-1.0,HB303,Clinton St & 7 St,18,2026-07-24,7,0,2026-07-24,-2.0,15,in_bounds
2026-07-24 07:15:00+00:00,1,0.0,-1.0,HB303,Clinton St & 7 St,18,2026-07-24,7,15,2026-07-24,-3.0,15,in_bounds
2026-07-24 07:30:00+00:00,0,0.0,0.0,HB303,Clinton St & 7 St,18,2026-07-24,7,30,2026-07-24,-3.0,15,in_bounds
2026-07-24 07:45:00+00:00,1,0.0,-1.0,HB303,Clinton St & 7 St,18,2026-07-24,7,45,2026-07-24,-4.0,15,in_bounds
2026-07-24 08:00:00+00:00,1,1.0,0.0,HB303,Clinton St & 7 St,18,2026-07-24,8,0,2026-07-24,-4.0,15,in_bounds
2026-07-24 08:15:00+00:00,1,0.0,-1.0,HB303,Clinton St & 7 St,18,2026-07-24,8,15,2026-07-24,-5.0,15,in_bounds
2026-07-24 08:30:00+00:00,2,1.0,-1.0,HB303,Clinton St & 7 St,18,2026-07-24,8,30,2026-07-24,-6.0,15,in_bounds
2026-07-24 08:45:00+00:00,0,2.0,2.0,HB303,Clinton St & 7 St,18,2026-07-24,8,45,2026-07-24,-4.0,15,in_bounds
2026-07-24 09:00:00+00:00,0,3.0,3.0,HB303,Clinton St & 7 St,18,2026-07-24,9,0,2026-07-24,-1.0,15,in_bounds
2026-07-24 09:15:00+00:00,1,2.0,1.0,HB303,Clinton St & 7 St,18,2026-07-24,9,15,2026-07-24,0.0,15,in_bounds
2026-07-24 09:30:00+00:00,0,0.0,0.0,HB303,Clinton St & 7 St,18,2026-07-24,9,30,2026-07-24,0.0,15,in_bounds
2026-07-24 09:45:00+00:00,1,2.0,1.0,HB303,Clinton St & 7 St,18,2026-07-24,9,45,2026-07-24,1.0,15,in_bounds
2026-07-24 10:00:00+00:00,0,0.0,0.0,HB303,Clinton St & 7 St,18,2026-07-24,10,0,2026-07-24,1.0,15,in_bounds
2026-07-24 10:15:00+00:00,1,0.0,-1.0,HB303,Clinton St & 7 St,18,2026-07-24,10,15,2026-07-24,0.0,15,in_bounds
2026-07-24 10:30:00+00:00,0,0.0,0.0,HB303,Clinton St & 7 St,18,2026-07-24,10,30,2026-07-24,0.0,15,in_bounds
2026-07-24 10:45:00+00:00,2,0.0,-2.0,HB303,Clinton St & 7 St,18,2026-07-24,10,45,2026-07-24,-2.0,15,in_bounds
2026-07-24 11:00:00+00:00,1,1.0,0.0,HB303,Clinton St & 7 St,18,2026-07-24,11,0,2026-07-24,-2.0,15,in_bounds
2026-07-24 11:15:00+00:00,0,1.0,1.0,HB303,Clinton St & 7 St,18,2026-07-24,11,15,2026-07-24,-1.0,15,in_bounds
2026-07-24 11:30:00+00:00,0,0.0,0.0,HB303,Clinton St & 7 St,18,2026-07-24,11,30,2026-07-24,-1.0,15,in_bounds
2026-07-24 11:45:00+00:00,1,0.0,-1.0,HB303,Clinton St & 7 St,18,2026-07-24,11,45,2026-07-24,-2.0,15,in_bounds
2026-07-24 12:00:00+00:00,0,1.0,1.0,HB303,Clinton St & 7 St,18,2026-07-24,12,0,2026-07-24,-1.0,15,in_bounds
2026-07-24 12:15:00+00:00,0,0.0,0.0,HB303,Clinton St & 7 St,18,2026-07-24,12,15,2026-07-24,-1.0,15,in_bounds
2026-07-24 12:30:00+00:00,2,0.0,-2.0,HB303,Clinton St & 7 St,18,2026-07-24,12,30,2026-07-24,-3.0,15,in_bounds
2026-07-24 12:45:00+00:00,0,0.0,0.0,HB303,Clinton St & 7 St,18,2026-07-24,12,45,2026-07-24,-3.0,15,in_bounds
2026-07-24 13:00:00+00:00,0,0.0,0.0,HB303,Clinton St & 7 St,18,2026-07-24,13,0,2026-07-24,-3.0,15,in_bounds
2026-07-24 13:15:00+00:00,0,0.0,0.0,HB303,Clinton St & 7 St,18,2026-07-24,13,15,2026-07-24,-3.0,15,in_bounds
2026-07-24 13:30:00+00:00,0,0.0,0.0,HB303,Clinton St & 7 St,18,2026-07-24,13,30,2026-07-24,-3.0,15,in_bounds
2026-07-24 13:45:00+00:00,0,1.0,1.0,HB303,Clinton St & 7 St,18,2026-07-24,13,45,2026-07-24,-2.0,15,in_bounds
2026-07-24 14:00:00+00:00,2,1.0,-1.0,HB303,Clinton St & 7 St,18,2026-07-24,14,0,2026-07-24,-3.0,15,in_bounds
2026-07-24 14:15:00+00:00,0,2.0,2.0,HB303,Clinton St & 7 St,18,2026-07-24,14,15,2026-07-24,-1.0,15,in_bounds
2026-07-24 14:30:00+00:00,0,0.0,0.0,HB303,Clinton St & 7 St,18,2026-07-24,14,30,2026-07-24,-1.0,15,in_bounds
2026-07-24 14:45:00+00:00,0,0.0,0.0,HB303,Clinton St & 7 St,18,2026-07-24,14,45,2026-07-24,-1.0,15,in_bounds
2026-07-24 15:00:00+00:00,2,0.0,-2.0,HB303,Clinton St & 7 St,18,2026-07-24,15,0,2026-07-24,-3.0,15,in_bounds
2026-07-24 15:15:00+00:00,1,3.0,2.0,HB303,Clinton St & 7 St,18,2026-07-24,15,15,2026-07-24,-1.0,15,in_bounds
2026-07-24 15:30:00+00:00,1,0.0,-1.0,HB303,Clinton St & 7 St,18,2026-07-24,15,30,2026-07-24,-2.0,15,in_bounds
2026-07-24 15:45:00+00:00,2,1.0,-1.0,HB303,Clinton St & 7 St,18,2026-07-24,15,45,2026-07-24,-3.0,15,in_bounds
2026-07-24 16:00:00+00:00,2,1.0,-1.0,HB303,Clinton St & 7 St,18,2026-07-24,16,0,2026-07-24,-4.0,15,in_bounds
2026-07-24 16:15:00+00:00,1,0.0,-1.0,HB303,Clinton St & 7 St,18,2026-07-24,16,15,2026-07-24,-5.0,15,in_bounds
2026-07-24 16:30:00+00:00,0,2.0,2.0,HB303,Clinton St & 7 St,18,2026-07-24,16,30,2026-07-24,-3.0,15,in_bounds
2026-07-24 16:45:00+00:00,0,0.0,0.0,HB303,Clinton St & 7 St,18,2026-07-24,16,45,2026-07-24,-3.0,15,in_bounds
2026-07-24 17:00:00+00:00,1,0.0,-1.0,HB303,Clinton St & 7 St,18,2026-07-24,17,0,2026-07-24,-4.0,15,in_bounds
2026-07-24 17:15:00+00:00,0,1.0,1.0,HB303,Clinton St & 7 St,18,2026-07-24,17,15,2026-07-24,-3.0,15,in_bounds
2026-07-24 17:30:00+00:00,0,1.0,1.0,HB303,Clinton St & 7 St,18,2026-07-24,17,30,2026-07-24,-2.0,15,in_bounds
2026-07-24 17:45:00+00:00,2,1.0,-1.0,HB303,Clinton St & 7 St,18,2026-07-24,17,45,2026-07-24,-3.0,15,in_bounds
2026-07-24 18:00:00+00:00,0,0.0,0.0,HB303,Clinton St & 7 St,18,2026-07-24,18,0,2026-07-24,-3.0,15,in_bounds
2026-07-24 18:15:00+00:00,0,0.0,0.0,HB303,Clinton St & 7 St,18,2026-07-24,18,15,2026-07-24,-3.0,15,in_bounds
2026-07-24 18:30:00+00:00,2,2.0,0.0,HB303,Clinton St & 7 St,18,2026-07-24,18,30,2026-07-24,-3.0,15,in_bounds
2026-07-24 18:45:00+00:00,0,2.0,2.0,HB303,Clinton St & 7 St,18,2026-07-24,18,45,2026-07-24,-1.0,15,in_bounds
2026-07-24 19:00:00+00:00,0,3.0,3.0,HB303,Clinton St & 7 St,18,2026-07-24,19,0,2026-07-24,2.0,15,in_bounds
2026-07-24 19:15:00+00:00,1,1.0,0.0,HB303,Clinton St & 7 St,18,2026-07-24,19,15,2026-07-24,2.0,15,in_bounds
2026-07-24 19:30:00+00:00,3,4.0,1.0,HB303,Clinton St & 7 St,18,2026-07-24,19,30,2026-07-24,3.0,15,in_bounds
2026-07-24 19:45:00+00:00,1,1.0,0.0,HB303,Clinton St & 7 St,18,2026-07-24,19,45,2026-07-24,3.0,15,in_bounds
2026-07-24 20:00:00+00:00,2,2.0,0.0,HB303,Clinton St & 7 St,18,2026-07-24,20,0,2026-07-24,3.0,15,in_bounds
2026-07-24 20:15:00+00:00,0,3.0,3.0,HB303,Clinton St & 7 St,18,2026-07-24,20,15,2026-07-24,6.0,15,over_capacity
2026-07-24 20:30:00+00:00,0,1.0,1.0,HB303,Clinton St & 7 St,18,2026-07-24,20,30,2026-07-24,7.0,15,over_capacity
2026-07-24 20:45:00+00:00,0,0.0,0.0,HB303,Clinton St & 7 St,18,2026-07-24,20,45,2026-07-24,7.0,15,over_capacity
2026-07-24 21:00:00+00:00,1,0.0,-1.0,HB303,Clinton St & 7 St,18,2026-07-24,21,0,2026-07-24,6.0,15,over_capacity
2026-07-24 21:15:00+00:00,1,0.0,-1.0,HB303,Clinton St & 7 St,18,2026-07-24,21,15,2026-07-24,5.0,15,over_capacity
2026-07-24 21:30:00+00:00,3,2.0,-1.0,HB303,Clinton St & 7 St,18,2026-07-24,21,30,2026-07-24,4.0,15,over_capacity
2026-07-24 21:45:00+00:00,1,2.0,1.0,HB303,Clinton St & 7 St,18,2026-07-24,21,45,2026-07-24,5.0,15,over_capacity
2026-07-24 22:00:00+00:00,2,2.0,0.0,HB303,Clinton St & 7 St,18,2026-07-24,22,0,2026-07-24,5.0,15,over_capacity
2026-07-24 22:15:00+00:00,1,3.0,2.0,HB303,Clinton St & 7 St,18,2026-07-24,22,15,2026-07-24,7.0,15,over_capacity
2026-07-24 22:30:00+00:00,0,0.0,0.0,HB303,Clinton St & 7 St,18,2026-07-24,22,30,2026-07-24,7.0,15,over_capacity
2026-07-24 22:45:00+00:00,1,0.0,-1.0,HB303,Clinton St & 7 St,18,2026-07-24,22,45,2026-07-24,6.0,15,over_capacity
2026-07-24 23:00:00+00:00,0,1.0,1.0,HB303,Clinton St & 7 St,18,2026-07-24,23,0,2026-07-24,7.0,15,over_capacity
2026-07-24 23:15:00+00:00,2,1.0,-1.0,HB303,Clinton St & 7 St,18,2026-07-24,23,15,2026-07-24,6.0,15,over_capacity
2026-07-24 23:30:00+00:00,2,0.0,-2.0,HB303,Clinton St & 7 St,18,2026-07-24,23,30,2026-07-24,4.0,15,over_capacity
2026-07-24 23:45:00+00:00,0,0.0,0.0,HB303,Clinton St & 7 St,18,2026-07-24,23,45,2026-07-24,4.0,15,over_capacity
2026-07-25 00:00:00+00:00,0,1.0,1.0,HB303,Clinton St & 7 St,18,2026-07-25,0,0,2026-07-24,5.0,15,over_capacity
2026-07-25 00:15:00+00:00,1,1.0,0.0,HB303,Clinton St & 7 St,18,2026-07-25,0,15,2026-07-24,5.0,15,over_capacity
2026-07-25 00:30:00+00:00,0,0.0,0.0,HB303,Clinton St & 7 St,18,2026-07-25,0,30,2026-07-24,5.0,15,over_capacity
2026-07-25 00:45:00+00:00,1,0.0,-1.0,HB303,Clinton St & 7 St,18,2026-07-25,0,45,2026-07-24,4.0,15,over_capacity
2026-07-25 01:00:00+00:00,0,0.0,0.0,HB303,Clinton St & 7 St,18,2026-07-25,1,0,2026-07-24,4.0,15,over_capacity
2026-07-25 01:15:00+00:00,0,0.0,0.0,HB303,Clinton St & 7 St,18,2026-07-25,1,15,2026-07-24,4.0,15,over_capacity
2026-07-25 01:30:00+00:00,0,0.0,0.0,HB303,Clinton St & 7 St,18,2026-07-25,1,30,2026-07-24,4.0,15,over_capacity
2026-07-25 01:45:00+00:00,0,0.0,0.0,HB303,Clinton St & 7 St,18,2026-07-25,1,45,2026-07-24,4.0,15,over_capacity
2026-07-25 02:00:00+00:00,0,0.0,0.0,HB303,Clinton St & 7 St,18,2026-07-25,2,0,2026-07-24,4.0,15,over_capacity
2026-07-25 02:15:00+00:00,1,0.0,-1.0,HB303,Clinton St & 7 St,18,2026-07-25,2,15,2026-07-24,3.0,15,in_bounds
2026-07-25 02:30:00+00:00,0,2.0,2.0,HB303,Clinton St & 7 St,18,2026-07-25,2,30,2026-07-24,5.0,15,over_capacity
2026-07-25 02:45:00+00:00,0,0.0,0.0,HB303,Clinton St & 7 St,18,2026-07-25,2,45,2026-07-24,5.0,15,over_capacity
2026-07-25 03:00:00+00:00,1,0.0,-1.0,HB303,Clinton St & 7 St,18,2026-07-25,3,0,2026-07-24,4.0,15,over_capacity
2026-07-25 03:15:00+00:00,0,0.0,0.0,HB303,Clinton St & 7 St,18,2026-07-25,3,15,2026-07-24,4.0,15,over_capacity
2026-07-25 03:30:00+00:00,0,0.0,0.0,HB303,Clinton St & 7 St,18,2026-07-25,3,30,2026-07-24,4.0,15,over_capacity
2026-07-25 03:45:00+00:00,1,0.0,-1.0,HB303,Clinton St & 7 St,18,2026-07-25,3,45,2026-07-24,3.0,15,in_bounds
2026-07-25 04:00:00+00:00,0,0.0,0.0,HB303,Clinton St & 7 St,18,2026-07-25,4,0,2026-07-24,3.0,15,in_bounds
2026-07-25 04:15:00+00:00,0,1.0,1.0,HB303,Clinton St & 7 St,18,2026-07-25,4,15,2026-07-24,4.0,15,over_capacity
2026-07-25 04:30:00+00:00,1,0.0,-1.0,HB303,Clinton St & 7 St,18,2026-07-25,4,30,2026-07-24,3.0,15,in_bounds
2026-07-25 04:45:00+00:00,0,0.0,0.0,HB303,Clinton St & 7 St,18,2026-07-25,4,45,2026-07-24,3.0,15,in_bounds
2026-07-25 05:00:00+00:00,0,1.0,1.0,HB303,Clinton St & 7 St,18,2026-07-25,5,0,2026-07-25,1.0,15,in_bounds
2026-07-25 05:15:00+00:00,0,0.0,0.0,HB303,Clinton St & 7 St,18,2026-07-25,5,15,2026-07-25,1.0,15,in_bounds
2026-07-25 05:30:00+00:00,0,0.0,0.0,HB303,Clinton St & 7 St,18,2026-07-25,5,30,2026-07-25,1.0,15,in_bounds
2026-07-25 05:45:00+00:00,1,0.0,-1.0,HB303,Clinton St & 7 St,18,2026-07-25,5,45,2026-07-25,0.0,15,in_bounds
2026-07-25 06:00:00+00:00,0,0.0,0.0,HB303,Clinton St & 7 St,18,2026-07-25,6,0,2026-07-25,0.0,15,in_bounds
2026-07-25 06:15:00+00:00,0,0.0,0.0,HB303,Clinton St & 7 St,18,2026-07-25,6,15,2026-07-25,0.0,15,in_bounds
2026-07-25 06:30:00+00:00,0,0.0,0.0,HB303,Clinton St & 7 St,18,2026-07-25,6,30,2026-07-25,0.0,15,in_bounds
2026-07-25 06:45:00+00:00,0,0.0,0.0,HB303,Clinton St & 7 St,18,2026-07-25,6,45,2026-07-25,0.0,15,in_bounds
2026-07-25 07:00:00+00:00,3,0.0,-3.0,HB303,Clinton St & 7 St,18,2026-07-25,7,0,2026-07-25,-3.0,15,in_bounds
2026-07-25 07:15:00+00:00,0,1.0,1.0,HB303,Clinton St & 7 St,18,2026-07-25,7,15,2026-07-25,-2.0,15,in_bounds
2026-07-25 07:30:00+00:00,1,1.0,0.0,HB303,Clinton St & 7 St,18,2026-07-25,7,30,2026-07-25,-2.0,15,in_bounds
2026-07-25 07:45:00+00:00,0,0.0,0.0,HB303,Clinton St & 7 St,18,2026-07-25,7,45,2026-07-25,-2.0,15,in_bounds
2026-07-25 08:00:00+00:00,0,0.0,0.0,HB303,Clinton St & 7 St,18,2026-07-25,8,0,2026-07-25,-2.0,15,in_bounds
2026-07-25 08:15:00+00:00,0,2.0,2.0,HB303,Clinton St & 7 St,18,2026-07-25,8,15,2026-07-25,0.0,15,in_bounds
2026-07-25 08:30:00+00:00,2,0.0,-2.0,HB303,Clinton St & 7 St,18,2026-07-25,8,30,2026-07-25,-2.0,15,in_bounds
2026-07-25 08:45:00+00:00,1,2.0,1.0,HB303,Clinton St & 7 St,18,2026-07-25,8,45,2026-07-25,-1.0,15,in_bounds
2026-07-25 09:00:00+00:00,1,0.0,-1.0,HB303,Clinton St & 7 St,18,2026-07-25,9,0,2026-07-25,-2.0,15,in_bounds
2026-07-25 09:15:00+00:00,1,0.0,-1.0,HB303,Clinton St & 7 St,18,2026-07-25,9,15,2026-07-25,-3.0,15,in_bounds
2026-07-25 09:30:00+00:00,1,1.0,0.0,HB303,Clinton St & 7 St,18,2026-07-25,9,30,2026-07-25,-3.0,15,in_bounds
2026-07-25 09:45:00+00:00,1,0.0,-1.0,HB303,Clinton St & 7 St,18,2026-07-25,9,45,2026-07-25,-4.0,15,in_bounds
2026-07-25 10:00:00+00:00,1,0.0,-1.0,HB303,Clinton St & 7 St,18,2026-07-25,10,0,2026-07-25,-5.0,15,in_bounds
2026-07-25 10:15:00+00:00,3,1.0,-2.0,HB303,Clinton St & 7 St,18,2026-07-25,10,15,2026-07-25,-7.0,15,in_bounds
2026-07-25 10:30:00+00:00,1,0.0,-1.0,HB303,Clinton St & 7 St,18,2026-07-25,10,30,2026-07-25,-8.0,15,in_bounds
2026-07-25 10:45:00+00:00,1,1.0,0.0,HB303,Clinton St & 7 St,18,2026-07-25,10,45,2026-07-25,-8.0,15,in_bounds
2026-07-25 11:00:00+00:00,0,0.0,0.0,HB303,Clinton St & 7 St,18,2026-07-25,11,0,2026-07-25,-8.0,15,in_bounds
2026-07-25 11:15:00+00:00,1,2.0,1.0,HB303,Clinton St & 7 St,18,2026-07-25,11,15,2026-07-25,-7.0,15,in_bounds
2026-07-25 11:30:00+00:00,2,2.0,0.0,HB303,Clinton St & 7 St,18,2026-07-25,11,30,2026-07-25,-7.0,15,in_bounds
2026-07-25 11:45:00+00:00,0,0.0,0.0,HB303,Clinton St & 7 St,18,2026-07-25,11,45,2026-07-25,-7.0,15,in_bounds
2026-07-25 12:00:00+00:00,1,0.0,-1.0,HB303,Clinton St & 7 St,18,2026-07-25,12,0,2026-07-25,-8.0,15,in_bounds
2026-07-25 12:15:00+00:00,1,1.0,0.0,HB303,Clinton St & 7 St,18,2026-07-25,12,15,2026-07-25,-8.0,15,in_bounds
2026-07-25 12:30:00+00:00,1,1.0,0.0,HB303,Clinton St & 7 St,18,2026-07-25,12,30,2026-07-25,-8.0,15,in_bounds
2026-07-25 12:45:00+00:00,0,1.0,1.0,HB303,Clinton St & 7 St,18,2026-07-25,12,45,2026-07-25,-7.0,15,in_bounds
2026-07-25 13:00:00+00:00,1,0.0,-1.0,HB303,Clinton St & 7 St,18,2026-07-25,13,0,2026-07-25,-8.0,15,in_bounds
2026-07-25 13:15:00+00:00,1,1.0,0.0,HB303,Clinton St & 7 St,18,2026-07-25,13,15,2026-07-25,-8.0,15,in_bounds
2026-07-25 13:30:00+00:00,0,1.0,1.0,HB303,Clinton St & 7 St,18,2026-07-25,13,30,2026-07-25,-7.0,15,in_bounds
2026-07-25 13:45:00+00:00,0,1.0,1.0,HB303,Clinton St & 7 St,18,2026-07-25,13,45,2026-07-25,-6.0,15,in_bounds
2026-07-25 14:00:00+00:00,0,1.0,1.0,HB303,Clinton St & 7 St,18,2026-07-25,14,0,2026-07-25,-5.0,15,in_bounds
2026-07-25 14:15:00+00:00,4,0.0,-4.0,HB303,Clinton St & 7 St,18,2026-07-25,14,15,2026-07-25,-9.0,15,in_bounds
2026-07-25 14:30:00+00:00,2,0.0,-2.0,HB303,Clinton St & 7 St,18,2026-07-25,14,30,2026-07-25,-11.0,15,in_bounds
2026-07-25 14:45:00+00:00,0,2.0,2.0,HB303,Clinton St & 7 St,18,2026-07-25,14,45,2026-07-25,-9.0,15,in_bounds
2026-07-25 15:00:00+00:00,3,1.0,-2.0,HB303,Clinton St & 7 St,18,2026-07-25,15,0,2026-07-25,-11.0,15,in_bounds
2026-07-25 15:15:00+00:00,0,0.0,0.0,HB303,Clinton St & 7 St,18,2026-07-25,15,15,2026-07-25,-11.0,15,in_bounds
2026-07-25 15:30:00+00:00,0,0.0,0.0,HB303,Clinton St & 7 St,18,2026-07-25,15,30,2026-07-25,-11.0,15,in_bounds
2026-07-25 15:45:00+00:00,0,0.0,0.0,HB303,Clinton St & 7 St,18,2026-07-25,15,45,2026-07-25,-11.0,15,in_bounds
2026-07-25 16:00:00+00:00,1,0.0,-1.0,HB303,Clinton St & 7 St,18,2026-07-25,16,0,2026-07-25,-12.0,15,in_bounds
2026-07-25 16:15:00+00:00,0,0.0,0.0,HB303,Clinton St & 7 St,18,2026-07-25,16,15,2026-07-25,-12.0,15,in_bounds
2026-07-25 16:30:00+00:00,0,0.0,0.0,HB303,Clinton St & 7 St,18,2026-07-25,16,30,2026-07-25,-12.0,15,in_bounds
2026-07-25 16:45:00+00:00,1,1.0,0.0,HB303,Clinton St & 7 St,18,2026-07-25,16,45,2026-07-25,-12.0,15,in_bounds
2026-07-25 17:00:00+00:00,1,1.0,0.0,HB303,Clinton St & 7 St,18,2026-07-25,17,0,2026-07-25,-12.0,15,in_bounds
2026-07-25 17:15:00+00:00,0,7.0,7.0,HB303,Clinton St & 7 St,18,2026-07-25,17,15,2026-07-25,-5.0,15,in_bounds
2026-07-25 17:30:00+00:00,2,2.0,0.0,HB303,Clinton St & 7 St,18,2026-07-25,17,30,2026-07-25,-5.0,15,in_bounds
2026-07-25 17:45:00+00:00,3,1.0,-2.0,HB303,Clinton St & 7 St,18,2026-07-25,17,45,2026-07-25,-7.0,15,in_bounds
2026-07-25 18:00:00+00:00,0,2.0,2.0,HB303,Clinton St & 7 St,18,2026-07-25,18,0,2026-07-25,-5.0,15,in_bounds
2026-07-25 18:15:00+00:00,0,0.0,0.0,HB303,Clinton St & 7 St,18,2026-07-25,18,15,2026-07-25,-5.0,15,in_bounds
2026-07-25 18:30:00+00:00,0,2.0,2.0,HB303,Clinton St & 7 St,18,2026-07-25,18,30,2026-07-25,-3.0,15,in_bounds
2026-07-25 18:45:00+00:00,0,0.0,0.0,HB303,Clinton St & 7 St,18,2026-07-25,18,45,2026-07-25,-3.0,15,in_bounds
2026-07-25 19:00:00+00:00,0,1.0,1.0,HB303,Clinton St & 7 St,18,2026-07-25,19,0,2026-07-25,-2.0,15,in_bounds
2026-07-25 19:15:00+00:00,0,1.0,1.0,HB303,Clinton St & 7 St,18,2026-07-25,19,15,2026-07-25,-1.0,15,in_bounds
2026-07-25 19:30:00+00:00,2,2.0,0.0,HB303,Clinton St & 7 St,18,2026-07-25,19,30,2026-07-25,-1.0,15,in_bounds
2026-07-25 19:45:00+00:00,2,0.0,-2.0,HB303,Clinton St & 7 St,18,2026-07-25,19,45,2026-07-25,-3.0,15,in_bounds
2026-07-25 20:00:00+00:00,1,3.0,2.0,HB303,Clinton St & 7 St,18,2026-07-25,20,0,2026-07-25,-1.0,15,in_bounds
2026-07-25 20:15:00+00:00,0,2.0,2.0,HB303,Clinton St & 7 St,18,2026-07-25,20,15,2026-07-25,1.0,15,in_bounds
2026-07-25 20:30:00+00:00,0,4.0,4.0,HB303,Clinton St & 7 St,18,2026-07-25,20,30,2026-07-25,5.0,15,over_capacity
2026-07-25 20:45:00+00:00,0,0.0,0.0,HB303,Clinton St & 7 St,18,2026-07-25,20,45,2026-07-25,5.0,15,over_capacity
2026-07-25 21:00:00+00:00,0,0.0,0.0,HB303,Clinton St & 7 St,18,2026-07-25,21,0,2026-07-25,5.0,15,over_capacity
2026-07-25 21:15:00+00:00,1,1.0,0.0,HB303,Clinton St & 7 St,18,2026-07-25,21,15,2026-07-25,5.0,15,over_capacity
2026-07-25 21:30:00+00:00,0,0.0,0.0,HB303,Clinton St & 7 St,18,2026-07-25,21,30,2026-07-25,5.0,15,over_capacity
2026-07-25 21:45:00+00:00,1,0.0,-1.0,HB303,Clinton St & 7 St,18,2026-07-25,21,45,2026-07-25,4.0,15,over_capacity
2026-07-25 22:00:00+00:00,1,2.0,1.0,HB303,Clinton St & 7 St,18,2026-07-25,22,0,2026-07-25,5.0,15,over_capacity
2026-07-25 22:15:00+00:00,2,0.0,-2.0,HB303,Clinton St & 7 St,18,2026-07-25,22,15,2026-07-25,3.0,15,in_bounds
2026-07-25 22:30:00+00:00,0,1.0,1.0,HB303,Clinton St & 7 St,18,2026-07-25,22,30,2026-07-25,4.0,15,over_capacity
2026-07-25 22:45:00+00:00,2,0.0,-2.0,HB303,Clinton St & 7 St,18,2026-07-25,22,45,2026-07-25,2.0,15,in_bounds
2026-07-25 23:00:00+00:00,2,0.0,-2.0,HB303,Clinton St & 7 St,18,2026-07-25,23,0,2026-07-25,0.0,15,in_bounds
2026-07-25 23:15:00+00:00,2,1.0,-1.0,HB303,Clinton St & 7 St,18,2026-07-25,23,15,2026-07-25,-1.0,15,in_bounds
2026-07-25 23:30:00+00:00,1,0.0,-1.0,HB303,Clinton St & 7 St,18,2026-07-25,23,30,2026-07-25,-2.0,15,in_bounds
2026-07-25 23:45:00+00:00,1,0.0,-1.0,HB303,Clinton St & 7 St,18,2026-07-25,23,45,2026-07-25,-3.0,15,in_bounds
2026-07-26 00:00:00+00:00,1,0.0,-1.0,HB303,Clinton St & 7 St,18,2026-07-26,0,0,2026-07-25,-4.0,15,in_bounds
2026-07-26 00:15:00+00:00,0,0.0,0.0,HB303,Clinton St & 7 St,18,2026-07-26,0,15,2026-07-25,-4.0,15,in_bounds
2026-07-26 00:30:00+00:00,1,0.0,-1.0,HB303,Clinton St & 7 St,18,2026-07-26,0,30,2026-07-25,-5.0,15,in_bounds
2026-07-26 00:45:00+00:00,0,0.0,0.0,HB303,Clinton St & 7 St,18,2026-07-26,0,45,2026-07-25,-5.0,15,in_bounds
2026-07-26 01:00:00+00:00,0,0.0,0.0,HB303,Clinton St & 7 St,18,2026-07-26,1,0,2026-07-25,-5.0,15,in_bounds
2026-07-26 01:15:00+00:00,0,0.0,0.0,HB303,Clinton St & 7 St,18,2026-07-26,1,15,2026-07-25,-5.0,15,in_bounds
2026-07-26 01:30:00+00:00,0,0.0,0.0,HB303,Clinton St & 7 St,18,2026-07-26,1,30,2026-07-25,-5.0,15,in_bounds
2026-07-26 01:45:00+00:00,0,1.0,1.0,HB303,Clinton St & 7 St,18,2026-07-26,1,45,2026-07-25,-4.0,15,in_bounds
2026-07-26 02:00:00+00:00,1,0.0,-1.0,HB303,Clinton St & 7 St,18,2026-07-26,2,0,2026-07-25,-5.0,15,in_bounds
2026-07-26 02:15:00+00:00,1,2.0,1.0,HB303,Clinton St & 7 St,18,2026-07-26,2,15,2026-07-25,-4.0,15,in_bounds
2026-07-26 02:30:00+00:00,0,0.0,0.0,HB303,Clinton St & 7 St,18,2026-07-26,2,30,2026-07-25,-4.0,15,in_bounds
2026-07-26 02:45:00+00:00,0,1.0,1.0,HB303,Clinton St & 7 St,18,2026-07-26,2,45,2026-07-25,-3.0,15,in_bounds
2026-07-26 03:00:00+00:00,0,1.0,1.0,HB303,Clinton St & 7 St,18,2026-07-26,3,0,2026-07-25,-2.0,15,in_bounds
2026-07-26 03:15:00+00:00,0,0.0,0.0,HB303,Clinton St & 7 St,18,2026-07-26,3,15,2026-07-25,-2.0,15,in_bounds
2026-07-26 03:30:00+00:00,0,0.0,0.0,HB303,Clinton St & 7 St,18,2026-07-26,3,30,2026-07-25,-2.0,15,in_bounds
2026-07-26 03:45:00+00:00,0,0.0,0.0,HB303,Clinton St & 7 St,18,2026-07-26,3,45,2026-07-25,-2.0,15,in_bounds
2026-07-26 04:00:00+00:00,0,0.0,0.0,HB303,Clinton St & 7 St,18,2026-07-26,4,0,2026-07-25,-2.0,15,in_bounds
2026-07-26 04:15:00+00:00,0,0.0,0.0,HB303,Clinton St & 7 St,18,2026-07-26,4,15,2026-07-25,-2.0,15,in_bounds
2026-07-26 04:30:00+00:00,0,0.0,0.0,HB303,Clinton St & 7 St,18,2026-07-26,4,30,2026-07-25,-2.0,15,in_bounds
2026-07-26 04:45:00+00:00,0,0.0,0.0,HB303,Clinton St & 7 St,18,2026-07-26,4,45,2026-07-25,-2.0,15,in_bounds
2026-07-26 05:00:00+00:00,0,0.0,0.0,HB303,Clinton St & 7 St,18,2026-07-26,5,0,2026-07-26,0.0,15,in_bounds
2026-07-26 05:15:00+00:00,0,0.0,0.0,HB303,Clinton St & 7 St,18,2026-07-26,5,15,2026-07-26,0.0,15,in_bounds
2026-07-26 05:30:00+00:00,0,0.0,0.0,HB303,Clinton St & 7 St,18,2026-07-26,5,30,2026-07-26,0.0,15,in_bounds
2026-07-26 05:45:00+00:00,0,0.0,0.0,HB303,Clinton St & 7 St,18,2026-07-26,5,45,2026-07-26,0.0,15,in_bounds
2026-07-26 06:00:00+00:00,0,0.0,0.0,HB303,Clinton St & 7 St,18,2026-07-26,6,0,2026-07-26,0.0,15,in_bounds
2026-07-26 06:15:00+00:00,0,0.0,0.0,HB303,Clinton St & 7 St,18,2026-07-26,6,15,2026-07-26,0.0,15,in_bounds
2026-07-26 06:30:00+00:00,1,0.0,-1.0,HB303,Clinton St & 7 St,18,2026-07-26,6,30,2026-07-26,-1.0,15,in_bounds
2026-07-26 06:45:00+00:00,0,0.0,0.0,HB303,Clinton St & 7 St,18,2026-07-26,6,45,2026-07-26,-1.0,15,in_bounds
2026-07-26 07:00:00+00:00,0,0.0,0.0,HB303,Clinton St & 7 St,18,2026-07-26,7,0,2026-07-26,-1.0,15,in_bounds
2026-07-26 07:15:00+00:00,0,0.0,0.0,HB303,Clinton St & 7 St,18,2026-07-26,7,15,2026-07-26,-1.0,15,in_bounds
2026-07-26 07:30:00+00:00,1,0.0,-1.0,HB303,Clinton St & 7 St,18,2026-07-26,7,30,2026-07-26,-2.0,15,in_bounds
2026-07-26 07:45:00+00:00,2,1.0,-1.0,HB303,Clinton St & 7 St,18,2026-07-26,7,45,2026-07-26,-3.0,15,in_bounds
2026-07-26 08:00:00+00:00,1,0.0,-1.0,HB303,Clinton St & 7 St,18,2026-07-26,8,0,2026-07-26,-4.0,15,in_bounds
2026-07-26 08:15:00+00:00,0,0.0,0.0,HB303,Clinton St & 7 St,18,2026-07-26,8,15,2026-07-26,-4.0,15,in_bounds
2026-07-26 08:30:00+00:00,0,0.0,0.0,HB303,Clinton St & 7 St,18,2026-07-26,8,30,2026-07-26,-4.0,15,in_bounds
2026-07-26 08:45:00+00:00,1,2.0,1.0,HB303,Clinton St & 7 St,18,2026-07-26,8,45,2026-07-26,-3.0,15,in_bounds
2026-07-26 09:00:00+00:00,0,0.0,0.0,HB303,Clinton St & 7 St,18,2026-07-26,9,0,2026-07-26,-3.0,15,in_bounds
2026-07-26 09:15:00+00:00,2,0.0,-2.0,HB303,Clinton St & 7 St,18,2026-07-26,9,15,2026-07-26,-5.0,15,in_bounds
2026-07-26 09:30:00+00:00,2,0.0,-2.0,HB303,Clinton St & 7 St,18,2026-07-26,9,30,2026-07-26,-7.0,15,in_bounds
2026-07-26 09:45:00+00:00,0,1.0,1.0,HB303,Clinton St & 7 St,18,2026-07-26,9,45,2026-07-26,-6.0,15,in_bounds
2026-07-26 10:00:00+00:00,3,0.0,-3.0,HB303,Clinton St & 7 St,18,2026-07-26,10,0,2026-07-26,-9.0,15,in_bounds
2026-07-26 10:15:00+00:00,0,0.0,0.0,HB303,Clinton St & 7 St,18,2026-07-26,10,15,2026-07-26,-9.0,15,in_bounds
2026-07-26 10:30:00+00:00,0,3.0,3.0,HB303,Clinton St & 7 St,18,2026-07-26,10,30,2026-07-26,-6.0,15,in_bounds
2026-07-26 10:45:00+00:00,1,0.0,-1.0,HB303,Clinton St & 7 St,18,2026-07-26,10,45,2026-07-26,-7.0,15,in_bounds
2026-07-26 11:00:00+00:00,1,1.0,0.0,HB303,Clinton St & 7 St,18,2026-07-26,11,0,2026-07-26,-7.0,15,in_bounds
2026-07-26 11:15:00+00:00,0,1.0,1.0,HB303,Clinton St & 7 St,18,2026-07-26,11,15,2026-07-26,-6.0,15,in_bounds
2026-07-26 11:30:00+00:00,2,0.0,-2.0,HB303,Clinton St & 7 St,18,2026-07-26,11,30,2026-07-26,-8.0,15,in_bounds
2026-07-26 11:45:00+00:00,0,0.0,0.0,HB303,Clinton St & 7 St,18,2026-07-26,11,45,2026-07-26,-8.0,15,in_bounds
2026-07-26 12:00:00+00:00,0,0.0,0.0,HB303,Clinton St & 7 St,18,2026-07-26,12,0,2026-07-26,-8.0,15,in_bounds
2026-07-26 12:15:00+00:00,0,3.0,3.0,HB303,Clinton St & 7 St,18,2026-07-26,12,15,2026-07-26,-5.0,15,in_bounds
2026-07-26 12:30:00+00:00,1,0.0,-1.0,HB303,Clinton St & 7 St,18,2026-07-26,12,30,2026-07-26,-6.0,15,in_bounds
2026-07-26 12:45:00+00:00,0,0.0,0.0,HB303,Clinton St & 7 St,18,2026-07-26,12,45,2026-07-26,-6.0,15,in_bounds
2026-07-26 13:00:00+00:00,0,4.0,4.0,HB303,Clinton St & 7 St,18,2026-07-26,13,0,2026-07-26,-2.0,15,in_bounds
2026-07-26 13:15:00+00:00,0,0.0,0.0,HB303,Clinton St & 7 St,18,2026-07-26,13,15,2026-07-26,-2.0,15,in_bounds
2026-07-26 13:30:00+00:00,0,0.0,0.0,HB303,Clinton St & 7 St,18,2026-07-26,13,30,2026-07-26,-2.0,15,in_bounds
2026-07-26 13:45:00+00:00,1,2.0,1.0,HB303,Clinton St & 7 St,18,2026-07-26,13,45,2026-07-26,-1.0,15,in_bounds
2026-07-26 14:00:00+00:00,1,3.0,2.0,HB303,Clinton St & 7 St,18,2026-07-26,14,0,2026-07-26,1.0,15,in_bounds
2026-07-26 14:15:00+00:00,5,0.0,-5.0,HB303,Clinton St & 7 St,18,2026-07-26,14,15,2026-07-26,-4.0,15,in_bounds
2026-07-26 14:30:00+00:00,2,1.0,-1.0,HB303,Clinton St & 7 St,18,2026-07-26,14,30,2026-07-26,-5.0,15,in_bounds
2026-07-26 14:45:00+00:00,0,2.0,2.0,HB303,Clinton St & 7 St,18,2026-07-26,14,45,2026-07-26,-3.0,15,in_bounds
2026-07-26 15:00:00+00:00,2,0.0,-2.0,HB303,Clinton St & 7 St,18,2026-07-26,15,0,2026-07-26,-5.0,15,in_bounds
2026-07-26 15:15:00+00:00,0,1.0,1.0,HB303,Clinton St & 7 St,18,2026-07-26,15,15,2026-07-26,-4.0,15,in_bounds
2026-07-26 15:30:00+00:00,1,2.0,1.0,HB303,Clinton St & 7 St,18,2026-07-26,15,30,2026-07-26,-3.0,15,in_bounds
2026-07-26 15:45:00+00:00,2,2.0,0.0,HB303,Clinton St & 7 St,18,2026-07-26,15,45,2026-07-26,-3.0,15,in_bounds
2026-07-26 16:00:00+00:00,0,1.0,1.0,HB303,Clinton St & 7 St,18,2026-07-26,16,0,2026-07-26,-2.0,15,in_bounds
2026-07-26 16:15:00+00:00,3,3.0,0.0,HB303,Clinton St & 7 St,18,2026-07-26,16,15,2026-07-26,-2.0,15,in_bounds
2026-07-26 16:30:00+00:00,2,0.0,-2.0,HB303,Clinton St & 7 St,18,2026-07-26,16,30,2026-07-26,-4.0,15,in_bounds
2026-07-26 16:45:00+00:00,0,0.0,0.0,HB303,Clinton St & 7 St,18,2026-07-26,16,45,2026-07-26,-4.0,15,in_bounds
2026-07-26 17:00:00+00:00,0,1.0,1.0,HB303,Clinton St & 7 St,18,2026-07-26,17,0,2026-07-26,-3.0,15,in_bounds
2026-07-26 17:15:00+00:00,1,0.0,-1.0,HB303,Clinton St & 7 St,18,2026-07-26,17,15,2026-07-26,-4.0,15,in_bounds
2026-07-26 17:30:00+00:00,0,1.0,1.0,HB303,Clinton St & 7 St,18,2026-07-26,17,30,2026-07-26,-3.0,15,in_bounds
2026-07-26 17:45:00+00:00,1,5.0,4.0,HB303,Clinton St & 7 St,18,2026-07-26,17,45,2026-07-26,1.0,15,in_bounds
2026-07-26 18:00:00+00:00,3,1.0,-2.0,HB303,Clinton St & 7 St,18,2026-07-26,18,0,2026-07-26,-1.0,15,in_bounds
2026-07-26 18:15:00+00:00,0,1.0,1.0,HB303,Clinton St & 7 St,18,2026-07-26,18,15,2026-07-26,0.0,15,in_bounds
2026-07-26 18:30:00+00:00,2,0.0,-2.0,HB303,Clinton St & 7 St,18,2026-07-26,18,30,2026-07-26,-2.0,15,in_bounds
2026-07-26 18:45:00+00:00,2,2.0,0.0,HB303,Clinton St & 7 St,18,2026-07-26,18,45,2026-07-26,-2.0,15,in_bounds
2026-07-26 19:00:00+00:00,1,4.0,3.0,HB303,Clinton St & 7 St,18,2026-07-26,19,0,2026-07-26,1.0,15,in_bounds
2026-07-26 19:15:00+00:00,1,2.0,1.0,HB303,Clinton St & 7 St,18,2026-07-26,19,15,2026-07-26,2.0,15,in_bounds
2026-07-26 19:30:00+00:00,2,1.0,-1.0,HB303,Clinton St & 7 St,18,2026-07-26,19,30,2026-07-26,1.0,15,in_bounds
2026-07-26 19:45:00+00:00,0,1.0,1.0,HB303,Clinton St & 7 St,18,2026-07-26,19,45,2026-07-26,2.0,15,in_bounds
2026-07-26 20:00:00+00:00,0,2.0,2.0,HB303,Clinton St & 7 St,18,2026-07-26,20,0,2026-07-26,4.0,15,over_capacity
2026-07-26 20:15:00+00:00,2,3.0,1.0,HB303,Clinton St & 7 St,18,2026-07-26,20,15,2026-07-26,5.0,15,over_capacity
2026-07-26 20:30:00+00:00,1,0.0,-1.0,HB303,Clinton St & 7 St,18,2026-07-26,20,30,2026-07-26,4.0,15,over_capacity
2026-07-26 20:45:00+00:00,1,1.0,0.0,HB303,Clinton St & 7 St,18,2026-07-26,20,45,2026-07-26,4.0,15,over_capacity
2026-07-26 21:00:00+00:00,0,0.0,0.0,HB303,Clinton St & 7 St,18,2026-07-26,21,0,2026-07-26,4.0,15,over_capacity
2026-07-26 21:15:00+00:00,1,1.0,0.0,HB303,Clinton St & 7 St,18,2026-07-26,21,15,2026-07-26,4.0,15,over_capacity
2026-07-26 21:30:00+00:00,2,0.0,-2.0,HB303,Clinton St & 7 St,18,2026-07-26,21,30,2026-07-26,2.0,15,in_bounds
2026-07-26 21:45:00+00:00,0,1.0,1.0,HB303,Clinton St & 7 St,18,2026-07-26,21,45,2026-07-26,3.0,15,in_bounds
2026-07-26 22:00:00+00:00,0,0.0,0.0,HB303,Clinton St & 7 St,18,2026-07-26,22,0,2026-07-26,3.0,15,in_bounds
2026-07-26 22:15:00+00:00,0,0.0,0.0,HB303,Clinton St & 7 St,18,2026-07-26,22,15,2026-07-26,3.0,15,in_bounds
2026-07-26 22:30:00+00:00,0,0.0,0.0,HB303,Clinton St & 7 St,18,2026-07-26,22,30,2026-07-26,3.0,15,in_bounds
2026-07-26 22:45:00+00:00,0,0.0,0.0,HB303,Clinton St & 7 St,18,2026-07-26,22,45,2026-07-26,3.0,15,in_bounds
2026-07-26 23:00:00+00:00,1,1.0,0.0,HB303,Clinton St & 7 St,18,2026-07-26,23,0,2026-07-26,3.0,15,in_bounds
2026-07-26 23:15:00+00:00,1,0.0,-1.0,HB303,Clinton St & 7 St,18,2026-07-26,23,15,2026-07-26,2.0,15,in_bounds
2026-07-26 23:30:00+00:00,0,0.0,0.0,HB303,Clinton St & 7 St,18,2026-07-26,23,30,2026-07-26,2.0,15,in_bounds
2026-07-26 23:45:00+00:00,0,0.0,0.0,HB303,Clinton St & 7 St,18,2026-07-26,23,45,2026-07-26,2.0,15,in_bounds
2026-07-27 00:00:00+00:00,0,0.0,0.0,HB303,Clinton St & 7 St,18,2026-07-27,0,0,2026-07-26,2.0,15,in_bounds
2026-07-27 00:15:00+00:00,0,0.0,0.0,HB303,Clinton St & 7 St,18,2026-07-27,0,15,2026-07-26,2.0,15,in_bounds
2026-07-27 00:30:00+00:00,0,0.0,0.0,HB303,Clinton St & 7 St,18,2026-07-27,0,30,2026-07-26,2.0,15,in_bounds
2026-07-27 00:45:00+00:00,0,0.0,0.0,HB303,Clinton St & 7 St,18,2026-07-27,0,45,2026-07-26,2.0,15,in_bounds
2026-07-27 01:00:00+00:00,0,0.0,0.0,HB303,Clinton St & 7 St,18,2026-07-27,1,0,2026-07-26,2.0,15,in_bounds
2026-07-27 01:15:00+00:00,0,0.0,0.0,HB303,Clinton St & 7 St,18,2026-07-27,1,15,2026-07-26,2.0,15,in_bounds
2026-07-27 01:30:00+00:00,0,0.0,0.0,HB303,Clinton St & 7 St,18,2026-07-27,1,30,2026-07-26,2.0,15,in_bounds
2026-07-27 01:45:00+00:00,0,1.0,1.0,HB303,Clinton St & 7 St,18,2026-07-27,1,45,2026-07-26,3.0,15,in_bounds
2026-07-27 02:00:00+00:00,0,1.0,1.0,HB303,Clinton St & 7 St,18,2026-07-27,2,0,2026-07-26,4.0,15,over_capacity
2026-07-27 02:15:00+00:00,0,0.0,0.0,HB303,Clinton St & 7 St,18,2026-07-27,2,15,2026-07-26,4.0,15,over_capacity
2026-07-27 02:30:00+00:00,0,0.0,0.0,HB303,Clinton St & 7 St,18,2026-07-27,2,30,2026-07-26,4.0,15,over_capacity
2026-07-27 02:45:00+00:00,0,0.0,0.0,HB303,Clinton St & 7 St,18,2026-07-27,2,45,2026-07-26,4.0,15,over_capacity
2026-07-27 03:00:00+00:00,0,0.0,0.0,HB303,Clinton St & 7 St,18,2026-07-27,3,0,2026-07-26,4.0,15,over_capacity
2026-07-27 03:15:00+00:00,0,0.0,0.0,HB303,Clinton St & 7 St,18,2026-07-27,3,15,2026-07-26,4.0,15,over_capacity
2026-07-27 03:30:00+00:00,0,0.0,0.0,HB303,Clinton St & 7 St,18,2026-07-27,3,30,2026-07-26,4.0,15,over_capacity
2026-07-27 03:45:00+00:00,0,0.0,0.0,HB303,Clinton St & 7 St,18,2026-07-27,3,45,2026-07-26,4.0,15,over_capacity
2026-07-27 04:00:00+00:00,0,0.0,0.0,HB303,Clinton St & 7 St,18,2026-07-27,4,0,2026-07-26,4.0,15,over_capacity
2026-07-27 04:15:00+00:00,0,0.0,0.0,HB303,Clinton St & 7 St,18,2026-07-27,4,15,2026-07-26,4.0,15,over_capacity
2026-07-27 04:30:00+00:00,0,0.0,0.0,HB303,Clinton St & 7 St,18,2026-07-27,4,30,2026-07-26,4.0,15,over_capacity
2026-07-27 04:45:00+00:00,0,0.0,0.0,HB303,Clinton St & 7 St,18,2026-07-27,4,45,2026-07-26,4.0,15,over_capacity
2026-07-27 05:00:00+00:00,0,1.0,1.0,HB303,Clinton St & 7 St,18,2026-07-27,5,0,2026-07-27,1.0,15,in_bounds
2026-07-27 05:15:00+00:00,0,0.0,0.0,HB303,Clinton St & 7 St,18,2026-07-27,5,15,2026-07-27,1.0,15,in_bounds
2026-07-27 05:30:00+00:00,2,0.0,-2.0,HB303,Clinton St & 7 St,18,2026-07-27,5,30,2026-07-27,-1.0,15,in_bounds
2026-07-27 05:45:00+00:00,0,0.0,0.0,HB303,Clinton St & 7 St,18,2026-07-27,5,45,2026-07-27,-1.0,15,in_bounds
2026-07-27 06:00:00+00:00,0,0.0,0.0,HB303,Clinton St & 7 St,18,2026-07-27,6,0,2026-07-27,-1.0,15,in_bounds
2026-07-27 06:15:00+00:00,2,0.0,-2.0,HB303,Clinton St & 7 St,18,2026-07-27,6,15,2026-07-27,-3.0,15,in_bounds
2026-07-27 06:30:00+00:00,1,1.0,0.0,HB303,Clinton St & 7 St,18,2026-07-27,6,30,2026-07-27,-3.0,15,in_bounds
2026-07-27 06:45:00+00:00,2,0.0,-2.0,HB303,Clinton St & 7 St,18,2026-07-27,6,45,2026-07-27,-5.0,15,in_bounds
2026-07-27 07:00:00+00:00,0,0.0,0.0,HB303,Clinton St & 7 St,18,2026-07-27,7,0,2026-07-27,-5.0,15,in_bounds
2026-07-27 07:15:00+00:00,0,0.0,0.0,HB303,Clinton St & 7 St,18,2026-07-27,7,15,2026-07-27,-5.0,15,in_bounds
2026-07-27 07:30:00+00:00,1,2.0,1.0,HB303,Clinton St & 7 St,18,2026-07-27,7,30,2026-07-27,-4.0,15,in_bounds
2026-07-27 07:45:00+00:00,3,0.0,-3.0,HB303,Clinton St & 7 St,18,2026-07-27,7,45,2026-07-27,-7.0,15,in_bounds
2026-07-27 08:00:00+00:00,6,2.0,-4.0,HB303,Clinton St & 7 St,18,2026-07-27,8,0,2026-07-27,-11.0,15,in_bounds
2026-07-27 08:15:00+00:00,3,2.0,-1.0,HB303,Clinton St & 7 St,18,2026-07-27,8,15,2026-07-27,-12.0,15,in_bounds
2026-07-27 08:30:00+00:00,2,0.0,-2.0,HB303,Clinton St & 7 St,18,2026-07-27,8,30,2026-07-27,-14.0,15,in_bounds
2026-07-27 08:45:00+00:00,0,3.0,3.0,HB303,Clinton St & 7 St,18,2026-07-27,8,45,2026-07-27,-11.0,15,in_bounds
2026-07-27 09:00:00+00:00,0,3.0,3.0,HB303,Clinton St & 7 St,18,2026-07-27,9,0,2026-07-27,-8.0,15,in_bounds
2026-07-27 09:15:00+00:00,2,0.0,-2.0,HB303,Clinton St & 7 St,18,2026-07-27,9,15,2026-07-27,-10.0,15,in_bounds
2026-07-27 09:30:00+00:00,0,0.0,0.0,HB303,Clinton St & 7 St,18,2026-07-27,9,30,2026-07-27,-10.0,15,in_bounds
2026-07-27 09:45:00+00:00,0,0.0,0.0,HB303,Clinton St & 7 St,18,2026-07-27,9,45,2026-07-27,-10.0,15,in_bounds
2026-07-27 10:00:00+00:00,0,0.0,0.0,HB303,Clinton St & 7 St,18,2026-07-27,10,0,2026-07-27,-10.0,15,in_bounds
2026-07-27 10:15:00+00:00,1,0.0,-1.0,HB303,Clinton St & 7 St,18,2026-07-27,10,15,2026-07-27,-11.0,15,in_bounds
2026-07-27 10:30:00+00:00,0,0.0,0.0,HB303,Clinton St & 7 St,18,2026-07-27,10,30,2026-07-27,-11.0,15,in_bounds
2026-07-27 10:45:00+00:00,0,0.0,0.0,HB303,Clinton St & 7 St,18,2026-07-27,10,45,2026-07-27,-11.0,15,in_bounds
2026-07-27 11:00:00+00:00,0,0.0,0.0,HB303,Clinton St & 7 St,18,2026-07-27,11,0,2026-07-27,-11.0,15,in_bounds
2026-07-27 11:15:00+00:00,0,0.0,0.0,HB303,Clinton St & 7 St,18,2026-07-27,11,15,2026-07-27,-11.0,15,in_bounds
2026-07-27 11:30:00+00:00,0,0.0,0.0,HB303,Clinton St & 7 St,18,2026-07-27,11,30,2026-07-27,-11.0,15,in_bounds
2026-07-27 11:45:00+00:00,1,1.0,0.0,HB303,Clinton St & 7 St,18,2026-07-27,11,45,2026-07-27,-11.0,15,in_bounds
2026-07-27 12:00:00+00:00,0,0.0,0.0,HB303,Clinton St & 7 St,18,2026-07-27,12,0,2026-07-27,-11.0,15,in_bounds
2026-07-27 12:15:00+00:00,1,0.0,-1.0,HB303,Clinton St & 7 St,18,2026-07-27,12,15,2026-07-27,-12.0,15,in_bounds
2026-07-27 12:30:00+00:00,0,0.0,0.0,HB303,Clinton St & 7 St,18,2026-07-27,12,30,2026-07-27,-12.0,15,in_bounds
2026-07-27 12:45:00+00:00,1,0.0,-1.0,HB303,Clinton St & 7 St,18,2026-07-27,12,45,2026-07-27,-13.0,15,in_bounds
2026-07-27 13:00:00+00:00,0,0.0,0.0,HB303,Clinton St & 7 St,18,2026-07-27,13,0,2026-07-27,-13.0,15,in_bounds
2026-07-27 13:15:00+00:00,0,0.0,0.0,HB303,Clinton St & 7 St,18,2026-07-27,13,15,2026-07-27,-13.0,15,in_bounds
2026-07-27 13:30:00+00:00,1,1.0,0.0,HB303,Clinton St & 7 St,18,2026-07-27,13,30,2026-07-27,-13.0,15,in_bounds
2026-07-27 13:45:00+00:00,0,0.0,0.0,HB303,Clinton St & 7 St,18,2026-07-27,13,45,2026-07-27,-13.0,15,in_bounds
2026-07-27 14:00:00+00:00,0,0.0,0.0,HB303,Clinton St & 7 St,18,2026-07-27,14,0,2026-07-27,-13.0,15,in_bounds
2026-07-27 14:15:00+00:00,0,2.0,2.0,HB303,Clinton St & 7 St,18,2026-07-27,14,15,2026-07-27,-11.0,15,in_bounds
2026-07-27 14:30:00+00:00,0,1.0,1.0,HB303,Clinton St & 7 St,18,2026-07-27,14,30,2026-07-27,-10.0,15,in_bounds
2026-07-27 14:45:00+00:00,0,0.0,0.0,HB303,Clinton St & 7 St,18,2026-07-27,14,45,2026-07-27,-10.0,15,in_bounds
2026-07-27 15:00:00+00:00,2,0.0,-2.0,HB303,Clinton St & 7 St,18,2026-07-27,15,0,2026-07-27,-12.0,15,in_bounds
2026-07-27 15:15:00+00:00,0,1.0,1.0,HB303,Clinton St & 7 St,18,2026-07-27,15,15,2026-07-27,-11.0,15,in_bounds
2026-07-27 15:30:00+00:00,2,0.0,-2.0,HB303,Clinton St & 7 St,18,2026-07-27,15,30,2026-07-27,-13.0,15,in_bounds
2026-07-27 15:45:00+00:00,0,1.0,1.0,HB303,Clinton St & 7 St,18,2026-07-27,15,45,2026-07-27,-12.0,15,in_bounds
2026-07-27 16:00:00+00:00,1,1.0,0.0,HB303,Clinton St & 7 St,18,2026-07-27,16,0,2026-07-27,-12.0,15,in_bounds
2026-07-27 16:15:00+00:00,0,2.0,2.0,HB303,Clinton St & 7 St,18,2026-07-27,16,15,2026-07-27,-10.0,15,in_bounds
2026-07-27 16:30:00+00:00,3,2.0,-1.0,HB303,Clinton St & 7 St,18,2026-07-27,16,30,2026-07-27,-11.0,15,in_bounds
2026-07-27 16:45:00+00:00,1,1.0,0.0,HB303,Clinton St & 7 St,18,2026-07-27,16,45,2026-07-27,-11.0,15,in_bounds
2026-07-27 17:00:00+00:00,1,3.0,2.0,HB303,Clinton St & 7 St,18,2026-07-27,17,0,2026-07-27,-9.0,15,in_bounds
2026-07-27 17:15:00+00:00,0,2.0,2.0,HB303,Clinton St & 7 St,18,2026-07-27,17,15,2026-07-27,-7.0,15,in_bounds
2026-07-27 17:30:00+00:00,0,1.0,1.0,HB303,Clinton St & 7 St,18,2026-07-27,17,30,2026-07-27,-6.0,15,in_bounds
2026-07-27 17:45:00+00:00,1,3.0,2.0,HB303,Clinton St & 7 St,18,2026-07-27,17,45,2026-07-27,-4.0,15,in_bounds
2026-07-27 18:00:00+00:00,1,2.0,1.0,HB303,Clinton St & 7 St,18,2026-07-27,18,0,2026-07-27,-3.0,15,in_bounds
2026-07-27 18:15:00+00:00,1,2.0,1.0,HB303,Clinton St & 7 St,18,2026-07-27,18,15,2026-07-27,-2.0,15,in_bounds
2026-07-27 18:30:00+00:00,0,0.0,0.0,HB303,Clinton St & 7 St,18,2026-07-27,18,30,2026-07-27,-2.0,15,in_bounds
2026-07-27 18:45:00+00:00,2,1.0,-1.0,HB303,Clinton St & 7 St,18,2026-07-27,18,45,2026-07-27,-3.0,15,in_bounds
2026-07-27 19:00:00+00:00,0,2.0,2.0,HB303,Clinton St & 7 St,18,2026-07-27,19,0,2026-07-27,-1.0,15,in_bounds
2026-07-27 19:15:00+00:00,4,0.0,-4.0,HB303,Clinton St & 7 St,18,2026-07-27,19,15,2026-07-27,-5.0,15,in_bounds
2026-07-27 19:30:00+00:00,2,0.0,-2.0,HB303,Clinton St & 7 St,18,2026-07-27,19,30,2026-07-27,-7.0,15,in_bounds
2026-07-27 19:45:00+00:00,0,2.0,2.0,HB303,Clinton St & 7 St,18,2026-07-27,19,45,2026-07-27,-5.0,15,in_bounds
2026-07-27 20:00:00+00:00,0,1.0,1.0,HB303,Clinton St & 7 St,18,2026-07-27,20,0,2026-07-27,-4.0,15,in_bounds
2026-07-27 20:15:00+00:00,0,0.0,0.0,HB303,Clinton St & 7 St,18,2026-07-27,20,15,2026-07-27,-4.0,15,in_bounds
2026-07-27 20:30:00+00:00,0,1.0,1.0,HB303,Clinton St & 7 St,18,2026-07-27,20,30,2026-07-27,-3.0,15,in_bounds
2026-07-27 20:45:00+00:00,0,0.0,0.0,HB303,Clinton St & 7 St,18,2026-07-27,20,45,2026-07-27,-3.0,15,in_bounds
2026-07-27 21:00:00+00:00,0,1.0,1.0,HB303,Clinton St & 7 St,18,2026-07-27,21,0,2026-07-27,-2.0,15,in_bounds
2026-07-27 21:15:00+00:00,1,2.0,1.0,HB303,Clinton St & 7 St,18,2026-07-27,21,15,2026-07-27,-1.0,15,in_bounds
2026-07-27 21:30:00+00:00,0,0.0,0.0,HB303,Clinton St & 7 St,18,2026-07-27,21,30,2026-07-27,-1.0,15,in_bounds
2026-07-27 21:45:00+00:00,0,0.0,0.0,HB303,Clinton St & 7 St,18,2026-07-27,21,45,2026-07-27,-1.0,15,in_bounds
2026-07-27 22:00:00+00:00,0,0.0,0.0,HB303,Clinton St & 7 St,18,2026-07-27,22,0,2026-07-27,-1.0,15,in_bounds
2026-07-27 22:15:00+00:00,0,1.0,1.0,HB303,Clinton St & 7 St,18,2026-07-27,22,15,2026-07-27,0.0,15,in_bounds
2026-07-27 22:30:00+00:00,0,1.0,1.0,HB303,Clinton St & 7 St,18,2026-07-27,22,30,2026-07-27,1.0,15,in_bounds
2026-07-27 22:45:00+00:00,0,0.0,0.0,HB303,Clinton St & 7 St,18,2026-07-27,22,45,2026-07-27,1.0,15,in_bounds
2026-07-27 23:00:00+00:00,0,0.0,0.0,HB303,Clinton St & 7 St,18,2026-07-27,23,0,2026-07-27,1.0,15,in_bounds
2026-07-27 23:15:00+00:00,0,0.0,0.0,HB303,Clinton St & 7 St,18,2026-07-27,23,15,2026-07-27,1.0,15,in_bounds
2026-07-27 23:30:00+00:00,0,0.0,0.0,HB303,Clinton St & 7 St,18,2026-07-27,23,30,2026-07-27,1.0,15,in_bounds
2026-07-27 23:45:00+00:00,0,0.0,0.0,HB303,Clinton St & 7 St,18,2026-07-27,23,45,2026-07-27,1.0,15,in_bounds
2026-07-28 00:00:00+00:00,0,0.0,0.0,HB303,Clinton St & 7 St,18,2026-07-28,0,0,2026-07-27,1.0,15,in_bounds
2026-07-28 00:15:00+00:00,0,0.0,0.0,HB303,Clinton St & 7 St,18,2026-07-28,0,15,2026-07-27,1.0,15,in_bounds
2026-07-28 00:30:00+00:00,0,0.0,0.0,HB303,Clinton St & 7 St,18,2026-07-28,0,30,2026-07-27,1.0,15,in_bounds
2026-07-28 00:45:00+00:00,0,0.0,0.0,HB303,Clinton St & 7 St,18,2026-07-28,0,45,2026-07-27,1.0,15,in_bounds
2026-07-28 01:00:00+00:00,0,0.0,0.0,HB303,Clinton St & 7 St,18,2026-07-28,1,0,2026-07-27,1.0,15,in_bounds
2026-07-28 01:15:00+00:00,0,0.0,0.0,HB303,Clinton St & 7 St,18,2026-07-28,1,15,2026-07-27,1.0,15,in_bounds
2026-07-28 01:30:00+00:00,0,1.0,1.0,HB303,Clinton St & 7 St,18,2026-07-28,1,30,2026-07-27,2.0,15,in_bounds
2026-07-28 01:45:00+00:00,0,0.0,0.0,HB303,Clinton St & 7 St,18,2026-07-28,1,45,2026-07-27,2.0,15,in_bounds
2026-07-28 02:00:00+00:00,0,0.0,0.0,HB303,Clinton St & 7 St,18,2026-07-28,2,0,2026-07-27,2.0,15,in_bounds
2026-07-28 02:15:00+00:00,0,0.0,0.0,HB303,Clinton St & 7 St,18,2026-07-28,2,15,2026-07-27,2.0,15,in_bounds
2026-07-28 02:30:00+00:00,0,0.0,0.0,HB303,Clinton St & 7 St,18,2026-07-28,2,30,2026-07-27,2.0,15,in_bounds
2026-07-28 02:45:00+00:00,0,0.0,0.0,HB303,Clinton St & 7 St,18,2026-07-28,2,45,2026-07-27,2.0,15,in_bounds
2026-07-28 03:00:00+00:00,0,0.0,0.0,HB303,Clinton St & 7 St,18,2026-07-28,3,0,2026-07-27,2.0,15,in_bounds
2026-07-28 03:15:00+00:00,0,1.0,1.0,HB303,Clinton St & 7 St,18,2026-07-28,3,15,2026-07-27,3.0,15,in_bounds
2026-07-28 03:30:00+00:00,0,0.0,0.0,HB303,Clinton St & 7 St,18,2026-07-28,3,30,2026-07-27,3.0,15,in_bounds
2026-07-28 03:45:00+00:00,0,0.0,0.0,HB303,Clinton St & 7 St,18,2026-07-28,3,45,2026-07-27,3.0,15,in_bounds
2026-07-28 04:00:00+00:00,0,0.0,0.0,HB303,Clinton St & 7 St,18,2026-07-28,4,0,2026-07-27,3.0,15,in_bounds
2026-07-28 04:15:00+00:00,0,0.0,0.0,HB303,Clinton St & 7 St,18,2026-07-28,4,15,2026-07-27,3.0,15,in_bounds
2026-07-28 04:30:00+00:00,0,0.0,0.0,HB303,Clinton St & 7 St,18,2026-07-28,4,30,2026-07-27,3.0,15,in_bounds
2026-07-28 04:45:00+00:00,0,0.0,0.0,HB303,Clinton St & 7 St,18,2026-07-28,4,45,2026-07-27,3.0,15,in_bounds
2026-07-28 05:00:00+00:00,0,0.0,0.0,HB303,Clinton St & 7 St,18,2026-07-28,5,0,2026-07-28,0.0,15,in_bounds
2026-07-28 05:15:00+00:00,1,0.0,-1.0,HB303,Clinton St & 7 St,18,2026-07-28,5,15,2026-07-28,-1.0,15,in_bounds
2026-07-28 05:30:00+00:00,1,0.0,-1.0,HB303,Clinton St & 7 St,18,2026-07-28,5,30,2026-07-28,-2.0,15,in_bounds
2026-07-28 05:45:00+00:00,1,0.0,-1.0,HB303,Clinton St & 7 St,18,2026-07-28,5,45,2026-07-28,-3.0,15,in_bounds
2026-07-28 06:00:00+00:00,1,0.0,-1.0,HB303,Clinton St & 7 St,18,2026-07-28,6,0,2026-07-28,-4.0,15,in_bounds
2026-07-28 06:15:00+00:00,2,0.0,-2.0,HB303,Clinton St & 7 St,18,2026-07-28,6,15,2026-07-28,-6.0,15,in_bounds
2026-07-28 06:30:00+00:00,3,0.0,-3.0,HB303,Clinton St & 7 St,18,2026-07-28,6,30,2026-07-28,-9.0,15,in_bounds
2026-07-28 06:45:00+00:00,1,1.0,0.0,HB303,Clinton St & 7 St,18,2026-07-28,6,45,2026-07-28,-9.0,15,in_bounds
2026-07-28 07:00:00+00:00,0,1.0,1.0,HB303,Clinton St & 7 St,18,2026-07-28,7,0,2026-07-28,-8.0,15,in_bounds
2026-07-28 07:15:00+00:00,0,0.0,0.0,HB303,Clinton St & 7 St,18,2026-07-28,7,15,2026-07-28,-8.0,15,in_bounds
2026-07-28 07:30:00+00:00,2,3.0,1.0,HB303,Clinton St & 7 St,18,2026-07-28,7,30,2026-07-28,-7.0,15,in_bounds
2026-07-28 07:45:00+00:00,2,1.0,-1.0,HB303,Clinton St & 7 St,18,2026-07-28,7,45,2026-07-28,-8.0,15,in_bounds
2026-07-28 08:00:00+00:00,1,0.0,-1.0,HB303,Clinton St & 7 St,18,2026-07-28,8,0,2026-07-28,-9.0,15,in_bounds
2026-07-28 08:15:00+00:00,3,0.0,-3.0,HB303,Clinton St & 7 St,18,2026-07-28,8,15,2026-07-28,-12.0,15,in_bounds
2026-07-28 08:30:00+00:00,1,2.0,1.0,HB303,Clinton St & 7 St,18,2026-07-28,8,30,2026-07-28,-11.0,15,in_bounds
2026-07-28 08:45:00+00:00,4,0.0,-4.0,HB303,Clinton St & 7 St,18,2026-07-28,8,45,2026-07-28,-15.0,15,in_bounds
2026-07-28 09:00:00+00:00,0,0.0,0.0,HB303,Clinton St & 7 St,18,2026-07-28,9,0,2026-07-28,-15.0,15,in_bounds
2026-07-28 09:15:00+00:00,0,1.0,1.0,HB303,Clinton St & 7 St,18,2026-07-28,9,15,2026-07-28,-14.0,15,in_bounds
2026-07-28 09:30:00+00:00,1,1.0,0.0,HB303,Clinton St & 7 St,18,2026-07-28,9,30,2026-07-28,-14.0,15,in_bounds
2026-07-28 09:45:00+00:00,0,0.0,0.0,HB303,Clinton St & 7 St,18,2026-07-28,9,45,2026-07-28,-14.0,15,in_bounds
2026-07-28 10:00:00+00:00,0,0.0,0.0,HB303,Clinton St & 7 St,18,2026-07-28,10,0,2026-07-28,-14.0,15,in_bounds
2026-07-28 10:15:00+00:00,1,0.0,-1.0,HB303,Clinton St & 7 St,18,2026-07-28,10,15,2026-07-28,-15.0,15,in_bounds
2026-07-28 10:30:00+00:00,0,1.0,1.0,HB303,Clinton St & 7 St,18,2026-07-28,10,30,2026-07-28,-14.0,15,in_bounds
2026-07-28 10:45:00+00:00,1,0.0,-1.0,HB303,Clinton St & 7 St,18,2026-07-28,10,45,2026-07-28,-15.0,15,in_bounds
2026-07-28 11:00:00+00:00,0,0.0,0.0,HB303,Clinton St & 7 St,18,2026-07-28,11,0,2026-07-28,-15.0,15,in_bounds
2026-07-28 11:15:00+00:00,0,0.0,0.0,HB303,Clinton St & 7 St,18,2026-07-28,11,15,2026-07-28,-15.0,15,in_bounds
2026-07-28 11:30:00+00:00,0,0.0,0.0,HB303,Clinton St & 7 St,18,2026-07-28,11,30,2026-07-28,-15.0,15,in_bounds
2026-07-28 11:45:00+00:00,0,0.0,0.0,HB303,Clinton St & 7 St,18,2026-07-28,11,45,2026-07-28,-15.0,15,in_bounds
2026-07-28 12:00:00+00:00,0,0.0,0.0,HB303,Clinton St & 7 St,18,2026-07-28,12,0,2026-07-28,-15.0,15,in_bounds
2026-07-28 12:15:00+00:00,0,1.0,1.0,HB303,Clinton St & 7 St,18,2026-07-28,12,15,2026-07-28,-14.0,15,in_bounds
2026-07-28 12:30:00+00:00,1,3.0,2.0,HB303,Clinton St & 7 St,18,2026-07-28,12,30,2026-07-28,-12.0,15,in_bounds
2026-07-28 12:45:00+00:00,2,0.0,-2.0,HB303,Clinton St & 7 St,18,2026-07-28,12,45,2026-07-28,-14.0,15,in_bounds
2026-07-28 13:00:00+00:00,0,0.0,0.0,HB303,Clinton St & 7 St,18,2026-07-28,13,0,2026-07-28,-14.0,15,in_bounds
2026-07-28 13:15:00+00:00,0,1.0,1.0,HB303,Clinton St & 7 St,18,2026-07-28,13,15,2026-07-28,-13.0,15,in_bounds
2026-07-28 13:30:00+00:00,0,0.0,0.0,HB303,Clinton St & 7 St,18,2026-07-28,13,30,2026-07-28,-13.0,15,in_bounds
2026-07-28 13:45:00+00:00,2,0.0,-2.0,HB303,Clinton St & 7 St,18,2026-07-28,13,45,2026-07-28,-15.0,15,in_bounds
2026-07-28 14:00:00+00:00,0,3.0,3.0,HB303,Clinton St & 7 St,18,2026-07-28,14,0,2026-07-28,-12.0,15,in_bounds
2026-07-28 14:15:00+00:00,0,1.0,1.0,HB303,Clinton St & 7 St,18,2026-07-28,14,15,2026-07-28,-11.0,15,in_bounds
2026-07-28 14:30:00+00:00,1,3.0,2.0,HB303,Clinton St & 7 St,18,2026-07-28,14,30,2026-07-28,-9.0,15,in_bounds
2026-07-28 14:45:00+00:00,0,2.0,2.0,HB303,Clinton St & 7 St,18,2026-07-28,14,45,2026-07-28,-7.0,15,in_bounds
2026-07-28 15:00:00+00:00,1,1.0,0.0,HB303,Clinton St & 7 St,18,2026-07-28,15,0,2026-07-28,-7.0,15,in_bounds
2026-07-28 15:15:00+00:00,0,0.0,0.0,HB303,Clinton St & 7 St,18,2026-07-28,15,15,2026-07-28,-7.0,15,in_bounds
2026-07-28 15:30:00+00:00,1,0.0,-1.0,HB303,Clinton St & 7 St,18,2026-07-28,15,30,2026-07-28,-8.0,15,in_bounds
2026-07-28 15:45:00+00:00,0,2.0,2.0,HB303,Clinton St & 7 St,18,2026-07-28,15,45,2026-07-28,-6.0,15,in_bounds
2026-07-28 16:00:00+00:00,1,0.0,-1.0,HB303,Clinton St & 7 St,18,2026-07-28,16,0,2026-07-28,-7.0,15,in_bounds
2026-07-28 16:15:00+00:00,0,0.0,0.0,HB303,Clinton St & 7 St,18,2026-07-28,16,15,2026-07-28,-7.0,15,in_bounds
2026-07-28 16:30:00+00:00,1,0.0,-1.0,HB303,Clinton St & 7 St,18,2026-07-28,16,30,2026-07-28,-8.0,15,in_bounds
2026-07-28 16:45:00+00:00,0,1.0,1.0,HB303,Clinton St & 7 St,18,2026-07-28,16,45,2026-07-28,-7.0,15,in_bounds
2026-07-28 17:00:00+00:00,0,0.0,0.0,HB303,Clinton St & 7 St,18,2026-07-28,17,0,2026-07-28,-7.0,15,in_bounds
2026-07-28 17:15:00+00:00,1,1.0,0.0,HB303,Clinton St & 7 St,18,2026-07-28,17,15,2026-07-28,-7.0,15,in_bounds
2026-07-28 17:30:00+00:00,0,5.0,5.0,HB303,Clinton St & 7 St,18,2026-07-28,17,30,2026-07-28,-2.0,15,in_bounds
2026-07-28 17:45:00+00:00,1,1.0,0.0,HB303,Clinton St & 7 St,18,2026-07-28,17,45,2026-07-28,-2.0,15,in_bounds
2026-07-28 18:00:00+00:00,0,2.0,2.0,HB303,Clinton St & 7 St,18,2026-07-28,18,0,2026-07-28,0.0,15,in_bounds
2026-07-28 18:15:00+00:00,2,0.0,-2.0,HB303,Clinton St & 7 St,18,2026-07-28,18,15,2026-07-28,-2.0,15,in_bounds
2026-07-28 18:30:00+00:00,1,1.0,0.0,HB303,Clinton St & 7 St,18,2026-07-28,18,30,2026-07-28,-2.0,15,in_bounds
2026-07-28 18:45:00+00:00,0,2.0,2.0,HB303,Clinton St & 7 St,18,2026-07-28,18,45,2026-07-28,0.0,15,in_bounds
2026-07-28 19:00:00+00:00,0,1.0,1.0,HB303,Clinton St & 7 St,18,2026-07-28,19,0,2026-07-28,1.0,15,in_bounds
2026-07-28 19:15:00+00:00,0,0.0,0.0,HB303,Clinton St & 7 St,18,2026-07-28,19,15,2026-07-28,1.0,15,in_bounds
2026-07-28 19:30:00+00:00,1,1.0,0.0,HB303,Clinton St & 7 St,18,2026-07-28,19,30,2026-07-28,1.0,15,in_bounds
2026-07-28 19:45:00+00:00,2,0.0,-2.0,HB303,Clinton St & 7 St,18,2026-07-28,19,45,2026-07-28,-1.0,15,in_bounds
2026-07-28 20:00:00+00:00,0,0.0,0.0,HB303,Clinton St & 7 St,18,2026-07-28,20,0,2026-07-28,-1.0,15,in_bounds
2026-07-28 20:15:00+00:00,0,2.0,2.0,HB303,Clinton St & 7 St,18,2026-07-28,20,15,2026-07-28,1.0,15,in_bounds
2026-07-28 20:30:00+00:00,1,0.0,-1.0,HB303,Clinton St & 7 St,18,2026-07-28,20,30,2026-07-28,0.0,15,in_bounds
2026-07-28 20:45:00+00:00,0,0.0,0.0,HB303,Clinton St & 7 St,18,2026-07-28,20,45,2026-07-28,0.0,15,in_bounds
2026-07-28 21:00:00+00:00,0,1.0,1.0,HB303,Clinton St & 7 St,18,2026-07-28,21,0,2026-07-28,1.0,15,in_bounds
2026-07-28 21:15:00+00:00,3,0.0,-3.0,HB303,Clinton St & 7 St,18,2026-07-28,21,15,2026-07-28,-2.0,15,in_bounds
2026-07-28 21:30:00+00:00,1,0.0,-1.0,HB303,Clinton St & 7 St,18,2026-07-28,21,30,2026-07-28,-3.0,15,in_bounds
2026-07-28 21:45:00+00:00,0,0.0,0.0,HB303,Clinton St & 7 St,18,2026-07-28,21,45,2026-07-28,-3.0,15,in_bounds
2026-07-28 22:00:00+00:00,0,1.0,1.0,HB303,Clinton St & 7 St,18,2026-07-28,22,0,2026-07-28,-2.0,15,in_bounds
2026-07-28 22:15:00+00:00,0,0.0,0.0,HB303,Clinton St & 7 St,18,2026-07-28,22,15,2026-07-28,-2.0,15,in_bounds
2026-07-28 22:30:00+00:00,0,0.0,0.0,HB303,Clinton St & 7 St,18,2026-07-28,22,30,2026-07-28,-2.0,15,in_bounds
2026-07-28 22:45:00+00:00,0,2.0,2.0,HB303,Clinton St & 7 St,18,2026-07-28,22,45,2026-07-28,0.0,15,in_bounds
2026-07-28 23:00:00+00:00,0,0.0,0.0,HB303,Clinton St & 7 St,18,2026-07-28,23,0,2026-07-28,0.0,15,in_bounds
2026-07-28 23:15:00+00:00,0,1.0,1.0,HB303,Clinton St & 7 St,18,2026-07-28,23,15,2026-07-28,1.0,15,in_bounds
2026-07-28 23:30:00+00:00,0,0.0,0.0,HB303,Clinton St & 7 St,18,2026-07-28,23,30,2026-07-28,1.0,15,in_bounds
2026-07-28 23:45:00+00:00,0,0.0,0.0,HB303,Clinton St & 7 St,18,2026-07-28,23,45,2026-07-28,1.0,15,in_bounds
2026-07-29 00:00:00+00:00,0,0.0,0.0,HB303,Clinton St & 7 St,18,2026-07-29,0,0,2026-07-28,1.0,15,in_bounds
2026-07-29 00:15:00+00:00,0,0.0,0.0,HB303,Clinton St & 7 St,18,2026-07-29,0,15,2026-07-28,1.0,15,in_bounds
2026-07-29 00:30:00+00:00,0,0.0,0.0,HB303,Clinton St & 7 St,18,2026-07-29,0,30,2026-07-28,1.0,15,in_bounds
2026-07-29 00:45:00+00:00,0,0.0,0.0,HB303,Clinton St & 7 St,18,2026-07-29,0,45,2026-07-28,1.0,15,in_bounds
2026-07-29 01:00:00+00:00,0,0.0,0.0,HB303,Clinton St & 7 St,18,2026-07-29,1,0,2026-07-28,1.0,15,in_bounds
2026-07-29 01:15:00+00:00,0,0.0,0.0,HB303,Clinton St & 7 St,18,2026-07-29,1,15,2026-07-28,1.0,15,in_bounds
2026-07-29 01:30:00+00:00,0,0.0,0.0,HB303,Clinton St & 7 St,18,2026-07-29,1,30,2026-07-28,1.0,15,in_bounds
2026-07-29 01:45:00+00:00,0,0.0,0.0,HB303,Clinton St & 7 St,18,2026-07-29,1,45,2026-07-28,1.0,15,in_bounds
2026-07-29 02:00:00+00:00,0,0.0,0.0,HB303,Clinton St & 7 St,18,2026-07-29,2,0,2026-07-28,1.0,15,in_bounds
2026-07-29 02:15:00+00:00,0,0.0,0.0,HB303,Clinton St & 7 St,18,2026-07-29,2,15,2026-07-28,1.0,15,in_bounds
2026-07-29 02:30:00+00:00,0,0.0,0.0,HB303,Clinton St & 7 St,18,2026-07-29,2,30,2026-07-28,1.0,15,in_bounds
2026-07-29 02:45:00+00:00,0,0.0,0.0,HB303,Clinton St & 7 St,18,2026-07-29,2,45,2026-07-28,1.0,15,in_bounds
2026-07-29 03:00:00+00:00,0,0.0,0.0,HB303,Clinton St & 7 St,18,2026-07-29,3,0,2026-07-28,1.0,15,in_bounds
2026-07-29 03:15:00+00:00,0,0.0,0.0,HB303,Clinton St & 7 St,18,2026-07-29,3,15,2026-07-28,1.0,15,in_bounds
2026-07-29 03:30:00+00:00,0,0.0,0.0,HB303,Clinton St & 7 St,18,2026-07-29,3,30,2026-07-28,1.0,15,in_bounds
2026-07-29 03:45:00+00:00,0,0.0,0.0,HB303,Clinton St & 7 St,18,2026-07-29,3,45,2026-07-28,1.0,15,in_bounds
2026-07-29 04:00:00+00:00,0,0.0,0.0,HB303,Clinton St & 7 St,18,2026-07-29,4,0,2026-07-28,1.0,15,in_bounds
2026-07-29 04:15:00+00:00,0,0.0,0.0,HB303,Clinton St & 7 St,18,2026-07-29,4,15,2026-07-28,1.0,15,in_bounds
2026-07-29 04:30:00+00:00,0,0.0,0.0,HB303,Clinton St & 7 St,18,2026-07-29,4,30,2026-07-28,1.0,15,in_bounds
2026-07-29 04:45:00+00:00,0,0.0,0.0,HB303,Clinton St & 7 St,18,2026-07-29,4,45,2026-07-28,1.0,15,in_bounds
2026-07-29 05:00:00+00:00,0,0.0,0.0,HB303,Clinton St & 7 St,18,2026-07-29,5,0,2026-07-29,0.0,15,in_bounds
2026-07-29 05:15:00+00:00,0,0.0,0.0,HB303,Clinton St & 7 St,18,2026-07-29,5,15,2026-07-29,0.0,15,in_bounds
2026-07-29 05:30:00+00:00,1,0.0,-1.0,HB303,Clinton St & 7 St,18,2026-07-29,5,30,2026-07-29,-1.0,15,in_bounds
2026-07-29 05:45:00+00:00,1,0.0,-1.0,HB303,Clinton St & 7 St,18,2026-07-29,5,45,2026-07-29,-2.0,15,in_bounds
2026-07-29 06:00:00+00:00,0,0.0,0.0,HB303,Clinton St & 7 St,18,2026-07-29,6,0,2026-07-29,-2.0,15,in_bounds
2026-07-29 06:15:00+00:00,1,0.0,-1.0,HB303,Clinton St & 7 St,18,2026-07-29,6,15,2026-07-29,-3.0,15,in_bounds
2026-07-29 06:30:00+00:00,1,0.0,-1.0,HB303,Clinton St & 7 St,18,2026-07-29,6,30,2026-07-29,-4.0,15,in_bounds
2026-07-29 06:45:00+00:00,0,0.0,0.0,HB303,Clinton St & 7 St,18,2026-07-29,6,45,2026-07-29,-4.0,15,in_bounds
2026-07-29 07:00:00+00:00,1,1.0,0.0,HB303,Clinton St & 7 St,18,2026-07-29,7,0,2026-07-29,-4.0,15,in_bounds
2026-07-29 07:15:00+00:00,1,0.0,-1.0,HB303,Clinton St & 7 St,18,2026-07-29,7,15,2026-07-29,-5.0,15,in_bounds
2026-07-29 07:30:00+00:00,1,3.0,2.0,HB303,Clinton St & 7 St,18,2026-07-29,7,30,2026-07-29,-3.0,15,in_bounds
2026-07-29 07:45:00+00:00,2,0.0,-2.0,HB303,Clinton St & 7 St,18,2026-07-29,7,45,2026-07-29,-5.0,15,in_bounds
2026-07-29 08:00:00+00:00,1,0.0,-1.0,HB303,Clinton St & 7 St,18,2026-07-29,8,0,2026-07-29,-6.0,15,in_bounds
2026-07-29 08:15:00+00:00,1,0.0,-1.0,HB303,Clinton St & 7 St,18,2026-07-29,8,15,2026-07-29,-7.0,15,in_bounds
2026-07-29 08:30:00+00:00,2,2.0,0.0,HB303,Clinton St & 7 St,18,2026-07-29,8,30,2026-07-29,-7.0,15,in_bounds
2026-07-29 08:45:00+00:00,2,3.0,1.0,HB303,Clinton St & 7 St,18,2026-07-29,8,45,2026-07-29,-6.0,15,in_bounds
2026-07-29 09:00:00+00:00,1,1.0,0.0,HB303,Clinton St & 7 St,18,2026-07-29,9,0,2026-07-29,-6.0,15,in_bounds
2026-07-29 09:15:00+00:00,1,0.0,-1.0,HB303,Clinton St & 7 St,18,2026-07-29,9,15,2026-07-29,-7.0,15,in_bounds
2026-07-29 09:30:00+00:00,0,0.0,0.0,HB303,Clinton St & 7 St,18,2026-07-29,9,30,2026-07-29,-7.0,15,in_bounds
2026-07-29 09:45:00+00:00,0,0.0,0.0,HB303,Clinton St & 7 St,18,2026-07-29,9,45,2026-07-29,-7.0,15,in_bounds
2026-07-29 10:00:00+00:00,0,0.0,0.0,HB303,Clinton St & 7 St,18,2026-07-29,10,0,2026-07-29,-7.0,15,in_bounds
2026-07-29 10:15:00+00:00,0,0.0,0.0,HB303,Clinton St & 7 St,18,2026-07-29,10,15,2026-07-29,-7.0,15,in_bounds
2026-07-29 10:30:00+00:00,2,0.0,-2.0,HB303,Clinton St & 7 St,18,2026-07-29,10,30,2026-07-29,-9.0,15,in_bounds
2026-07-29 10:45:00+00:00,1,0.0,-1.0,HB303,Clinton St & 7 St,18,2026-07-29,10,45,2026-07-29,-10.0,15,in_bounds
2026-07-29 11:00:00+00:00,0,0.0,0.0,HB303,Clinton St & 7 St,18,2026-07-29,11,0,2026-07-29,-10.0,15,in_bounds
2026-07-29 11:15:00+00:00,1,1.0,0.0,HB303,Clinton St & 7 St,18,2026-07-29,11,15,2026-07-29,-10.0,15,in_bounds
2026-07-29 11:30:00+00:00,0,0.0,0.0,HB303,Clinton St & 7 St,18,2026-07-29,11,30,2026-07-29,-10.0,15,in_bounds
2026-07-29 11:45:00+00:00,1,0.0,-1.0,HB303,Clinton St & 7 St,18,2026-07-29,11,45,2026-07-29,-11.0,15,in_bounds
2026-07-29 12:00:00+00:00,1,1.0,0.0,HB303,Clinton St & 7 St,18,2026-07-29,12,0,2026-07-29,-11.0,15,in_bounds
2026-07-29 12:15:00+00:00,0,0.0,0.0,HB303,Clinton St & 7 St,18,2026-07-29,12,15,2026-07-29,-11.0,15,in_bounds
2026-07-29 12:30:00+00:00,2,1.0,-1.0,HB303,Clinton St & 7 St,18,2026-07-29,12,30,2026-07-29,-12.0,15,in_bounds
2026-07-29 12:45:00+00:00,0,0.0,0.0,HB303,Clinton St & 7 St,18,2026-07-29,12,45,2026-07-29,-12.0,15,in_bounds
2026-07-29 13:00:00+00:00,2,1.0,-1.0,HB303,Clinton St & 7 St,18,2026-07-29,13,0,2026-07-29,-13.0,15,in_bounds
2026-07-29 13:15:00+00:00,3,1.0,-2.0,HB303,Clinton St & 7 St,18,2026-07-29,13,15,2026-07-29,-15.0,15,in_bounds
2026-07-29 13:30:00+00:00,0,1.0,1.0,HB303,Clinton St & 7 St,18,2026-07-29,13,30,2026-07-29,-14.0,15,in_bounds
2026-07-29 13:45:00+00:00,0,1.0,1.0,HB303,Clinton St & 7 St,18,2026-07-29,13,45,2026-07-29,-13.0,15,in_bounds
2026-07-29 14:00:00+00:00,0,0.0,0.0,HB303,Clinton St & 7 St,18,2026-07-29,14,0,2026-07-29,-13.0,15,in_bounds
2026-07-29 14:15:00+00:00,0,0.0,0.0,HB303,Clinton St & 7 St,18,2026-07-29,14,15,2026-07-29,-13.0,15,in_bounds
2026-07-29 14:30:00+00:00,2,1.0,-1.0,HB303,Clinton St & 7 St,18,2026-07-29,14,30,2026-07-29,-14.0,15,in_bounds
2026-07-29 14:45:00+00:00,1,0.0,-1.0,HB303,Clinton St & 7 St,18,2026-07-29,14,45,2026-07-29,-15.0,15,in_bounds
2026-07-29 15:00:00+00:00,0,1.0,1.0,HB303,Clinton St & 7 St,18,2026-07-29,15,0,2026-07-29,-14.0,15,in_bounds
2026-07-29 15:15:00+00:00,0,0.0,0.0,HB303,Clinton St & 7 St,18,2026-07-29,15,15,2026-07-29,-14.0,15,in_bounds
2026-07-29 15:30:00+00:00,0,0.0,0.0,HB303,Clinton St & 7 St,18,2026-07-29,15,30,2026-07-29,-14.0,15,in_bounds
2026-07-29 15:45:00+00:00,0,0.0,0.0,HB303,Clinton St & 7 St,18,2026-07-29,15,45,2026-07-29,-14.0,15,in_bounds
2026-07-29 16:00:00+00:00,1,1.0,0.0,HB303,Clinton St & 7 St,18,2026-07-29,16,0,2026-07-29,-14.0,15,in_bounds
2026-07-29 16:15:00+00:00,0,0.0,0.0,HB303,Clinton St & 7 St,18,2026-07-29,16,15,2026-07-29,-14.0,15,in_bounds
2026-07-29 16:30:00+00:00,0,2.0,2.0,HB303,Clinton St & 7 St,18,2026-07-29,16,30,2026-07-29,-12.0,15,in_bounds
2026-07-29 16:45:00+00:00,1,1.0,0.0,HB303,Clinton St & 7 St,18,2026-07-29,16,45,2026-07-29,-12.0,15,in_bounds
2026-07-29 17:00:00+00:00,4,2.0,-2.0,HB303,Clinton St & 7 St,18,2026-07-29,17,0,2026-07-29,-14.0,15,in_bounds
2026-07-29 17:15:00+00:00,1,2.0,1.0,HB303,Clinton St & 7 St,18,2026-07-29,17,15,2026-07-29,-13.0,15,in_bounds
2026-07-29 17:30:00+00:00,0,3.0,3.0,HB303,Clinton St & 7 St,18,2026-07-29,17,30,2026-07-29,-10.0,15,in_bounds
2026-07-29 17:45:00+00:00,3,4.0,1.0,HB303,Clinton St & 7 St,18,2026-07-29,17,45,2026-07-29,-9.0,15,in_bounds
2026-07-29 18:00:00+00:00,2,2.0,0.0,HB303,Clinton St & 7 St,18,2026-07-29,18,0,2026-07-29,-9.0,15,in_bounds
2026-07-29 18:15:00+00:00,2,4.0,2.0,HB303,Clinton St & 7 St,18,2026-07-29,18,15,2026-07-29,-7.0,15,in_bounds
2026-07-29 18:30:00+00:00,1,1.0,0.0,HB303,Clinton St & 7 St,18,2026-07-29,18,30,2026-07-29,-7.0,15,in_bounds
2026-07-29 18:45:00+00:00,0,0.0,0.0,HB303,Clinton St & 7 St,18,2026-07-29,18,45,2026-07-29,-7.0,15,in_bounds
2026-07-29 19:00:00+00:00,1,3.0,2.0,HB303,Clinton St & 7 St,18,2026-07-29,19,0,2026-07-29,-5.0,15,in_bounds
2026-07-29 19:15:00+00:00,0,1.0,1.0,HB303,Clinton St & 7 St,18,2026-07-29,19,15,2026-07-29,-4.0,15,in_bounds
2026-07-29 19:30:00+00:00,3,1.0,-2.0,HB303,Clinton St & 7 St,18,2026-07-29,19,30,2026-07-29,-6.0,15,in_bounds
2026-07-29 19:45:00+00:00,1,2.0,1.0,HB303,Clinton St & 7 St,18,2026-07-29,19,45,2026-07-29,-5.0,15,in_bounds
2026-07-29 20:00:00+00:00,1,2.0,1.0,HB303,Clinton St & 7 St,18,2026-07-29,20,0,2026-07-29,-4.0,15,in_bounds
2026-07-29 20:15:00+00:00,0,0.0,0.0,HB303,Clinton St & 7 St,18,2026-07-29,20,15,2026-07-29,-4.0,15,in_bounds
2026-07-29 20:30:00+00:00,1,2.0,1.0,HB303,Clinton St & 7 St,18,2026-07-29,20,30,2026-07-29,-3.0,15,in_bounds
2026-07-29 20:45:00+00:00,0,0.0,0.0,HB303,Clinton St & 7 St,18,2026-07-29,20,45,2026-07-29,-3.0,15,in_bounds
2026-07-29 21:00:00+00:00,1,0.0,-1.0,HB303,Clinton St & 7 St,18,2026-07-29,21,0,2026-07-29,-4.0,15,in_bounds
2026-07-29 21:15:00+00:00,0,0.0,0.0,HB303,Clinton St & 7 St,18,2026-07-29,21,15,2026-07-29,-4.0,15,in_bounds
2026-07-29 21:30:00+00:00,0,0.0,0.0,HB303,Clinton St & 7 St,18,2026-07-29,21,30,2026-07-29,-4.0,15,in_bounds
2026-07-29 21:45:00+00:00,0,1.0,1.0,HB303,Clinton St & 7 St,18,2026-07-29,21,45,2026-07-29,-3.0,15,in_bounds
2026-07-29 22:00:00+00:00,2,1.0,-1.0,HB303,Clinton St & 7 St,18,2026-07-29,22,0,2026-07-29,-4.0,15,in_bounds
2026-07-29 22:15:00+00:00,1,2.0,1.0,HB303,Clinton St & 7 St,18,2026-07-29,22,15,2026-07-29,-3.0,15,in_bounds
2026-07-29 22:30:00+00:00,0,2.0,2.0,HB303,Clinton St & 7 St,18,2026-07-29,22,30,2026-07-29,-1.0,15,in_bounds
2026-07-29 22:45:00+00:00,1,0.0,-1.0,HB303,Clinton St & 7 St,18,2026-07-29,22,45,2026-07-29,-2.0,15,in_bounds
2026-07-29 23:00:00+00:00,0,0.0,0.0,HB303,Clinton St & 7 St,18,2026-07-29,23,0,2026-07-29,-2.0,15,in_bounds
2026-07-29 23:15:00+00:00,0,0.0,0.0,HB303,Clinton St & 7 St,18,2026-07-29,23,15,2026-07-29,-2.0,15,in_bounds
2026-07-29 23:30:00+00:00,1,0.0,-1.0,HB303,Clinton St & 7 St,18,2026-07-29,23,30,2026-07-29,-3.0,15,in_bounds
2026-07-29 23:45:00+00:00,0,0.0,0.0,HB303,Clinton St & 7 St,18,2026-07-29,23,45,2026-07-29,-3.0,15,in_bounds
2026-07-30 00:00:00+00:00,0,0.0,0.0,HB303,Clinton St & 7 St,18,2026-07-30,0,0,2026-07-29,-3.0,15,in_bounds
2026-07-30 00:15:00+00:00,0,0.0,0.0,HB303,Clinton St & 7 St,18,2026-07-30,0,15,2026-07-29,-3.0,15,in_bounds
2026-07-30 00:30:00+00:00,0,0.0,0.0,HB303,Clinton St & 7 St,18,2026-07-30,0,30,2026-07-29,-3.0,15,in_bounds
2026-07-30 00:45:00+00:00,0,0.0,0.0,HB303,Clinton St & 7 St,18,2026-07-30,0,45,2026-07-29,-3.0,15,in_bounds
2026-07-30 01:00:00+00:00,0,0.0,0.0,HB303,Clinton St & 7 St,18,2026-07-30,1,0,2026-07-29,-3.0,15,in_bounds
2026-07-30 01:15:00+00:00,0,0.0,0.0,HB303,Clinton St & 7 St,18,2026-07-30,1,15,2026-07-29,-3.0,15,in_bounds
2026-07-30 01:30:00+00:00,0,0.0,0.0,HB303,Clinton St & 7 St,18,2026-07-30,1,30,2026-07-29,-3.0,15,in_bounds
2026-07-30 01:45:00+00:00,0,0.0,0.0,HB303,Clinton St & 7 St,18,2026-07-30,1,45,2026-07-29,-3.0,15,in_bounds
2026-07-30 02:00:00+00:00,0,0.0,0.0,HB303,Clinton St & 7 St,18,2026-07-30,2,0,2026-07-29,-3.0,15,in_bounds
2026-07-30 02:15:00+00:00,0,0.0,0.0,HB303,Clinton St & 7 St,18,2026-07-30,2,15,2026-07-29,-3.0,15,in_bounds
2026-07-30 02:30:00+00:00,0,0.0,0.0,HB303,Clinton St & 7 St,18,2026-07-30,2,30,2026-07-29,-3.0,15,in_bounds
2026-07-30 02:45:00+00:00,0,0.0,0.0,HB303,Clinton St & 7 St,18,2026-07-30,2,45,2026-07-29,-3.0,15,in_bounds
2026-07-30 03:00:00+00:00,0,0.0,0.0,HB303,Clinton St & 7 St,18,2026-07-30,3,0,2026-07-29,-3.0,15,in_bounds
2026-07-30 03:15:00+00:00,0,0.0,0.0,HB303,Clinton St & 7 St,18,2026-07-30,3,15,2026-07-29,-3.0,15,in_bounds
2026-07-30 03:30:00+00:00,0,0.0,0.0,HB303,Clinton St & 7 St,18,2026-07-30,3,30,2026-07-29,-3.0,15,in_bounds
2026-07-30 03:45:00+00:00,0,0.0,0.0,HB303,Clinton St & 7 St,18,2026-07-30,3,45,2026-07-29,-3.0,15,in_bounds
2026-07-30 04:00:00+00:00,0,0.0,0.0,HB303,Clinton St & 7 St,18,2026-07-30,4,0,2026-07-29,-3.0,15,in_bounds
2026-07-30 04:15:00+00:00,0,0.0,0.0,HB303,Clinton St & 7 St,18,2026-07-30,4,15,2026-07-29,-3.0,15,in_bounds
2026-07-30 04:30:00+00:00,0,0.0,0.0,HB303,Clinton St & 7 St,18,2026-07-30,4,30,2026-07-29,-3.0,15,in_bounds
2026-07-30 04:45:00+00:00,0,0.0,0.0,HB303,Clinton St & 7 St,18,2026-07-30,4,45,2026-07-29,-3.0,15,in_bounds
2026-07-30 05:00:00+00:00,0,1.0,1.0,HB303,Clinton St & 7 St,18,2026-07-30,5,0,2026-07-30,1.0,15,in_bounds
2026-07-30 05:15:00+00:00,0,0.0,0.0,HB303,Clinton St & 7 St,18,2026-07-30,5,15,2026-07-30,1.0,15,in_bounds
2026-07-30 05:30:00+00:00,0,0.0,0.0,HB303,Clinton St & 7 St,18,2026-07-30,5,30,2026-07-30,1.0,15,in_bounds
2026-07-30 05:45:00+00:00,2,0.0,-2.0,HB303,Clinton St & 7 St,18,2026-07-30,5,45,2026-07-30,-1.0,15,in_bounds
2026-07-30 06:00:00+00:00,1,0.0,-1.0,HB303,Clinton St & 7 St,18,2026-07-30,6,0,2026-07-30,-2.0,15,in_bounds
2026-07-30 06:15:00+00:00,1,1.0,0.0,HB303,Clinton St & 7 St,18,2026-07-30,6,15,2026-07-30,-2.0,15,in_bounds
2026-07-30 06:30:00+00:00,4,0.0,-4.0,HB303,Clinton St & 7 St,18,2026-07-30,6,30,2026-07-30,-6.0,15,in_bounds
2026-07-30 06:45:00+00:00,1,0.0,-1.0,HB303,Clinton St & 7 St,18,2026-07-30,6,45,2026-07-30,-7.0,15,in_bounds
2026-07-30 07:00:00+00:00,1,1.0,0.0,HB303,Clinton St & 7 St,18,2026-07-30,7,0,2026-07-30,-7.0,15,in_bounds
2026-07-30 07:15:00+00:00,0,1.0,1.0,HB303,Clinton St & 7 St,18,2026-07-30,7,15,2026-07-30,-6.0,15,in_bounds
2026-07-30 07:30:00+00:00,2,1.0,-1.0,HB303,Clinton St & 7 St,18,2026-07-30,7,30,2026-07-30,-7.0,15,in_bounds
2026-07-30 07:45:00+00:00,1,0.0,-1.0,HB303,Clinton St & 7 St,18,2026-07-30,7,45,2026-07-30,-8.0,15,in_bounds
2026-07-30 08:00:00+00:00,1,2.0,1.0,HB303,Clinton St & 7 St,18,2026-07-30,8,0,2026-07-30,-7.0,15,in_bounds
2026-07-30 08:15:00+00:00,3,2.0,-1.0,HB303,Clinton St & 7 St,18,2026-07-30,8,15,2026-07-30,-8.0,15,in_bounds
2026-07-30 08:30:00+00:00,0,5.0,5.0,HB303,Clinton St & 7 St,18,2026-07-30,8,30,2026-07-30,-3.0,15,in_bounds
2026-07-30 08:45:00+00:00,1,2.0,1.0,HB303,Clinton St & 7 St,18,2026-07-30,8,45,2026-07-30,-2.0,15,in_bounds
2026-07-30 09:00:00+00:00,2,2.0,0.0,HB303,Clinton St & 7 St,18,2026-07-30,9,0,2026-07-30,-2.0,15,in_bounds
2026-07-30 09:15:00+00:00,0,1.0,1.0,HB303,Clinton St & 7 St,18,2026-07-30,9,15,2026-07-30,-1.0,15,in_bounds
2026-07-30 09:30:00+00:00,0,0.0,0.0,HB303,Clinton St & 7 St,18,2026-07-30,9,30,2026-07-30,-1.0,15,in_bounds
2026-07-30 09:45:00+00:00,0,1.0,1.0,HB303,Clinton St & 7 St,18,2026-07-30,9,45,2026-07-30,0.0,15,in_bounds
2026-07-30 10:00:00+00:00,1,0.0,-1.0,HB303,Clinton St & 7 St,18,2026-07-30,10,0,2026-07-30,-1.0,15,in_bounds
2026-07-30 10:15:00+00:00,0,0.0,0.0,HB303,Clinton St & 7 St,18,2026-07-30,10,15,2026-07-30,-1.0,15,in_bounds
2026-07-30 10:30:00+00:00,1,0.0,-1.0,HB303,Clinton St & 7 St,18,2026-07-30,10,30,2026-07-30,-2.0,15,in_bounds
2026-07-30 10:45:00+00:00,1,0.0,-1.0,HB303,Clinton St & 7 St,18,2026-07-30,10,45,2026-07-30,-3.0,15,in_bounds
2026-07-30 11:00:00+00:00,0,0.0,0.0,HB303,Clinton St & 7 St,18,2026-07-30,11,0,2026-07-30,-3.0,15,in_bounds
2026-07-30 11:15:00+00:00,0,0.0,0.0,HB303,Clinton St & 7 St,18,2026-07-30,11,15,2026-07-30,-3.0,15,in_bounds
2026-07-30 11:30:00+00:00,0,0.0,0.0,HB303,Clinton St & 7 St,18,2026-07-30,11,30,2026-07-30,-3.0,15,in_bounds
2026-07-30 11:45:00+00:00,0,0.0,0.0,HB303,Clinton St & 7 St,18,2026-07-30,11,45,2026-07-30,-3.0,15,in_bounds
2026-07-30 12:00:00+00:00,2,0.0,-2.0,HB303,Clinton St & 7 St,18,2026-07-30,12,0,2026-07-30,-5.0,15,in_bounds
2026-07-30 12:15:00+00:00,0,0.0,0.0,HB303,Clinton St & 7 St,18,2026-07-30,12,15,2026-07-30,-5.0,15,in_bounds
2026-07-30 12:30:00+00:00,2,0.0,-2.0,HB303,Clinton St & 7 St,18,2026-07-30,12,30,2026-07-30,-7.0,15,in_bounds
2026-07-30 12:45:00+00:00,0,0.0,0.0,HB303,Clinton St & 7 St,18,2026-07-30,12,45,2026-07-30,-7.0,15,in_bounds
2026-07-30 13:00:00+00:00,0,0.0,0.0,HB303,Clinton St & 7 St,18,2026-07-30,13,0,2026-07-30,-7.0,15,in_bounds
2026-07-30 13:15:00+00:00,0,0.0,0.0,HB303,Clinton St & 7 St,18,2026-07-30,13,15,2026-07-30,-7.0,15,in_bounds
2026-07-30 13:30:00+00:00,0,0.0,0.0,HB303,Clinton St & 7 St,18,2026-07-30,13,30,2026-07-30,-7.0,15,in_bounds
2026-07-30 13:45:00+00:00,0,0.0,0.0,HB303,Clinton St & 7 St,18,2026-07-30,13,45,2026-07-30,-7.0,15,in_bounds
2026-07-30 14:00:00+00:00,0,0.0,0.0,HB303,Clinton St & 7 St,18,2026-07-30,14,0,2026-07-30,-7.0,15,in_bounds
2026-07-30 14:15:00+00:00,0,0.0,0.0,HB303,Clinton St & 7 St,18,2026-07-30,14,15,2026-07-30,-7.0,15,in_bounds
2026-07-30 14:30:00+00:00,0,1.0,1.0,HB303,Clinton St & 7 St,18,2026-07-30,14,30,2026-07-30,-6.0,15,in_bounds
2026-07-30 14:45:00+00:00,0,0.0,0.0,HB303,Clinton St & 7 St,18,2026-07-30,14,45,2026-07-30,-6.0,15,in_bounds
2026-07-30 15:00:00+00:00,0,0.0,0.0,HB303,Clinton St & 7 St,18,2026-07-30,15,0,2026-07-30,-6.0,15,in_bounds
2026-07-30 15:15:00+00:00,0,0.0,0.0,HB303,Clinton St & 7 St,18,2026-07-30,15,15,2026-07-30,-6.0,15,in_bounds
2026-07-30 15:30:00+00:00,0,0.0,0.0,HB303,Clinton St & 7 St,18,2026-07-30,15,30,2026-07-30,-6.0,15,in_bounds
2026-07-30 15:45:00+00:00,0,0.0,0.0,HB303,Clinton St & 7 St,18,2026-07-30,15,45,2026-07-30,-6.0,15,in_bounds
2026-07-30 16:00:00+00:00,1,0.0,-1.0,HB303,Clinton St & 7 St,18,2026-07-30,16,0,2026-07-30,-7.0,15,in_bounds
2026-07-30 16:15:00+00:00,1,2.0,1.0,HB303,Clinton St & 7 St,18,2026-07-30,16,15,2026-07-30,-6.0,15,in_bounds
2026-07-30 16:30:00+00:00,0,4.0,4.0,HB303,Clinton St & 7 St,18,2026-07-30,16,30,2026-07-30,-2.0,15,in_bounds
2026-07-30 16:45:00+00:00,0,2.0,2.0,HB303,Clinton St & 7 St,18,2026-07-30,16,45,2026-07-30,0.0,15,in_bounds
2026-07-30 17:00:00+00:00,3,3.0,0.0,HB303,Clinton St & 7 St,18,2026-07-30,17,0,2026-07-30,0.0,15,in_bounds
2026-07-30 17:15:00+00:00,1,2.0,1.0,HB303,Clinton St & 7 St,18,2026-07-30,17,15,2026-07-30,1.0,15,in_bounds
2026-07-30 17:30:00+00:00,0,3.0,3.0,HB303,Clinton St & 7 St,18,2026-07-30,17,30,2026-07-30,4.0,15,over_capacity
2026-07-30 17:45:00+00:00,0,2.0,2.0,HB303,Clinton St & 7 St,18,2026-07-30,17,45,2026-07-30,6.0,15,over_capacity
2026-07-30 18:00:00+00:00,0,0.0,0.0,HB303,Clinton St & 7 St,18,2026-07-30,18,0,2026-07-30,6.0,15,over_capacity
2026-07-30 18:15:00+00:00,1,1.0,0.0,HB303,Clinton St & 7 St,18,2026-07-30,18,15,2026-07-30,6.0,15,over_capacity
2026-07-30 18:30:00+00:00,3,2.0,-1.0,HB303,Clinton St & 7 St,18,2026-07-30,18,30,2026-07-30,5.0,15,over_capacity
2026-07-30 18:45:00+00:00,1,2.0,1.0,HB303,Clinton St & 7 St,18,2026-07-30,18,45,2026-07-30,6.0,15,over_capacity
2026-07-30 19:00:00+00:00,0,2.0,2.0,HB303,Clinton St & 7 St,18,2026-07-30,19,0,2026-07-30,8.0,15,over_capacity
2026-07-30 19:15:00+00:00,3,2.0,-1.0,HB303,Clinton St & 7 St,18,2026-07-30,19,15,2026-07-30,7.0,15,over_capacity
2026-07-30 19:30:00+00:00,0,1.0,1.0,HB303,Clinton St & 7 St,18,2026-07-30,19,30,2026-07-30,8.0,15,over_capacity
2026-07-30 19:45:00+00:00,0,1.0,1.0,HB303,Clinton St & 7 St,18,2026-07-30,19,45,2026-07-30,9.0,15,over_capacity
2026-07-30 20:00:00+00:00,6,0.0,-6.0,HB303,Clinton St & 7 St,18,2026-07-30,20,0,2026-07-30,3.0,15,in_bounds
2026-07-30 20:15:00+00:00,0,0.0,0.0,HB303,Clinton St & 7 St,18,2026-07-30,20,15,2026-07-30,3.0,15,in_bounds
2026-07-30 20:30:00+00:00,2,0.0,-2.0,HB303,Clinton St & 7 St,18,2026-07-30,20,30,2026-07-30,1.0,15,in_bounds
2026-07-30 20:45:00+00:00,0,0.0,0.0,HB303,Clinton St & 7 St,18,2026-07-30,20,45,2026-07-30,1.0,15,in_bounds
2026-07-30 21:00:00+00:00,0,0.0,0.0,HB303,Clinton St & 7 St,18,2026-07-30,21,0,2026-07-30,1.0,15,in_bounds
2026-07-30 21:15:00+00:00,0,0.0,0.0,HB303,Clinton St & 7 St,18,2026-07-30,21,15,2026-07-30,1.0,15,in_bounds
2026-07-30 21:30:00+00:00,1,1.0,0.0,HB303,Clinton St & 7 St,18,2026-07-30,21,30,2026-07-30,1.0,15,in_bounds
2026-07-30 21:45:00+00:00,1,1.0,0.0,HB303,Clinton St & 7 St,18,2026-07-30,21,45,2026-07-30,1.0,15,in_bounds
2026-07-30 22:00:00+00:00,1,0.0,-1.0,HB303,Clinton St & 7 St,18,2026-07-30,22,0,2026-07-30,0.0,15,in_bounds
2026-07-30 22:15:00+00:00,1,0.0,-1.0,HB303,Clinton St & 7 St,18,2026-07-30,22,15,2026-07-30,-1.0,15,in_bounds
2026-07-30 22:30:00+00:00,2,0.0,-2.0,HB303,Clinton St & 7 St,18,2026-07-30,22,30,2026-07-30,-3.0,15,in_bounds
2026-07-30 22:45:00+00:00,0,0.0,0.0,HB303,Clinton St & 7 St,18,2026-07-30,22,45,2026-07-30,-3.0,15,in_bounds
2026-07-30 23:00:00+00:00,0,0.0,0.0,HB303,Clinton St & 7 St,18,2026-07-30,23,0,2026-07-30,-3.0,15,in_bounds
2026-07-30 23:15:00+00:00,0,0.0,0.0,HB303,Clinton St & 7 St,18,2026-07-30,23,15,2026-07-30,-3.0,15,in_bounds
2026-07-30 23:30:00+00:00,1,2.0,1.0,HB303,Clinton St & 7 St,18,2026-07-30,23,30,2026-07-30,-2.0,15,in_bounds
2026-07-30 23:45:00+00:00,3,0.0,-3.0,HB303,Clinton St & 7 St,18,2026-07-30,23,45,2026-07-30,-5.0,15,in_bounds
2026-07-31 00:00:00+00:00,0,0.0,0.0,HB303,Clinton St & 7 St,18,2026-07-31,0,0,2026-07-30,-5.0,15,in_bounds
2026-07-31 00:15:00+00:00,0,0.0,0.0,HB303,Clinton St & 7 St,18,2026-07-31,0,15,2026-07-30,-5.0,15,in_bounds
2026-07-31 00:30:00+00:00,0,0.0,0.0,HB303,Clinton St & 7 St,18,2026-07-31,0,30,2026-07-30,-5.0,15,in_bounds
2026-07-31 00:45:00+00:00,0,0.0,0.0,HB303,Clinton St & 7 St,18,2026-07-31,0,45,2026-07-30,-5.0,15,in_bounds
2026-07-31 01:00:00+00:00,0,0.0,0.0,HB303,Clinton St & 7 St,18,2026-07-31,1,0,2026-07-30,-5.0,15,in_bounds
2026-07-31 01:15:00+00:00,0,0.0,0.0,HB303,Clinton St & 7 St,18,2026-07-31,1,15,2026-07-30,-5.0,15,in_bounds
2026-07-31 01:30:00+00:00,0,0.0,0.0,HB303,Clinton St & 7 St,18,2026-07-31,1,30,2026-07-30,-5.0,15,in_bounds
2026-07-31 01:45:00+00:00,0,0.0,0.0,HB303,Clinton St & 7 St,18,2026-07-31,1,45,2026-07-30,-5.0,15,in_bounds
2026-07-31 02:00:00+00:00,0,0.0,0.0,HB303,Clinton St & 7 St,18,2026-07-31,2,0,2026-07-30,-5.0,15,in_bounds
2026-07-31 02:15:00+00:00,0,0.0,0.0,HB303,Clinton St & 7 St,18,2026-07-31,2,15,2026-07-30,-5.0,15,in_bounds
2026-07-31 02:30:00+00:00,0,0.0,0.0,HB303,Clinton St & 7 St,18,2026-07-31,2,30,2026-07-30,-5.0,15,in_bounds
2026-07-31 02:45:00+00:00,0,0.0,0.0,HB303,Clinton St & 7 St,18,2026-07-31,2,45,2026-07-30,-5.0,15,in_bounds
2026-07-31 03:00:00+00:00,0,0.0,0.0,HB303,Clinton St & 7 St,18,2026-07-31,3,0,2026-07-30,-5.0,15,in_bounds
2026-07-31 03:15:00+00:00,0,0.0,0.0,HB303,Clinton St & 7 St,18,2026-07-31,3,15,2026-07-30,-5.0,15,in_bounds
2026-07-31 03:30:00+00:00,0,0.0,0.0,HB303,Clinton St & 7 St,18,2026-07-31,3,30,2026-07-30,-5.0,15,in_bounds
2026-07-31 03:45:00+00:00,0,0.0,0.0,HB303,Clinton St & 7 St,18,2026-07-31,3,45,2026-07-30,-5.0,15,in_bounds
2026-07-31 04:00:00+00:00,0,0.0,0.0,HB303,Clinton St & 7 St,18,2026-07-31,4,0,2026-07-30,-5.0,15,in_bounds
2026-07-31 04:15:00+00:00,0,0.0,0.0,HB303,Clinton St & 7 St,18,2026-07-31,4,15,2026-07-30,-5.0,15,in_bounds
2026-07-31 04:30:00+00:00,0,0.0,0.0,HB303,Clinton St & 7 St,18,2026-07-31,4,30,2026-07-30,-5.0,15,in_bounds
2026-07-31 04:45:00+00:00,0,0.0,0.0,HB303,Clinton St & 7 St,18,2026-07-31,4,45,2026-07-30,-5.0,15,in_bounds
2026-07-31 05:00:00+00:00,0,0.0,0.0,HB303,Clinton St & 7 St,18,2026-07-31,5,0,2026-07-31,0.0,15,in_bounds
2026-07-31 05:15:00+00:00,0,0.0,0.0,HB303,Clinton St & 7 St,18,2026-07-31,5,15,2026-07-31,0.0,15,in_bounds
2026-07-31 05:30:00+00:00,0,0.0,0.0,HB303,Clinton St & 7 St,18,2026-07-31,5,30,2026-07-31,0.0,15,in_bounds
2026-07-31 05:45:00+00:00,0,1.0,1.0,HB303,Clinton St & 7 St,18,2026-07-31,5,45,2026-07-31,1.0,15,in_bounds
2026-07-31 06:00:00+00:00,1,0.0,-1.0,HB303,Clinton St & 7 St,18,2026-07-31,6,0,2026-07-31,0.0,15,in_bounds
2026-07-31 06:15:00+00:00,1,1.0,0.0,HB303,Clinton St & 7 St,18,2026-07-31,6,15,2026-07-31,0.0,15,in_bounds
2026-07-31 06:30:00+00:00,0,0.0,0.0,HB303,Clinton St & 7 St,18,2026-07-31,6,30,2026-07-31,0.0,15,in_bounds
2026-07-31 06:45:00+00:00,1,0.0,-1.0,HB303,Clinton St & 7 St,18,2026-07-31,6,45,2026-07-31,-1.0,15,in_bounds
2026-07-31 07:00:00+00:00,0,0.0,0.0,HB303,Clinton St & 7 St,18,2026-07-31,7,0,2026-07-31,-1.0,15,in_bounds
2026-07-31 07:15:00+00:00,0,0.0,0.0,HB303,Clinton St & 7 St,18,2026-07-31,7,15,2026-07-31,-1.0,15,in_bounds
2026-07-31 07:30:00+00:00,2,1.0,-1.0,HB303,Clinton St & 7 St,18,2026-07-31,7,30,2026-07-31,-2.0,15,in_bounds
2026-07-31 07:45:00+00:00,0,0.0,0.0,HB303,Clinton St & 7 St,18,2026-07-31,7,45,2026-07-31,-2.0,15,in_bounds
2026-07-31 08:00:00+00:00,0,2.0,2.0,HB303,Clinton St & 7 St,18,2026-07-31,8,0,2026-07-31,0.0,15,in_bounds
2026-07-31 08:15:00+00:00,1,0.0,-1.0,HB303,Clinton St & 7 St,18,2026-07-31,8,15,2026-07-31,-1.0,15,in_bounds
2026-07-31 08:30:00+00:00,2,2.0,0.0,HB303,Clinton St & 7 St,18,2026-07-31,8,30,2026-07-31,-1.0,15,in_bounds
2026-07-31 08:45:00+00:00,3,2.0,-1.0,HB303,Clinton St & 7 St,18,2026-07-31,8,45,2026-07-31,-2.0,15,in_bounds
2026-07-31 09:00:00+00:00,0,1.0,1.0,HB303,Clinton St & 7 St,18,2026-07-31,9,0,2026-07-31,-1.0,15,in_bounds
2026-07-31 09:15:00+00:00,0,0.0,0.0,HB303,Clinton St & 7 St,18,2026-07-31,9,15,2026-07-31,-1.0,15,in_bounds
2026-07-31 09:30:00+00:00,0,0.0,0.0,HB303,Clinton St & 7 St,18,2026-07-31,9,30,2026-07-31,-1.0,15,in_bounds
2026-07-31 09:45:00+00:00,0,2.0,2.0,HB303,Clinton St & 7 St,18,2026-07-31,9,45,2026-07-31,1.0,15,in_bounds
2026-07-31 10:00:00+00:00,0,0.0,0.0,HB303,Clinton St & 7 St,18,2026-07-31,10,0,2026-07-31,1.0,15,in_bounds
2026-07-31 10:15:00+00:00,0,1.0,1.0,HB303,Clinton St & 7 St,18,2026-07-31,10,15,2026-07-31,2.0,15,in_bounds
2026-07-31 10:30:00+00:00,0,0.0,0.0,HB303,Clinton St & 7 St,18,2026-07-31,10,30,2026-07-31,2.0,15,in_bounds
2026-07-31 10:45:00+00:00,1,0.0,-1.0,HB303,Clinton St & 7 St,18,2026-07-31,10,45,2026-07-31,1.0,15,in_bounds
2026-07-31 11:00:00+00:00,0,0.0,0.0,HB303,Clinton St & 7 St,18,2026-07-31,11,0,2026-07-31,1.0,15,in_bounds
2026-07-31 11:15:00+00:00,0,0.0,0.0,HB303,Clinton St & 7 St,18,2026-07-31,11,15,2026-07-31,1.0,15,in_bounds
2026-07-31 11:30:00+00:00,2,0.0,-2.0,HB303,Clinton St & 7 St,18,2026-07-31,11,30,2026-07-31,-1.0,15,in_bounds
2026-07-31 11:45:00+00:00,1,0.0,-1.0,HB303,Clinton St & 7 St,18,2026-07-31,11,45,2026-07-31,-2.0,15,in_bounds
2026-07-31 12:00:00+00:00,0,0.0,0.0,HB303,Clinton St & 7 St,18,2026-07-31,12,0,2026-07-31,-2.0,15,in_bounds
2026-07-31 12:15:00+00:00,0,0.0,0.0,HB303,Clinton St & 7 St,18,2026-07-31,12,15,2026-07-31,-2.0,15,in_bounds
2026-07-31 12:30:00+00:00,0,0.0,0.0,HB303,Clinton St & 7 St,18,2026-07-31,12,30,2026-07-31,-2.0,15,in_bounds
2026-07-31 12:45:00+00:00,0,0.0,0.0,HB303,Clinton St & 7 St,18,2026-07-31,12,45,2026-07-31,-2.0,15,in_bounds
2026-07-31 13:00:00+00:00,0,1.0,1.0,HB303,Clinton St & 7 St,18,2026-07-31,13,0,2026-07-31,-1.0,15,in_bounds
2026-07-31 13:15:00+00:00,0,1.0,1.0,HB303,Clinton St & 7 St,18,2026-07-31,13,15,2026-07-31,0.0,15,in_bounds
2026-07-31 13:30:00+00:00,0,0.0,0.0,HB303,Clinton St & 7 St,18,2026-07-31,13,30,2026-07-31,0.0,15,in_bounds
2026-07-31 13:45:00+00:00,2,1.0,-1.0,HB303,Clinton St & 7 St,18,2026-07-31,13,45,2026-07-31,-1.0,15,in_bounds
2026-07-31 14:00:00+00:00,0,0.0,0.0,HB303,Clinton St & 7 St,18,2026-07-31,14,0,2026-07-31,-1.0,15,in_bounds
2026-07-31 14:15:00+00:00,0,2.0,2.0,HB303,Clinton St & 7 St,18,2026-07-31,14,15,2026-07-31,1.0,15,in_bounds
2026-07-31 14:30:00+00:00,2,1.0,-1.0,HB303,Clinton St & 7 St,18,2026-07-31,14,30,2026-07-31,0.0,15,in_bounds
2026-07-31 14:45:00+00:00,0,2.0,2.0,HB303,Clinton St & 7 St,18,2026-07-31,14,45,2026-07-31,2.0,15,in_bounds
2026-07-31 15:00:00+00:00,1,0.0,-1.0,HB303,Clinton St & 7 St,18,2026-07-31,15,0,2026-07-31,1.0,15,in_bounds
2026-07-31 15:15:00+00:00,0,0.0,0.0,HB303,Clinton St & 7 St,18,2026-07-31,15,15,2026-07-31,1.0,15,in_bounds
2026-07-31 15:30:00+00:00,1,0.0,-1.0,HB303,Clinton St & 7 St,18,2026-07-31,15,30,2026-07-31,0.0,15,in_bounds
2026-07-31 15:45:00+00:00,1,0.0,-1.0,HB303,Clinton St & 7 St,18,2026-07-31,15,45,2026-07-31,-1.0,15,in_bounds
2026-07-31 16:00:00+00:00,0,0.0,0.0,HB303,Clinton St & 7 St,18,2026-07-31,16,0,2026-07-31,-1.0,15,in_bounds
2026-07-31 16:15:00+00:00,0,0.0,0.0,HB303,Clinton St & 7 St,18,2026-07-31,16,15,2026-07-31,-1.0,15,in_bounds
2026-07-31 16:30:00+00:00,0,2.0,2.0,HB303,Clinton St & 7 St,18,2026-07-31,16,30,2026-07-31,1.0,15,in_bounds
2026-07-31 16:45:00+00:00,1,1.0,0.0,HB303,Clinton St & 7 St,18,2026-07-31,16,45,2026-07-31,1.0,15,in_bounds
2026-07-31 17:00:00+00:00,1,2.0,1.0,HB303,Clinton St & 7 St,18,2026-07-31,17,0,2026-07-31,2.0,15,in_bounds
2026-07-31 17:15:00+00:00,0,1.0,1.0,HB303,Clinton St & 7 St,18,2026-07-31,17,15,2026-07-31,3.0,15,in_bounds
2026-07-31 17:30:00+00:00,2,3.0,1.0,HB303,Clinton St & 7 St,18,2026-07-31,17,30,2026-07-31,4.0,15,over_capacity
2026-07-31 17:45:00+00:00,0,1.0,1.0,HB303,Clinton St & 7 St,18,2026-07-31,17,45,2026-07-31,5.0,15,over_capacity
2026-07-31 18:00:00+00:00,2,0.0,-2.0,HB303,Clinton St & 7 St,18,2026-07-31,18,0,2026-07-31,3.0,15,in_bounds
2026-07-31 18:15:00+00:00,2,2.0,0.0,HB303,Clinton St & 7 St,18,2026-07-31,18,15,2026-07-31,3.0,15,in_bounds
2026-07-31 18:30:00+00:00,0,1.0,1.0,HB303,Clinton St & 7 St,18,2026-07-31,18,30,2026-07-31,4.0,15,over_capacity
2026-07-31 18:45:00+00:00,0,1.0,1.0,HB303,Clinton St & 7 St,18,2026-07-31,18,45,2026-07-31,5.0,15,over_capacity
2026-07-31 19:00:00+00:00,1,1.0,0.0,HB303,Clinton St & 7 St,18,2026-07-31,19,0,2026-07-31,5.0,15,over_capacity
2026-07-31 19:15:00+00:00,0,1.0,1.0,HB303,Clinton St & 7 St,18,2026-07-31,19,15,2026-07-31,6.0,15,over_capacity
2026-07-31 19:30:00+00:00,3,0.0,-3.0,HB303,Clinton St & 7 St,18,2026-07-31,19,30,2026-07-31,3.0,15,in_bounds
2026-07-31 19:45:00+00:00,0,0.0,0.0,HB303,Clinton St & 7 St,18,2026-07-31,19,45,2026-07-31,3.0,15,in_bounds
2026-07-31 20:00:00+00:00,1,1.0,0.0,HB303,Clinton St & 7 St,18,2026-07-31,20,0,2026-07-31,3.0,15,in_bounds
2026-07-31 20:15:00+00:00,0,0.0,0.0,HB303,Clinton St & 7 St,18,2026-07-31,20,15,2026-07-31,3.0,15,in_bounds
2026-07-31 20:30:00+00:00,0,0.0,0.0,HB303,Clinton St & 7 St,18,2026-07-31,20,30,2026-07-31,3.0,15,in_bounds
2026-07-31 20:45:00+00:00,1,0.0,-1.0,HB303,Clinton St & 7 St,18,2026-07-31,20,45,2026-07-31,2.0,15,in_bounds
2026-07-31 21:00:00+00:00,0,0.0,0.0,HB303,Clinton St & 7 St,18,2026-07-31,21,0,2026-07-31,2.0,15,in_bounds
2026-07-31 21:15:00+00:00,0,1.0,1.0,HB303,Clinton St & 7 St,18,2026-07-31,21,15,2026-07-31,3.0,15,in_bounds
2026-07-31 21:30:00+00:00,1,0.0,-1.0,HB303,Clinton St & 7 St,18,2026-07-31,21,30,2026-07-31,2.0,15,in_bounds
2026-07-31 21:45:00+00:00,0,0.0,0.0,HB303,Clinton St & 7 St,18,2026-07-31,21,45,2026-07-31,2.0,15,in_bounds
2026-07-31 22:00:00+00:00,1,0.0,-1.0,HB303,Clinton St & 7 St,18,2026-07-31,22,0,2026-07-31,1.0,15,in_bounds
2026-07-31 22:15:00+00:00,0,0.0,0.0,HB303,Clinton St & 7 St,18,2026-07-31,22,15,2026-07-31,1.0,15,in_bounds
2026-07-31 22:30:00+00:00,0,2.0,2.0,HB303,Clinton St & 7 St,18,2026-07-31,22,30,2026-07-31,3.0,15,in_bounds
2026-07-31 22:45:00+00:00,0,1.0,1.0,HB303,Clinton St & 7 St,18,2026-07-31,22,45,2026-07-31,4.0,15,over_capacity
2026-07-31 23:00:00+00:00,0,0.0,0.0,HB303,Clinton St & 7 St,18,2026-07-31,23,0,2026-07-31,4.0,15,over_capacity
2026-07-31 23:15:00+00:00,2,0.0,-2.0,HB303,Clinton St & 7 St,18,2026-07-31,23,15,2026-07-31,2.0,15,in_bounds
2026-07-31 23:30:00+00:00,0,1.0,1.0,HB303,Clinton St & 7 St,18,2026-07-31,23,30,2026-07-31,3.0,15,in_bounds
2026-07-31 23:45:00+00:00,1,0.0,-1.0,HB303,Clinton St & 7 St,18,2026-07-31,23,45,2026-07-31,2.0,15,in_bounds
